ID,Prefecture,Region,Annee,Population,Acces_Eau_Potable_Pct,Nb_Centres_Sante,Nb_Medecins,Nb_Infirmiers,Nb_Lits,Taux_Vaccination_Pct,Mortalite_Maternelle,Mortalite_Infantile,Cas_Palu,Cas_Cholera,Cas_Covid,Nb_Urgences,Satisfaction_Moyenne,Zone_Urgence
1,Tône,Savanes,2023,388775,65.36,26,51,225,141,67.99,321,48,5274,164,676,55,2.74,1
2,Wawa,Plateaux,2022,101300,56.58,11,66,65,276,80.78,252,105,822,241,1630,10,3.16,1
3,Kozah,Kara,2021,283738,67.95,2,31,40,531,55.96,246,36,5648,201,313,36,4.3,1
4,Bas-Mono,Maritime,2022,95380,93.24,16,75,298,71,89.54,298,20,5862,233,540,78,2.79,1
5,Assoli,Kara,2020,66492,40.42,13,7,224,268,65.79,237,113,5517,207,1600,78,2.74,1
6,Akébou,Plateaux,2022,73188,50.34,17,86,28,184,60.74,302,83,4893,172,1485,58,4.26,1
7,Kozah,Kara,2022,283738,48.98,30,67,294,348,50.83,180,101,1925,13,1810,57,2.97,1
8,Assoli,Kara,2021,66492,61.75,20,77,128,88,61.22,197,24,1636,114,538,77,4.67,0
9,Tandjoaré,Savanes,2020,35537,72.11,3,6,115,457,55.39,313,109,2103,241,1806,56,4.63,1
10,Ogou,Plateaux,2020,253467,91.88,18,27,40,62,91.79,56,106,2227,274,96,21,3.14,1
11,Kpélé,Plateaux,2020,81620,90.14,7,42,193,109,84.47,116,73,3167,161,1307,69,3.1,0
12,Danyi,Plateaux,2022,40240,86.51,29,23,216,275,71.17,72,41,3851,129,697,22,4.67,0
13,Akébou,Plateaux,2023,73188,53.27,28,6,268,340,50.19,266,29,5678,243,1121,64,2.77,1
14,Zio,Maritime,2020,500032,62.62,13,84,108,536,59.52,191,59,4838,225,935,22,3.86,1
15,Tandjoaré,Savanes,2022,35537,52.47,27,71,150,295,50.44,174,79,5854,94,442,1,4.71,1
16,Est-Mono,Plateaux,2022,164460,51.74,9,52,34,314,82.55,328,109,1299,150,878,8,4.42,1
17,Haho,Plateaux,2020,305096,83.13,20,93,113,150,86.07,292,81,2557,70,1499,26,3.36,1
18,Avé,Maritime,2022,111214,93.51,28,13,178,289,93.49,380,20,2098,46,922,45,3.82,0
19,Golfe,Maritime,2021,1305681,56.86,16,25,174,67,60.39,343,45,554,112,1126,16,2.83,1
20,Moyen-Mono,Plateaux,2021,90505,86.5,26,91,204,586,88.76,308,93,4324,58,1142,48,3.37,1
21,Agoè-Nyivé,Maritime,2022,882695,83.0,24,89,265,594,67.35,237,34,3333,231,1836,79,4.34,0
22,Yoto,Maritime,2021,174451,85.69,12,23,271,213,57.58,54,93,5840,164,643,41,2.73,1
23,Bassar,Kara,2022,152038,63.96,2,8,164,508,62.21,228,81,1896,93,1024,64,2.91,1
24,Tchaoudjo,Centrale,2021,240360,45.93,28,24,232,163,58.29,231,67,4705,235,1749,36,4.19,1
25,Kpendjal-Ouest,Savanes,2021,120285,92.41,12,69,50,289,81.53,295,80,5454,235,1316,5,4.41,1
26,Lacs,Maritime,2020,241207,77.52,6,39,228,161,86.02,237,90,5533,278,1135,63,3.18,1
27,Kéran,Kara,2023,123138,72.75,22,49,114,385,62.86,188,50,3734,267,694,12,2.65,0
28,Kéran,Kara,2022,123138,62.21,2,69,62,151,64.59,397,97,2547,62,136,57,3.67,1
29,Zio,Maritime,2022,500032,65.99,29,47,277,227,73.26,149,82,3810,101,482,42,3.6,1
30,Avé,Maritime,2022,111214,80.73,5,29,278,582,80.87,228,53,2097,33,774,77,4.39,0
31,Lacs,Maritime,2020,241207,91.36,20,88,80,74,66.31,209,20,1131,30,1193,67,3.77,0
32,Cinkassé,Savanes,2022,173987,49.62,11,92,185,360,91.67,318,99,3188,131,4,58,4.12,1
33,Haho,Plateaux,2021,305096,60.93,22,34,257,138,95.04,76,39,1416,299,154,28,3.09,0
34,Lacs,Maritime,2023,241207,47.76,29,61,149,100,81.54,254,34,3680,202,736,65,3.52,1
35,Agou,Plateaux,2022,85793,62.35,7,70,157,469,90.99,113,36,1487,17,938,40,3.66,0
36,Vo,Maritime,2023,224411,57.43,17,53,195,414,89.77,94,117,3173,264,1049,32,4.57,1
37,Binah,Kara,2021,84739,76.78,11,79,107,397,62.58,175,76,5502,131,1659,64,3.51,1
38,Tandjoaré,Savanes,2022,35537,52.92,9,86,266,436,60.76,311,68,2134,3,643,8,4.57,1
39,Kéran,Kara,2023,123138,91.89,14,68,299,62,67.0,244,111,4460,200,1490,24,3.32,1
40,Kéran,Kara,2021,123138,58.35,25,19,126,340,85.39,232,68,547,240,1217,50,3.0,1
41,Mô,Centrale,2023,52448,57.65,26,74,128,165,61.29,237,32,5608,36,1672,33,4.41,1
42,Tchaoudjo,Centrale,2020,240360,83.89,30,86,92,319,64.95,324,46,4362,46,752,21,4.65,1
43,Haho,Plateaux,2021,305096,59.24,3,76,209,270,63.2,234,42,4488,282,443,6,2.75,1
44,Cinkassé,Savanes,2022,173987,52.15,4,75,201,382,51.55,62,98,5396,256,631,61,2.56,1
45,Agoè-Nyivé,Maritime,2020,882695,62.1,24,22,195,52,68.94,52,76,5960,108,1629,21,4.5,1
46,Amou,Plateaux,2021,110948,76.58,13,90,72,90,52.03,88,43,1616,87,688,70,3.23,0
47,Golfe,Maritime,2022,1305681,54.87,24,57,203,418,81.3,338,88,5944,98,1296,36,4.23,1
48,Anié,Plateaux,2022,177188,60.16,27,94,91,201,72.56,113,28,4171,23,428,54,3.49,1
49,Zio,Maritime,2021,500032,68.12,25,20,107,214,88.66,136,59,3456,69,1441,2,3.22,0
50,Kéran,Kara,2020,123138,48.82,10,11,64,202,64.55,120,33,2144,249,957,53,4.49,1
51,Haho,Plateaux,2021,305096,53.22,30,50,50,420,88.54,145,37,1367,290,1965,27,2.7,1
52,Avé,Maritime,2020,111214,45.22,28,100,195,205,95.91,166,100,3029,125,1686,16,2.8,1
53,Agoè-Nyivé,Maritime,2023,882695,67.02,28,84,292,540,61.93,395,93,2095,148,1216,72,3.43,1
54,Dankpen,Kara,2021,184632,51.34,20,97,228,546,64.41,278,97,2498,92,1487,75,3.9,1
55,Bas-Mono,Maritime,2021,95380,63.43,22,33,277,239,53.89,110,81,3170,224,934,18,2.73,1
56,Bas-Mono,Maritime,2021,95380,82.52,2,19,84,562,79.15,163,69,266,85,1709,34,3.42,0
57,Lacs,Maritime,2020,241207,42.72,6,44,187,254,68.09,262,96,4447,174,411,17,2.71,1
58,Haho,Plateaux,2023,305096,69.65,18,68,208,102,64.71,146,80,3566,33,711,74,4.8,0
59,Agou,Plateaux,2020,85793,90.97,17,17,263,417,84.78,130,71,416,277,1823,59,2.58,0
60,Mô,Centrale,2020,52448,90.42,26,7,107,319,64.19,365,85,397,5,1277,44,4.1,1
61,Golfe,Maritime,2023,1305681,91.45,19,70,97,173,93.14,103,64,281,89,796,48,3.81,0
62,Golfe,Maritime,2022,1305681,43.75,25,5,252,157,91.42,345,22,4429,207,1265,12,2.72,1
63,Wawa,Plateaux,2020,101300,80.86,29,42,246,245,95.82,373,109,1540,148,543,75,2.66,1
64,Tchaoudjo,Centrale,2022,240360,59.82,21,28,199,297,71.75,245,112,2949,87,714,45,2.98,1
65,Mô,Centrale,2023,52448,88.14,21,74,225,55,63.52,248,43,441,248,851,38,3.33,0
66,Wawa,Plateaux,2023,101300,88.99,11,82,138,128,95.02,189,33,1338,221,1968,3,4.16,0
67,Kloto,Plateaux,2022,145985,72.23,28,27,182,551,57.41,58,39,3414,202,289,28,3.49,0
68,Agoè-Nyivé,Maritime,2020,882695,91.5,20,65,197,390,71.68,211,69,1631,53,1767,57,3.5,0
69,Danyi,Plateaux,2021,40240,81.03,5,91,289,76,86.75,121,72,5672,100,387,62,2.61,1
70,Oti-Sud,Savanes,2020,150806,63.02,17,27,173,149,75.16,79,44,2087,238,1898,57,3.87,0
71,Kpélé,Plateaux,2022,81620,66.95,22,40,236,129,50.13,146,75,5436,262,354,25,3.19,1
72,Tchamba,Centrale,2021,200585,59.29,15,63,213,453,81.38,118,97,218,13,379,58,3.24,1
73,Agou,Plateaux,2021,85793,75.53,9,9,254,199,67.18,201,25,5200,155,35,39,3.55,1
74,Doufelgou,Kara,2020,87588,45.09,23,22,214,147,50.37,155,25,1167,181,909,45,2.61,1
75,Blitta,Centrale,2021,218753,57.12,14,41,186,580,85.89,295,37,2227,233,1323,55,3.75,1
76,Ogou,Plateaux,2023,253467,43.11,16,48,68,401,89.43,145,66,355,247,1471,41,3.21,1
77,Bas-Mono,Maritime,2023,95380,67.26,30,14,88,240,58.29,322,110,4642,154,601,78,2.9,1
78,Kpélé,Plateaux,2020,81620,56.35,18,97,184,287,62.58,374,28,5332,216,1358,47,3.56,1
79,Binah,Kara,2021,84739,66.36,29,93,92,133,60.56,332,107,1281,209,1974,72,2.96,1
80,Binah,Kara,2020,84739,90.49,23,48,201,171,73.2,113,76,1892,176,1071,67,2.61,0
81,Kpendjal-Ouest,Savanes,2023,120285,65.38,19,82,126,95,62.66,249,65,920,101,672,38,4.35,0
82,Kpendjal,Savanes,2020,150806,67.79,18,18,68,205,78.02,100,61,398,131,1055,41,2.79,0
83,Mô,Centrale,2021,52448,91.68,13,17,196,542,67.88,99,70,1784,138,178,47,3.22,0
84,Oti-Sud,Savanes,2023,150806,63.87,7,99,233,509,97.37,215,60,3311,221,597,77,2.91,0
85,Oti,Savanes,2020,123324,51.02,29,22,276,556,93.7,373,98,962,157,883,16,3.01,1
86,Kpendjal-Ouest,Savanes,2021,120285,83.81,18,100,227,342,77.18,211,110,3994,79,706,33,4.47,1
87,Binah,Kara,2023,84739,55.37,24,46,27,204,77.57,160,118,1715,6,533,77,2.85,1
88,Bas-Mono,Maritime,2020,95380,83.02,10,95,200,307,90.05,144,76,3636,90,969,0,3.35,0
89,Doufelgou,Kara,2021,87588,81.0,17,27,170,523,50.5,351,30,4857,269,1851,47,2.68,1
90,Zio,Maritime,2022,500032,92.47,28,56,23,346,60.25,229,105,378,249,530,14,3.7,1
91,Kpendjal-Ouest,Savanes,2023,120285,79.38,25,31,40,520,73.85,188,40,1894,221,557,68,4.19,0
92,Zio,Maritime,2023,500032,64.14,6,6,249,222,78.92,155,103,948,38,272,17,3.81,1
93,Haho,Plateaux,2021,305096,67.88,2,74,177,132,81.35,215,49,4353,165,292,76,4.42,1
94,Oti,Savanes,2023,123324,78.74,26,10,170,384,69.07,283,32,5269,112,1179,11,3.59,1
95,Avé,Maritime,2023,111214,62.87,14,33,158,173,97.22,276,91,637,204,1846,66,3.19,1
96,Tône,Savanes,2023,388775,72.47,20,30,277,562,78.34,395,80,4377,40,637,71,2.96,1
97,Wawa,Plateaux,2021,101300,92.74,21,64,123,457,56.37,134,42,4186,158,241,23,3.3,1
98,Avé,Maritime,2021,111214,45.27,2,82,85,397,94.33,330,67,2106,91,1981,36,4.48,1
99,Bas-Mono,Maritime,2022,95380,89.3,14,65,205,271,62.43,352,100,3781,130,1026,31,3.69,1
100,Mô,Centrale,2023,52448,41.92,12,98,160,232,54.65,117,20,3106,77,853,38,4.17,1
101,Blitta,Centrale,2022,218753,74.42,25,54,227,197,57.91,141,49,689,116,1375,29,3.44,0
102,Doufelgou,Kara,2023,87588,78.83,10,99,236,229,97.42,236,88,4503,27,1403,72,3.52,1
103,Avé,Maritime,2020,111214,59.19,16,10,299,200,81.56,80,65,5432,240,1487,45,3.4,1
104,Akébou,Plateaux,2022,73188,85.71,16,78,120,595,86.5,310,31,3149,2,11,25,3.46,0
105,Tandjoaré,Savanes,2022,35537,70.49,4,36,200,497,54.17,391,94,5353,194,530,11,4.52,1
106,Bas-Mono,Maritime,2020,95380,48.1,15,46,45,261,88.72,293,109,1990,100,1920,35,3.54,1
107,Sotouboua,Centrale,2022,141404,77.41,21,94,270,398,81.03,279,30,1676,160,657,54,3.71,0
108,Tône,Savanes,2022,388775,86.79,11,20,161,365,76.13,135,114,787,152,1667,20,4.22,1
109,Kpendjal,Savanes,2022,150806,49.01,13,9,175,282,91.85,262,27,1810,123,1479,6,3.03,1
110,Blitta,Centrale,2022,218753,59.27,30,74,146,158,60.55,288,81,1736,173,1209,4,3.2,1
111,Avé,Maritime,2020,111214,44.94,8,6,229,416,97.02,86,72,4645,298,353,35,3.45,1
112,Amou,Plateaux,2020,110948,80.96,28,59,118,489,83.61,288,68,2389,260,1288,44,3.05,0
113,Doufelgou,Kara,2020,87588,65.21,8,18,112,159,67.1,154,60,4973,33,1570,61,3.7,1
114,Cinkassé,Savanes,2023,173987,82.8,19,88,223,520,97.64,259,78,1446,266,428,62,4.14,0
115,Haho,Plateaux,2023,305096,76.88,5,40,36,105,66.86,117,94,4803,54,734,0,3.75,1
116,Ogou,Plateaux,2022,253467,60.39,13,69,274,436,62.12,387,82,4428,17,252,78,3.42,1
117,Vo,Maritime,2020,224411,67.38,3,91,174,481,77.17,228,59,3701,210,1449,14,3.66,0
118,Haho,Plateaux,2021,305096,88.92,11,33,200,63,85.44,328,34,4611,202,785,63,3.88,1
119,Dankpen,Kara,2022,184632,65.65,29,26,145,415,75.81,308,111,3523,248,1567,38,3.27,1
120,Agoè-Nyivé,Maritime,2023,882695,77.56,2,51,184,396,59.95,147,119,345,288,262,80,4.34,1
121,Dankpen,Kara,2020,184632,48.25,23,16,105,60,58.56,119,82,638,223,1037,62,4.79,1
122,Kozah,Kara,2023,283738,51.81,8,41,290,128,63.58,392,57,1593,275,1383,50,3.85,1
123,Oti-Sud,Savanes,2021,150806,51.77,10,56,256,396,68.98,226,70,249,20,1089,12,2.53,1
124,Ogou,Plateaux,2022,253467,44.52,29,12,271,117,50.38,131,77,259,66,844,74,2.93,1
125,Vo,Maritime,2022,224411,55.88,25,26,235,208,77.24,226,53,3167,177,1111,22,4.37,1
126,Kpélé,Plateaux,2020,81620,63.45,7,29,24,324,66.15,300,67,5736,140,44,34,4.53,1
127,Golfe,Maritime,2023,1305681,46.04,30,87,257,316,80.4,230,83,3814,233,1863,79,4.37,1
128,Amou,Plateaux,2022,110948,82.9,22,42,146,121,80.79,86,31,1425,76,270,32,2.72,0
129,Wawa,Plateaux,2021,101300,55.24,8,30,105,535,97.39,247,59,4584,280,568,49,3.8,1
130,Tchamba,Centrale,2022,200585,87.38,4,56,254,449,76.01,133,79,5718,101,653,19,3.24,1
131,Tchaoudjo,Centrale,2020,240360,91.35,21,5,195,92,93.25,391,41,2415,298,958,28,3.47,0
132,Bassar,Kara,2023,152038,42.01,12,59,163,161,74.69,364,48,486,187,522,45,3.14,1
133,Kéran,Kara,2022,123138,48.71,11,76,235,407,90.94,278,115,1464,11,765,6,4.77,1
134,Dankpen,Kara,2020,184632,45.12,24,16,160,205,90.17,334,85,4027,29,1332,73,4.71,1
135,Bassar,Kara,2021,152038,75.38,17,77,254,467,80.75,125,62,911,103,1225,40,3.13,0
136,Agoè-Nyivé,Maritime,2020,882695,69.45,29,74,292,240,89.56,245,106,3777,91,1907,41,4.15,1
137,Kpendjal-Ouest,Savanes,2021,120285,51.84,9,29,256,134,80.64,195,43,3964,95,835,71,2.87,1
138,Ogou,Plateaux,2020,253467,63.43,3,36,104,172,60.88,360,104,203,237,1027,65,4.56,1
139,Agoè-Nyivé,Maritime,2021,882695,79.2,27,79,175,339,68.48,156,116,4650,287,310,54,4.44,1
140,Bassar,Kara,2021,152038,77.3,17,12,86,580,71.25,83,38,5699,27,899,13,4.37,1
141,Tandjoaré,Savanes,2023,35537,52.71,6,80,232,576,52.59,61,26,4445,296,908,63,2.97,1
142,Kpendjal,Savanes,2020,150806,69.11,8,24,83,371,71.71,288,115,1772,148,1236,67,2.96,1
143,Agoè-Nyivé,Maritime,2020,882695,93.61,28,6,194,231,71.55,249,73,5692,136,128,17,2.94,1
144,Moyen-Mono,Plateaux,2023,90505,43.29,26,15,55,284,90.41,176,39,2789,163,504,77,3.85,1
145,Agoè-Nyivé,Maritime,2022,882695,57.03,6,91,219,239,53.49,118,73,5238,25,1345,31,2.7,1
146,Zio,Maritime,2021,500032,69.9,13,80,167,582,51.51,257,91,5559,7,1429,11,2.61,1
147,Kloto,Plateaux,2021,145985,63.88,12,96,45,172,94.71,78,36,5442,195,1656,66,2.97,1
148,Tchamba,Centrale,2021,200585,76.8,5,78,141,572,71.92,235,59,5917,10,1735,34,3.34,1
149,Golfe,Maritime,2020,1305681,65.27,8,99,133,400,59.89,143,23,5277,51,903,20,2.8,1
150,Kpélé,Plateaux,2022,81620,80.95,12,9,163,218,78.86,209,99,4982,44,119,44,2.95,1
151,Yoto,Maritime,2022,174451,64.2,12,36,269,204,51.9,167,97,1922,64,1730,25,2.73,1
152,Tandjoaré,Savanes,2023,35537,44.79,5,53,161,265,73.31,271,69,3435,250,874,65,4.54,1
153,Kloto,Plateaux,2020,145985,56.84,10,37,141,323,54.36,359,22,5778,164,614,57,4.6,1
154,Bassar,Kara,2020,152038,61.99,25,55,143,150,89.72,334,84,2544,206,25,11,3.65,1
155,Kpendjal,Savanes,2020,150806,72.0,17,38,218,439,97.99,321,29,1887,216,1671,14,3.47,0
156,Danyi,Plateaux,2023,40240,58.57,14,11,33,431,77.68,209,82,1340,296,1037,75,2.55,1
157,Golfe,Maritime,2021,1305681,63.38,11,5,230,106,52.69,301,74,1774,71,1907,1,3.69,0
158,Danyi,Plateaux,2022,40240,60.87,10,19,157,311,61.33,181,81,279,27,242,48,3.06,1
159,Haho,Plateaux,2021,305096,52.34,21,46,94,410,72.19,383,102,5771,198,1110,44,2.78,1
160,Kozah,Kara,2020,283738,88.79,20,83,255,390,64.26,321,28,5075,23,804,20,3.3,1
161,Golfe,Maritime,2023,1305681,85.58,27,60,261,568,90.39,86,102,4911,139,1681,66,2.95,1
162,Oti-Sud,Savanes,2022,150806,87.0,22,59,130,421,50.78,255,63,2352,205,199,74,4.64,0
163,Kloto,Plateaux,2022,145985,86.07,9,95,295,368,64.57,368,108,5936,18,1990,6,4.53,1
164,Kozah,Kara,2023,283738,44.92,6,13,206,384,86.05,211,29,5417,7,371,66,4.1,1
165,Binah,Kara,2022,84739,78.27,25,86,165,226,82.32,222,38,5597,63,429,3,4.68,1
166,Tandjoaré,Savanes,2022,35537,67.67,29,22,179,472,80.47,264,67,4359,7,1369,41,3.89,1
167,Haho,Plateaux,2023,305096,92.83,28,76,224,107,92.78,57,73,1623,70,1167,62,4.45,0
168,Kpélé,Plateaux,2021,81620,72.93,12,23,247,270,95.62,64,92,943,170,720,23,3.36,1
169,Haho,Plateaux,2021,305096,44.66,14,100,68,267,67.57,118,53,986,132,94,50,4.04,1
170,Tône,Savanes,2020,388775,44.1,18,72,100,250,85.33,132,34,2853,6,255,38,3.83,1
171,Agou,Plateaux,2021,85793,69.24,19,9,176,98,54.65,195,114,521,229,1675,45,3.31,1
172,Assoli,Kara,2023,66492,45.71,25,33,141,583,90.37,77,110,5765,129,278,15,3.45,1
173,Moyen-Mono,Plateaux,2023,90505,69.29,17,50,22,582,86.38,370,22,3885,88,365,42,3.62,0
174,Amou,Plateaux,2023,110948,78.05,19,72,91,313,65.76,268,59,4197,253,395,49,3.31,1
175,Assoli,Kara,2023,66492,45.0,19,64,33,255,58.94,300,55,4388,94,1245,56,4.1,1
176,Kozah,Kara,2020,283738,54.14,6,35,69,274,50.62,219,21,5224,151,232,48,3.31,1
177,Mô,Centrale,2023,52448,63.26,24,37,159,272,94.85,372,53,2165,51,1143,44,3.67,0
178,Tchamba,Centrale,2022,200585,59.17,3,28,229,372,95.54,370,27,2567,73,1125,19,3.33,1
179,Tandjoaré,Savanes,2021,35537,48.63,9,58,172,578,67.48,395,21,4454,236,1321,63,4.24,1
180,Ogou,Plateaux,2020,253467,70.17,28,40,219,123,90.95,326,65,1927,104,1226,13,4.03,0
181,Tchaoudjo,Centrale,2020,240360,58.04,11,90,196,247,68.27,166,71,3223,47,1731,69,3.38,1
182,Est-Mono,Plateaux,2020,164460,90.23,19,41,166,189,78.52,158,54,3864,276,180,54,2.53,0
183,Tchamba,Centrale,2022,200585,69.44,29,65,156,287,74.41,103,119,843,185,321,5,3.23,1
184,Agou,Plateaux,2022,85793,50.64,13,70,285,167,82.67,164,25,3321,177,755,52,3.07,1
185,Assoli,Kara,2021,66492,52.7,10,82,216,450,61.99,300,84,2289,206,1440,73,3.69,1
186,Est-Mono,Plateaux,2021,164460,68.13,28,11,182,219,76.05,255,101,1389,193,621,75,3.91,1
187,Ogou,Plateaux,2023,253467,87.1,28,41,218,90,55.32,69,89,2088,7,1748,66,3.75,1
188,Avé,Maritime,2022,111214,60.73,9,47,190,326,77.38,229,61,2924,17,580,55,3.49,0
189,Tchamba,Centrale,2021,200585,67.24,8,14,63,220,60.53,271,71,5017,200,868,38,3.17,1
190,Yoto,Maritime,2021,174451,76.36,14,90,76,475,73.3,352,40,4327,189,708,75,2.57,1
191,Kozah,Kara,2021,283738,69.09,2,26,198,343,61.86,213,98,2423,184,603,76,3.2,1
192,Kéran,Kara,2020,123138,84.4,18,34,160,152,74.23,383,26,239,204,441,41,3.84,0
193,Wawa,Plateaux,2020,101300,69.04,13,21,47,418,63.25,201,102,4603,48,261,42,3.61,1
194,Kpendjal-Ouest,Savanes,2022,120285,71.82,29,71,59,419,58.79,260,67,2678,76,511,58,2.64,0
195,Zio,Maritime,2021,500032,86.51,11,68,142,570,94.58,177,30,4641,139,1121,46,4.05,1
196,Kloto,Plateaux,2021,145985,41.93,17,83,55,92,67.07,190,48,4434,78,652,71,2.8,1
197,Kpendjal-Ouest,Savanes,2020,120285,67.62,28,69,36,153,52.54,165,110,1241,183,165,40,2.69,1
198,Bassar,Kara,2021,152038,80.92,14,54,225,491,66.37,167,94,299,292,1009,54,3.32,1
199,Tône,Savanes,2021,388775,51.1,20,6,108,246,92.23,112,56,460,54,1623,16,3.74,1
200,Kpélé,Plateaux,2020,81620,53.37,18,98,173,183,85.01,91,46,983,108,1720,31,4.31,1
201,Bassar,Kara,2023,152038,87.2,19,92,199,152,92.18,287,112,4205,10,735,5,3.47,1
202,Est-Mono,Plateaux,2020,164460,41.86,6,53,104,514,61.53,317,112,1501,48,1962,61,3.27,1
203,Akébou,Plateaux,2021,73188,81.16,7,24,61,422,80.01,260,63,2304,148,851,19,4.13,0
204,Tandjoaré,Savanes,2021,35537,68.92,23,41,78,480,97.79,122,113,5054,242,45,79,3.71,1
205,Kozah,Kara,2022,283738,91.63,5,82,210,325,91.3,337,88,662,265,1149,3,4.06,1
206,Zio,Maritime,2023,500032,72.8,22,88,139,219,76.63,298,118,1315,246,1089,71,4.45,1
207,Kloto,Plateaux,2022,145985,51.19,22,91,270,192,85.38,376,106,3159,140,176,64,2.72,1
208,Yoto,Maritime,2021,174451,53.07,21,45,209,294,90.18,135,71,3928,97,1101,52,2.67,1
209,Avé,Maritime,2022,111214,84.97,18,39,130,524,64.55,68,94,5605,67,10,41,3.78,1
210,Yoto,Maritime,2023,174451,41.95,21,95,23,331,88.39,221,94,2383,238,1466,57,4.3,1
211,Anié,Plateaux,2022,177188,66.05,23,31,35,482,97.76,244,27,670,259,978,5,4.28,0
212,Anié,Plateaux,2021,177188,67.8,2,43,49,271,67.01,321,62,5979,295,866,49,3.45,1
213,Kozah,Kara,2022,283738,84.22,26,52,62,258,61.78,368,69,2087,95,1447,65,4.63,0
214,Oti,Savanes,2020,123324,93.45,4,44,267,327,53.48,75,103,5388,110,654,3,4.74,1
215,Oti,Savanes,2020,123324,50.24,9,38,58,72,65.33,191,77,5526,6,619,12,4.73,1
216,Yoto,Maritime,2020,174451,69.09,23,59,97,513,81.13,331,27,2978,86,762,11,4.48,0
217,Ogou,Plateaux,2022,253467,49.89,17,93,170,527,89.07,204,20,1965,150,1195,53,4.16,1
218,Kloto,Plateaux,2021,145985,45.96,8,35,34,200,94.14,357,86,2560,212,1123,60,2.83,1
219,Amou,Plateaux,2020,110948,89.37,24,69,238,582,79.27,164,21,2034,86,127,19,4.08,0
220,Amou,Plateaux,2022,110948,46.67,26,55,262,449,51.44,67,89,1781,123,264,42,3.97,1
221,Sotouboua,Centrale,2021,141404,78.92,6,34,260,193,89.08,143,110,1775,289,1200,5,3.52,1
222,Tchaoudjo,Centrale,2023,240360,86.85,11,97,216,377,60.99,309,84,5015,18,1185,12,2.9,1
223,Tchaoudjo,Centrale,2022,240360,81.73,9,5,208,345,70.1,144,89,4380,159,612,53,4.45,1
224,Mô,Centrale,2021,52448,67.53,30,53,141,417,71.48,249,94,1104,280,1716,16,2.66,1
225,Moyen-Mono,Plateaux,2023,90505,81.87,7,18,207,302,55.88,375,57,5795,56,295,8,3.15,1
226,Zio,Maritime,2023,500032,42.33,30,43,132,269,79.32,373,118,1473,7,631,80,4.78,1
227,Kpendjal,Savanes,2023,150806,72.55,5,55,108,551,56.14,138,45,2678,274,1445,47,3.78,0
228,Zio,Maritime,2022,500032,88.66,15,52,264,207,89.5,142,67,1822,111,1460,32,4.39,0
229,Agou,Plateaux,2022,85793,63.9,16,67,298,226,97.79,234,42,256,86,229,71,3.03,0
230,Anié,Plateaux,2023,177188,41.1,21,90,209,353,75.05,201,88,4889,161,103,42,2.62,1
231,Tandjoaré,Savanes,2023,35537,62.96,28,84,103,210,85.31,295,61,931,192,71,80,4.57,0
232,Akébou,Plateaux,2023,73188,79.33,28,39,143,472,89.33,357,86,4492,185,436,16,3.47,1
233,Tandjoaré,Savanes,2023,35537,51.72,19,17,76,121,53.35,122,103,2773,64,1263,27,3.03,1
234,Mô,Centrale,2020,52448,86.03,28,96,300,62,92.52,221,113,232,38,1712,37,2.99,1
235,Doufelgou,Kara,2023,87588,90.2,13,62,190,444,76.26,232,25,4321,289,1777,62,4.57,1
236,Vo,Maritime,2021,224411,88.81,22,28,85,403,73.29,173,119,4069,83,577,74,3.37,1
237,Tône,Savanes,2023,388775,61.66,20,20,52,510,64.49,159,70,1881,175,324,33,2.74,0
238,Yoto,Maritime,2020,174451,80.84,23,33,213,211,62.51,360,107,411,133,8,40,3.58,1
239,Lacs,Maritime,2020,241207,69.94,4,54,92,283,71.06,113,102,742,33,643,3,2.64,1
240,Anié,Plateaux,2020,177188,78.57,28,99,59,495,84.08,183,39,1282,60,1782,51,3.16,0
241,Zio,Maritime,2020,500032,47.8,20,77,247,311,57.87,371,117,2233,113,1715,71,3.6,1
242,Cinkassé,Savanes,2020,173987,53.65,26,67,256,514,73.47,250,44,4798,128,547,0,3.49,1
243,Blitta,Centrale,2022,218753,80.92,3,23,238,125,82.96,289,119,1864,5,1113,41,3.73,1
244,Kéran,Kara,2022,123138,51.95,9,13,259,288,73.11,233,93,559,12,218,26,4.18,1
245,Yoto,Maritime,2021,174451,75.38,2,61,122,176,88.03,160,51,4885,181,841,16,4.51,1
246,Tchaoudjo,Centrale,2023,240360,60.51,3,94,94,501,58.57,306,77,1370,295,100,58,3.09,0
247,Tandjoaré,Savanes,2020,35537,61.73,30,36,274,303,95.86,69,117,1583,32,1177,9,3.15,1
248,Agou,Plateaux,2020,85793,49.82,13,21,117,407,84.6,279,120,1841,84,866,27,4.33,1
249,Blitta,Centrale,2023,218753,62.03,6,16,283,246,78.21,352,69,5064,48,997,33,3.15,1
250,Amou,Plateaux,2022,110948,94.2,8,46,52,123,81.81,348,93,5033,69,823,49,3.44,1
251,Bas-Mono,Maritime,2023,95380,54.78,21,48,139,178,67.59,331,71,2492,74,1740,46,4.19,1
252,Agou,Plateaux,2020,85793,63.83,22,79,71,114,93.27,380,44,2119,281,672,79,2.51,0
253,Danyi,Plateaux,2020,40240,42.66,12,71,285,376,55.75,120,37,4691,22,1573,75,4.25,1
254,Tchamba,Centrale,2022,200585,47.14,22,84,64,437,63.0,89,109,2875,38,581,5,4.69,1
255,Binah,Kara,2023,84739,52.74,14,76,205,451,65.65,152,115,3150,161,1769,64,3.03,1
256,Avé,Maritime,2023,111214,62.47,16,37,120,483,83.9,195,105,3714,222,126,51,4.25,1
257,Kloto,Plateaux,2020,145985,70.09,28,9,285,427,83.12,111,113,2871,30,1662,16,4.37,1
258,Agoè-Nyivé,Maritime,2021,882695,59.49,17,93,283,162,80.49,226,32,4885,48,585,40,3.88,1
259,Blitta,Centrale,2021,218753,82.82,16,21,201,199,73.11,97,111,3056,202,1694,27,2.74,1
260,Tchamba,Centrale,2023,200585,42.76,11,69,243,269,85.32,91,28,1688,168,1451,23,3.17,1
261,Doufelgou,Kara,2020,87588,74.18,15,16,115,411,75.84,197,32,5756,275,1293,13,3.32,1
262,Cinkassé,Savanes,2020,173987,85.92,4,90,275,327,71.47,242,27,4858,104,1338,0,3.48,1
263,Kloto,Plateaux,2022,145985,64.59,20,28,94,136,78.34,172,87,274,1,833,42,3.43,1
264,Kéran,Kara,2022,123138,89.3,9,92,131,400,50.96,165,41,2372,98,1417,45,3.08,0
265,Binah,Kara,2020,84739,91.23,2,19,41,359,56.38,226,59,4548,198,1013,34,3.77,1
266,Ogou,Plateaux,2022,253467,88.55,7,40,213,229,65.96,274,106,277,17,536,22,3.72,1
267,Amou,Plateaux,2022,110948,67.78,13,37,128,360,69.74,89,89,4485,126,297,7,2.84,1
268,Kpendjal,Savanes,2023,150806,75.84,5,68,64,95,58.93,306,73,787,232,806,26,3.85,0
269,Kpendjal,Savanes,2022,150806,64.94,15,77,203,226,77.17,296,70,514,260,515,6,3.05,0
270,Kéran,Kara,2020,123138,78.61,21,13,293,149,95.58,112,119,1130,168,54,18,3.5,1
271,Anié,Plateaux,2023,177188,64.25,27,76,101,99,57.33,189,120,3845,64,596,0,3.58,1
272,Blitta,Centrale,2021,218753,70.2,30,42,144,179,86.47,278,61,4195,203,900,47,4.11,1
273,Bassar,Kara,2023,152038,71.2,4,8,20,53,86.88,154,22,502,42,1179,21,4.57,0
274,Est-Mono,Plateaux,2022,164460,40.76,7,24,287,464,59.92,264,67,1895,275,925,15,2.79,1
275,Tandjoaré,Savanes,2022,35537,90.54,24,47,72,203,72.51,397,21,2704,35,205,32,2.73,0
276,Doufelgou,Kara,2022,87588,52.68,3,48,216,508,82.82,303,106,555,177,1657,40,3.77,1
277,Doufelgou,Kara,2023,87588,69.23,27,56,25,51,96.07,284,61,4438,71,747,80,4.6,1
278,Kéran,Kara,2022,123138,60.62,13,41,102,240,58.79,63,28,283,56,1012,53,4.01,0
279,Est-Mono,Plateaux,2020,164460,54.11,3,11,292,468,87.34,116,98,1894,78,1833,40,2.73,1
280,Wawa,Plateaux,2023,101300,76.13,5,38,224,472,79.63,229,53,2370,249,466,80,4.56,0
281,Danyi,Plateaux,2022,40240,54.35,9,90,294,93,54.56,144,77,1250,195,256,56,3.56,1
282,Agoè-Nyivé,Maritime,2023,882695,74.75,16,75,142,492,86.65,188,43,1962,13,771,72,4.37,0
283,Doufelgou,Kara,2020,87588,62.67,17,69,108,251,94.69,186,34,3386,285,1931,8,3.64,0
284,Kloto,Plateaux,2022,145985,94.63,14,90,299,339,87.06,246,94,2573,150,982,0,3.2,1
285,Est-Mono,Plateaux,2023,164460,70.34,26,97,82,263,80.27,74,90,5887,61,386,71,3.47,1
286,Assoli,Kara,2021,66492,57.36,25,41,187,222,86.76,225,63,1659,38,431,67,3.51,1
287,Zio,Maritime,2023,500032,86.4,3,100,248,448,80.96,295,104,3051,287,1446,47,4.38,1
288,Assoli,Kara,2023,66492,85.59,20,77,112,450,51.66,292,84,648,154,1215,25,3.59,1
289,Bas-Mono,Maritime,2023,95380,49.67,12,35,69,418,58.9,364,70,4283,272,1185,20,3.56,1
290,Yoto,Maritime,2021,174451,75.91,16,54,63,125,97.89,223,68,4238,51,144,44,4.74,1
291,Doufelgou,Kara,2020,87588,57.33,19,32,119,589,71.47,312,60,2055,140,695,61,2.89,1
292,Tchamba,Centrale,2023,200585,81.19,15,65,297,408,96.53,152,76,3520,105,1105,57,3.96,0
293,Kéran,Kara,2021,123138,61.04,13,78,219,105,62.25,298,33,2654,62,1179,69,3.37,0
294,Kpendjal-Ouest,Savanes,2020,120285,65.77,15,55,261,264,63.59,158,75,410,53,1086,69,4.5,0
295,Sotouboua,Centrale,2021,141404,84.82,13,12,33,100,69.42,361,49,5773,296,1225,12,4.07,1
296,Kpendjal-Ouest,Savanes,2023,120285,87.15,19,48,289,146,73.33,379,52,1086,268,1064,12,2.71,0
297,Cinkassé,Savanes,2020,173987,84.53,19,78,148,577,74.5,199,83,4768,142,886,71,4.6,1
298,Kéran,Kara,2020,123138,66.81,2,25,54,314,57.17,297,73,4610,151,1057,40,4.37,1
299,Haho,Plateaux,2023,305096,79.34,22,36,95,122,84.61,261,64,3118,45,1170,32,3.35,0
300,Kloto,Plateaux,2020,145985,86.48,27,18,241,326,58.62,72,26,3708,265,588,15,4.68,0
301,Oti,Savanes,2021,123324,93.84,4,43,291,471,91.85,273,38,2641,142,540,5,3.71,0
302,Oti,Savanes,2023,123324,68.4,10,53,64,331,61.5,397,97,847,98,163,59,3.39,1
303,Doufelgou,Kara,2022,87588,63.32,21,81,230,186,69.32,301,64,832,3,403,70,3.66,0
304,Akébou,Plateaux,2020,73188,84.28,28,41,187,166,67.2,89,106,377,293,1034,76,3.5,1
305,Kozah,Kara,2021,283738,45.21,18,52,160,247,64.63,360,102,254,105,621,9,2.95,1
306,Golfe,Maritime,2023,1305681,52.17,22,19,300,445,53.84,177,93,5057,52,1871,3,3.2,1
307,Amou,Plateaux,2022,110948,43.84,16,8,281,334,75.37,287,51,5895,109,1457,4,4.01,1
308,Yoto,Maritime,2023,174451,53.98,13,91,72,415,67.84,237,66,4008,152,1513,42,2.97,1
309,Bas-Mono,Maritime,2021,95380,53.47,14,30,242,59,80.24,351,85,1415,111,472,67,4.57,1
310,Kpendjal-Ouest,Savanes,2022,120285,69.38,18,80,258,166,86.33,351,72,5119,198,118,56,4.48,1
311,Ogou,Plateaux,2021,253467,43.67,12,5,35,491,60.47,171,100,1552,91,1678,28,3.3,1
312,Vo,Maritime,2021,224411,53.56,3,22,31,267,74.51,195,75,336,111,914,37,3.0,1
313,Dankpen,Kara,2020,184632,91.23,11,13,224,365,72.94,385,99,4742,65,836,55,4.24,1
314,Tandjoaré,Savanes,2023,35537,52.66,19,45,197,181,75.46,309,34,751,67,1025,2,4.67,1
315,Est-Mono,Plateaux,2020,164460,78.07,11,43,44,598,87.91,172,70,5228,159,1710,8,3.27,1
316,Kpélé,Plateaux,2020,81620,60.94,24,69,171,424,52.06,127,58,2376,78,897,26,4.49,0
317,Amou,Plateaux,2021,110948,84.28,3,14,161,68,66.88,115,89,1706,153,1900,9,4.29,1
318,Anié,Plateaux,2021,177188,88.96,26,78,124,528,77.68,253,120,3312,47,1556,65,4.08,1
319,Kpendjal,Savanes,2022,150806,52.69,10,16,47,400,90.68,394,96,3327,91,1921,9,4.6,1
320,Oti,Savanes,2022,123324,40.19,14,100,94,138,94.31,187,63,4258,63,1598,66,4.33,1
321,Dankpen,Kara,2023,184632,61.5,25,9,44,327,57.93,100,65,1558,237,411,30,4.01,0
322,Zio,Maritime,2022,500032,40.8,25,5,278,478,82.18,199,109,583,84,1637,4,2.51,1
323,Kpélé,Plateaux,2022,81620,86.27,2,50,299,436,95.92,124,115,2909,193,1335,53,2.86,1
324,Wawa,Plateaux,2021,101300,65.02,19,9,254,334,68.02,232,43,5478,154,1272,42,3.41,1
325,Avé,Maritime,2022,111214,67.76,2,50,108,554,76.92,273,46,2755,115,1576,61,3.51,0
326,Wawa,Plateaux,2022,101300,43.63,15,100,170,301,69.87,93,76,1364,73,1004,44,3.72,1
327,Dankpen,Kara,2023,184632,46.43,19,95,132,445,88.11,330,58,2239,81,105,66,3.43,1
328,Agoè-Nyivé,Maritime,2022,882695,67.35,21,78,69,458,77.59,310,75,209,201,801,39,4.57,0
329,Kpélé,Plateaux,2022,81620,61.75,12,65,148,209,65.3,239,119,1873,12,283,9,3.91,1
330,Oti,Savanes,2020,123324,49.66,14,75,287,95,91.62,365,21,975,78,1269,44,4.69,1
331,Anié,Plateaux,2023,177188,87.54,3,92,229,303,86.63,80,58,4484,30,400,59,3.92,1
332,Bas-Mono,Maritime,2023,95380,62.32,17,56,221,456,62.94,390,28,1675,241,1927,5,3.22,0
333,Oti,Savanes,2022,123324,62.39,16,6,116,338,51.67,82,68,4813,292,520,18,3.15,1
334,Doufelgou,Kara,2023,87588,45.74,24,59,275,596,54.95,213,75,1209,138,1530,53,4.47,1
335,Assoli,Kara,2022,66492,55.88,30,94,211,236,64.41,117,74,242,139,1194,18,4.73,1
336,Kpendjal-Ouest,Savanes,2023,120285,87.87,18,70,221,71,67.26,129,78,1686,160,1292,54,3.62,0
337,Kloto,Plateaux,2023,145985,72.86,8,9,218,163,76.85,240,111,4066,209,1887,73,4.29,1
338,Tchaoudjo,Centrale,2022,240360,84.15,26,44,35,544,84.48,217,37,4970,82,417,35,3.36,1
339,Tchamba,Centrale,2020,200585,85.22,12,86,83,360,73.81,330,58,521,236,651,79,3.73,0
340,Danyi,Plateaux,2023,40240,50.14,13,47,148,101,76.43,57,95,3271,44,1906,53,4.71,1
341,Avé,Maritime,2022,111214,41.67,3,65,199,57,86.76,179,42,3367,182,122,29,2.75,1
342,Mô,Centrale,2021,52448,72.08,28,44,254,338,76.51,340,24,4935,152,110,45,2.92,1
343,Mô,Centrale,2022,52448,68.67,26,19,76,391,73.58,376,47,2516,184,168,3,2.52,0
344,Danyi,Plateaux,2022,40240,94.16,13,93,74,537,54.96,311,23,5882,169,1985,27,2.86,1
345,Tône,Savanes,2022,388775,86.59,10,68,265,367,77.69,220,112,5889,90,465,23,3.95,1
346,Dankpen,Kara,2021,184632,70.22,2,44,199,568,87.99,308,57,2418,288,894,1,2.75,0
347,Assoli,Kara,2022,66492,84.17,3,86,213,82,59.78,227,57,5612,247,232,35,4.49,1
348,Akébou,Plateaux,2022,73188,51.18,23,91,216,416,75.56,201,56,1261,169,68,55,3.86,1
349,Tône,Savanes,2022,388775,66.12,30,6,236,58,64.05,151,56,2712,271,1590,43,4.38,0
350,Dankpen,Kara,2021,184632,72.23,23,63,120,435,59.91,334,36,4499,126,226,60,4.02,1
351,Doufelgou,Kara,2022,87588,84.38,8,33,219,101,69.82,181,41,3672,188,381,21,4.46,0
352,Doufelgou,Kara,2021,87588,83.65,28,36,123,324,52.56,189,77,5783,114,229,40,2.6,1
353,Anié,Plateaux,2020,177188,75.3,4,40,62,473,68.16,171,86,558,105,1493,41,2.58,1
354,Agou,Plateaux,2023,85793,88.57,28,95,43,302,53.53,50,60,3221,231,906,59,3.26,0
355,Kpélé,Plateaux,2021,81620,75.32,30,39,239,70,85.61,164,67,794,28,1663,17,3.78,0
356,Tchaoudjo,Centrale,2022,240360,44.4,28,13,122,125,84.17,303,79,5294,155,982,40,4.46,1
357,Blitta,Centrale,2023,218753,66.22,7,15,97,363,60.95,136,45,3709,158,1037,25,2.95,0
358,Amou,Plateaux,2022,110948,80.92,10,47,58,397,72.2,169,48,4519,285,582,62,2.72,1
359,Assoli,Kara,2023,66492,85.18,6,95,171,291,61.68,196,60,5483,111,927,29,4.28,1
360,Anié,Plateaux,2022,177188,47.41,7,56,220,320,54.16,138,53,1337,185,1823,72,2.89,1
361,Kpendjal,Savanes,2023,150806,87.97,11,11,79,449,57.38,73,88,216,162,230,66,3.63,1
362,Dankpen,Kara,2021,184632,86.12,12,8,74,579,85.97,284,30,4519,100,256,53,3.12,1
363,Moyen-Mono,Plateaux,2021,90505,72.72,6,50,89,249,61.49,312,53,1910,226,1142,60,3.99,0
364,Bas-Mono,Maritime,2021,95380,91.0,3,62,205,211,65.3,289,105,2117,111,246,9,2.64,1
365,Oti-Sud,Savanes,2023,150806,55.85,17,76,65,451,69.43,227,20,3904,268,784,15,3.68,1
366,Tchamba,Centrale,2021,200585,94.49,12,56,86,389,97.66,207,70,5949,190,129,72,3.97,1
367,Kpendjal-Ouest,Savanes,2022,120285,59.09,29,30,245,171,63.93,364,70,292,146,702,77,4.66,1
368,Yoto,Maritime,2022,174451,86.16,6,65,231,198,94.72,237,82,537,296,1856,47,3.14,1
369,Kpélé,Plateaux,2020,81620,52.05,21,52,32,563,62.73,269,26,3424,239,461,44,2.98,1
370,Kpélé,Plateaux,2021,81620,74.9,14,69,136,181,64.51,347,23,5751,42,1406,5,3.31,1
371,Lacs,Maritime,2021,241207,59.4,27,7,127,486,93.66,93,67,2039,48,870,42,3.52,1
372,Zio,Maritime,2021,500032,52.06,2,25,144,166,90.16,105,72,1541,41,345,12,3.36,1
373,Agou,Plateaux,2022,85793,66.0,6,84,264,563,74.47,374,34,688,49,597,73,2.53,0
374,Blitta,Centrale,2021,218753,68.42,22,37,229,200,63.78,333,92,384,4,239,1,3.09,1
375,Dankpen,Kara,2020,184632,83.59,18,86,149,422,61.54,181,71,1320,138,1040,44,3.51,0
376,Agou,Plateaux,2020,85793,85.49,4,69,83,470,83.28,273,97,5083,97,1554,71,4.69,1
377,Oti,Savanes,2020,123324,55.56,2,14,24,113,80.54,62,30,674,50,1389,19,2.66,1
378,Binah,Kara,2021,84739,59.18,26,15,44,552,55.32,380,62,3368,163,806,73,3.95,1
379,Doufelgou,Kara,2021,87588,44.93,21,10,30,562,54.75,372,111,4532,30,822,29,3.33,1
380,Akébou,Plateaux,2020,73188,55.72,17,35,59,131,72.25,157,43,491,217,1369,38,3.15,1
381,Anié,Plateaux,2023,177188,70.58,27,89,30,356,61.77,339,109,2780,288,1584,47,3.89,1
382,Avé,Maritime,2020,111214,56.06,23,13,44,246,54.55,395,46,5927,50,951,76,4.69,1
383,Danyi,Plateaux,2022,40240,50.64,9,89,30,509,69.12,92,78,729,228,426,40,4.01,1
384,Binah,Kara,2021,84739,90.92,30,20,251,56,88.18,345,48,5541,20,430,36,3.95,1
385,Tchamba,Centrale,2020,200585,83.65,17,29,213,422,59.48,171,72,5303,105,1024,40,4.75,1
386,Wawa,Plateaux,2023,101300,72.17,9,20,155,569,91.93,261,47,3053,129,683,40,4.53,0
387,Kpendjal-Ouest,Savanes,2023,120285,55.11,23,71,137,234,59.29,394,107,5539,160,1337,51,4.42,1
388,Kpendjal,Savanes,2022,150806,60.43,17,59,296,236,91.17,272,86,1381,116,135,56,4.38,1
389,Kozah,Kara,2020,283738,60.89,29,96,215,547,91.14,143,86,4621,98,115,8,4.41,1
390,Bas-Mono,Maritime,2021,95380,82.02,4,85,88,275,95.66,339,94,2817,29,1654,10,4.35,1
391,Amou,Plateaux,2021,110948,78.34,29,80,299,66,95.08,291,34,5360,266,1714,61,3.51,1
392,Cinkassé,Savanes,2023,173987,52.01,3,17,164,236,64.26,380,89,1920,79,912,47,3.07,1
393,Wawa,Plateaux,2021,101300,86.84,19,12,153,243,77.26,275,25,1765,169,617,52,2.95,0
394,Bassar,Kara,2023,152038,88.83,30,61,205,569,88.42,210,115,4275,217,643,58,3.63,1
395,Oti,Savanes,2020,123324,93.88,9,72,207,284,62.38,162,111,788,194,1491,3,3.46,1
396,Sotouboua,Centrale,2023,141404,76.08,7,73,36,511,73.78,115,51,272,93,1653,69,3.3,0
397,Vo,Maritime,2023,224411,42.14,24,60,109,334,91.19,360,88,4763,252,49,12,3.26,1
398,Wawa,Plateaux,2022,101300,52.19,29,15,169,171,55.28,186,106,4827,289,1037,1,4.77,1
399,Doufelgou,Kara,2021,87588,74.57,20,55,154,193,88.51,345,92,355,237,100,56,3.43,1
400,Wawa,Plateaux,2023,101300,60.77,14,19,153,441,75.63,243,20,4653,216,1525,34,4.4,1
401,Tchaoudjo,Centrale,2020,240360,79.47,12,67,139,304,57.88,165,47,5328,278,1700,34,4.47,1
402,Mô,Centrale,2022,52448,58.1,15,68,295,272,72.56,57,111,4762,250,510,5,4.76,1
403,Cinkassé,Savanes,2023,173987,45.22,27,21,271,559,93.17,148,29,1931,10,522,2,4.19,1
404,Binah,Kara,2020,84739,62.67,19,35,165,497,81.43,338,90,5280,130,982,23,2.88,1
405,Blitta,Centrale,2021,218753,48.53,16,93,103,271,53.94,235,105,369,170,1862,65,4.12,1
406,Agoè-Nyivé,Maritime,2020,882695,44.85,2,86,262,373,68.07,204,23,1901,219,176,20,3.08,1
407,Kpélé,Plateaux,2021,81620,81.65,14,12,181,479,61.97,386,46,5882,65,1067,22,3.73,1
408,Blitta,Centrale,2021,218753,52.94,21,32,154,290,97.0,389,47,1098,28,392,25,3.83,1
409,Amou,Plateaux,2023,110948,78.54,26,82,173,557,56.71,348,48,5855,205,930,46,4.03,1
410,Kozah,Kara,2022,283738,52.55,26,57,127,213,75.16,68,87,3319,31,1911,65,2.7,1
411,Amou,Plateaux,2023,110948,91.53,21,13,294,581,78.82,99,39,3024,270,1626,29,4.39,0
412,Tandjoaré,Savanes,2021,35537,48.67,22,7,58,434,51.41,82,108,4667,157,1587,6,3.87,1
413,Est-Mono,Plateaux,2021,164460,44.89,3,65,266,501,63.46,234,106,3788,185,1241,66,2.96,1
414,Kloto,Plateaux,2021,145985,69.9,20,84,209,185,63.25,313,54,2868,193,1965,59,4.63,0
415,Dankpen,Kara,2020,184632,71.96,19,13,92,306,78.75,367,87,5038,238,928,78,3.39,1
416,Sotouboua,Centrale,2021,141404,92.0,7,20,41,439,60.73,186,34,1365,63,1675,35,2.94,0
417,Avé,Maritime,2023,111214,62.45,7,39,127,455,81.15,89,64,2992,217,986,39,4.55,0
418,Ogou,Plateaux,2022,253467,76.8,21,94,85,426,84.48,338,47,487,229,1096,53,4.71,0
419,Mô,Centrale,2021,52448,71.48,9,40,127,467,61.03,158,63,1707,113,350,34,2.79,0
420,Lacs,Maritime,2022,241207,68.66,30,17,114,482,80.32,360,85,520,214,1786,11,3.39,1
421,Vo,Maritime,2023,224411,80.2,10,97,194,478,58.69,157,105,4110,152,1411,24,4.27,1
422,Kpélé,Plateaux,2020,81620,58.73,24,12,269,107,93.32,84,74,4413,232,1662,78,3.97,1
423,Binah,Kara,2023,84739,79.25,14,89,143,373,59.46,76,95,358,94,1916,19,4.29,1
424,Tône,Savanes,2021,388775,69.0,23,83,200,306,90.11,94,68,1551,243,55,70,4.67,0
425,Agou,Plateaux,2020,85793,54.53,27,23,147,291,85.95,85,100,5658,26,1382,62,3.99,1
426,Est-Mono,Plateaux,2021,164460,83.22,21,11,116,224,72.29,180,61,2317,27,714,78,2.59,0
427,Lacs,Maritime,2023,241207,90.31,25,91,76,321,94.94,116,45,4881,274,116,69,4.62,1
428,Yoto,Maritime,2020,174451,77.14,11,17,112,568,57.41,379,64,787,283,1721,52,3.08,0
429,Anié,Plateaux,2020,177188,68.3,6,83,181,549,76.01,333,48,5841,233,1664,53,3.42,1
430,Binah,Kara,2021,84739,66.72,7,30,124,488,85.08,56,25,3723,299,1324,79,3.07,0
431,Doufelgou,Kara,2022,87588,41.2,14,23,135,453,52.89,236,47,2412,290,332,22,4.21,1
432,Bassar,Kara,2021,152038,82.32,23,78,54,308,78.31,341,38,5429,220,1875,33,4.04,1
433,Kozah,Kara,2022,283738,79.15,10,37,112,495,56.81,192,108,3490,292,428,43,3.93,1
434,Mô,Centrale,2021,52448,92.11,23,15,39,192,90.06,118,53,1571,193,183,57,3.18,0
435,Assoli,Kara,2022,66492,45.47,7,82,198,517,51.79,242,118,1884,176,1878,36,4.08,1
436,Zio,Maritime,2021,500032,81.17,7,20,272,277,92.1,207,67,2535,270,1092,71,3.56,0
437,Yoto,Maritime,2023,174451,63.43,30,78,221,129,63.04,289,117,527,265,1925,44,2.83,1
438,Vo,Maritime,2020,224411,55.99,5,67,44,487,87.17,292,109,2874,263,927,58,3.67,1
439,Akébou,Plateaux,2023,73188,45.75,29,73,284,354,64.33,217,119,5027,252,574,39,4.51,1
440,Zio,Maritime,2023,500032,51.74,15,91,83,158,56.18,227,96,587,61,120,68,3.19,1
441,Tône,Savanes,2020,388775,62.78,7,17,99,425,51.56,214,60,859,70,516,54,4.09,0
442,Tandjoaré,Savanes,2023,35537,90.57,10,61,219,260,78.51,352,105,2986,53,1011,1,4.59,1
443,Kloto,Plateaux,2022,145985,53.9,18,75,165,552,74.42,226,74,427,207,1495,73,4.4,1
444,Zio,Maritime,2022,500032,63.46,23,61,237,104,93.84,183,114,3968,196,569,28,4.1,1
445,Mô,Centrale,2023,52448,72.75,3,27,34,212,85.39,154,45,4014,189,771,34,3.65,1
446,Danyi,Plateaux,2020,40240,94.38,11,80,227,228,73.05,302,102,3386,146,982,55,3.97,1
447,Wawa,Plateaux,2021,101300,52.94,12,25,254,351,85.55,266,48,1611,30,1870,49,4.23,1
448,Akébou,Plateaux,2021,73188,42.03,13,29,114,449,66.28,355,55,736,69,875,9,3.01,1
449,Doufelgou,Kara,2021,87588,72.0,3,64,298,490,64.2,328,28,4112,209,963,30,3.41,1
450,Bassar,Kara,2020,152038,49.44,11,84,184,462,95.65,149,55,2832,168,1697,25,3.02,1
451,Anié,Plateaux,2023,177188,91.45,30,25,50,68,56.71,349,100,4030,174,1943,49,3.61,1
452,Oti,Savanes,2022,123324,52.33,21,91,166,74,96.59,349,25,2766,140,234,17,3.85,1
453,Danyi,Plateaux,2021,40240,94.85,19,39,211,410,79.27,153,62,3901,280,1094,17,4.01,0
454,Binah,Kara,2020,84739,68.23,13,83,145,591,66.02,203,41,3317,241,165,47,3.19,0
455,Yoto,Maritime,2022,174451,45.24,27,80,219,437,66.98,175,70,2461,121,294,44,4.32,1
456,Tchaoudjo,Centrale,2021,240360,57.12,15,76,150,328,57.26,127,35,1946,211,105,70,2.59,1
457,Doufelgou,Kara,2023,87588,78.98,25,71,183,261,72.76,92,39,5455,288,994,2,3.63,1
458,Kpendjal-Ouest,Savanes,2021,120285,42.17,12,9,140,471,78.99,85,56,1569,248,990,69,2.83,1
459,Kpendjal-Ouest,Savanes,2020,120285,90.84,4,36,37,203,75.21,347,70,3890,152,1653,54,3.19,0
460,Kozah,Kara,2020,283738,93.38,6,73,205,518,66.46,357,24,4083,119,1241,45,3.48,1
461,Moyen-Mono,Plateaux,2022,90505,58.36,28,17,214,118,77.36,236,58,222,5,1862,31,3.38,1
462,Doufelgou,Kara,2020,87588,44.02,14,29,92,312,67.47,88,84,222,224,1571,12,3.57,1
463,Danyi,Plateaux,2020,40240,56.42,23,75,69,369,68.08,83,27,3584,201,1271,59,3.12,1
464,Vo,Maritime,2021,224411,70.9,4,25,110,281,70.31,178,84,5999,58,260,17,3.11,1
465,Kéran,Kara,2023,123138,49.82,17,9,244,206,71.8,226,88,5080,40,1477,60,4.04,1
466,Sotouboua,Centrale,2021,141404,93.69,11,99,34,236,71.63,355,74,1509,157,229,26,2.52,0
467,Kéran,Kara,2020,123138,77.92,12,81,294,305,62.3,138,24,4141,193,963,63,4.69,1
468,Blitta,Centrale,2021,218753,45.62,29,58,268,244,58.03,184,92,1049,20,146,25,3.2,1
469,Yoto,Maritime,2023,174451,54.2,8,23,265,264,81.62,154,91,4026,157,678,12,3.36,1
470,Kpendjal-Ouest,Savanes,2021,120285,66.05,16,62,224,307,59.69,181,52,4510,121,1858,69,4.42,1
471,Blitta,Centrale,2021,218753,61.85,2,46,58,170,68.88,306,21,3263,273,478,62,2.97,0
472,Doufelgou,Kara,2022,87588,67.51,27,90,168,535,62.58,91,71,4288,55,153,63,4.58,1
473,Mô,Centrale,2022,52448,69.7,15,25,233,308,83.98,54,35,1067,49,170,29,4.32,0
474,Doufelgou,Kara,2023,87588,45.92,21,72,83,151,62.53,288,109,4274,32,1873,77,2.73,1
475,Tchaoudjo,Centrale,2021,240360,65.92,2,31,24,540,96.07,244,108,3918,262,1831,61,3.2,1
476,Wawa,Plateaux,2021,101300,50.63,17,85,253,316,60.94,59,68,313,247,1034,47,4.53,1
477,Agoè-Nyivé,Maritime,2020,882695,68.7,10,60,43,53,65.04,159,37,1042,255,1743,27,4.27,0
478,Avé,Maritime,2021,111214,85.89,2,10,28,338,93.58,177,40,3583,77,1110,39,3.44,0
479,Oti,Savanes,2023,123324,71.32,20,63,115,533,84.19,127,116,5576,44,176,63,3.82,1
480,Ogou,Plateaux,2021,253467,51.16,22,50,225,362,84.76,130,114,2677,51,1330,42,4.08,1
481,Doufelgou,Kara,2020,87588,81.85,4,69,295,505,59.22,123,101,1489,215,115,49,3.29,1
482,Anié,Plateaux,2020,177188,77.29,11,53,50,303,71.41,366,54,5030,9,1391,66,4.3,1
483,Assoli,Kara,2022,66492,74.28,6,84,233,559,90.64,252,28,4148,168,1540,13,3.26,1
484,Avé,Maritime,2021,111214,82.94,15,18,99,375,87.85,365,52,4992,166,811,42,3.56,1
485,Lacs,Maritime,2023,241207,75.26,4,18,234,365,51.85,375,57,1385,259,1536,70,3.56,0
486,Wawa,Plateaux,2023,101300,78.95,15,80,51,207,88.49,128,110,5877,12,1685,9,2.9,1
487,Mô,Centrale,2023,52448,48.45,10,83,193,326,66.45,203,68,3899,64,791,9,3.13,1
488,Yoto,Maritime,2022,174451,77.23,27,15,198,431,58.04,372,93,1554,223,22,36,3.69,1
489,Agou,Plateaux,2023,85793,82.53,7,59,138,444,73.09,379,20,1776,47,1170,28,4.44,0
490,Anié,Plateaux,2020,177188,44.05,27,58,134,141,53.5,114,99,2307,195,1805,19,4.77,1
491,Kpélé,Plateaux,2021,81620,44.62,23,95,236,131,92.63,263,68,5149,155,6,70,4.33,1
492,Avé,Maritime,2020,111214,42.47,5,19,95,292,79.57,97,87,1291,27,1460,68,4.63,1
493,Cinkassé,Savanes,2022,173987,44.14,10,49,66,169,96.96,272,94,1089,16,1088,43,3.43,1
494,Ogou,Plateaux,2023,253467,40.13,9,36,141,514,79.87,179,42,5802,33,961,57,4.01,1
495,Assoli,Kara,2021,66492,74.0,9,21,257,492,78.52,251,111,3229,210,1005,61,3.35,1
496,Danyi,Plateaux,2020,40240,85.39,19,49,49,499,58.31,268,93,2880,230,398,12,4.41,1
497,Lacs,Maritime,2023,241207,44.82,23,100,114,315,68.39,210,91,5533,8,1790,59,3.07,1
498,Amou,Plateaux,2020,110948,59.39,26,42,211,571,53.05,86,77,1528,59,1245,77,4.7,1
499,Tône,Savanes,2022,388775,58.72,19,83,291,94,62.66,364,87,2769,277,1089,12,4.51,1
500,Bas-Mono,Maritime,2020,95380,83.02,23,75,151,362,85.73,201,36,1695,93,1739,26,3.48,0
501,Agoè-Nyivé,Maritime,2021,882695,64.32,2,41,293,60,94.0,228,99,5419,134,173,59,3.37,1
502,Kpendjal-Ouest,Savanes,2021,120285,91.53,3,35,257,411,95.39,170,98,5667,130,348,27,2.74,1
503,Anié,Plateaux,2022,177188,76.86,14,87,175,252,51.06,251,94,4888,214,1608,6,4.33,1
504,Blitta,Centrale,2020,218753,59.61,8,36,115,324,76.52,218,41,5902,209,1432,77,3.4,1
505,Golfe,Maritime,2020,1305681,43.27,15,67,101,469,93.56,73,35,2274,183,64,1,4.19,1
506,Kpélé,Plateaux,2022,81620,49.16,8,47,110,76,58.65,369,22,2238,245,46,66,3.69,1
507,Sotouboua,Centrale,2020,141404,92.95,30,32,99,81,55.18,288,96,603,193,469,39,2.85,1
508,Agoè-Nyivé,Maritime,2021,882695,92.72,26,36,217,471,86.23,396,86,5560,103,1713,59,3.28,1
509,Amou,Plateaux,2023,110948,66.31,18,88,209,170,94.72,372,104,2936,88,494,42,3.39,1
510,Akébou,Plateaux,2021,73188,60.86,2,95,274,467,77.93,252,85,4565,201,1059,31,3.17,1
511,Golfe,Maritime,2023,1305681,81.36,2,83,58,71,50.78,305,78,1823,225,1075,63,3.12,0
512,Golfe,Maritime,2023,1305681,48.42,21,72,131,141,71.66,228,56,3961,81,1381,61,4.52,1
513,Akébou,Plateaux,2023,73188,41.77,4,21,99,205,77.74,191,104,1316,239,630,6,3.47,1
514,Yoto,Maritime,2020,174451,52.11,29,32,232,149,86.63,230,78,3316,225,52,52,4.45,1
515,Oti,Savanes,2022,123324,63.51,20,66,119,168,94.87,270,107,2802,241,1213,17,4.65,1
516,Kpélé,Plateaux,2023,81620,76.53,16,43,86,428,51.13,304,73,3574,17,947,79,4.53,0
517,Kéran,Kara,2020,123138,60.12,28,84,208,118,95.94,214,87,2477,207,132,35,2.99,1
518,Tchaoudjo,Centrale,2020,240360,47.92,5,57,241,105,95.82,311,27,1492,252,345,71,4.54,1
519,Zio,Maritime,2023,500032,70.56,26,79,256,287,93.83,223,81,505,154,666,66,2.78,1
520,Kloto,Plateaux,2022,145985,91.1,14,42,286,156,78.63,69,45,4728,205,615,76,4.45,1
521,Dankpen,Kara,2021,184632,85.22,17,82,54,313,73.56,394,102,4260,180,556,62,4.15,1
522,Sotouboua,Centrale,2023,141404,66.39,30,89,40,492,64.89,68,42,485,25,138,24,2.69,0
523,Tandjoaré,Savanes,2023,35537,87.1,20,17,130,433,88.22,57,30,847,219,1679,61,3.95,0
524,Tchamba,Centrale,2021,200585,92.93,9,75,228,131,55.86,240,70,4988,35,689,0,2.66,1
525,Kpendjal,Savanes,2021,150806,43.59,2,19,117,521,96.22,349,77,3173,149,59,70,3.51,1
526,Tandjoaré,Savanes,2020,35537,64.05,11,48,81,554,62.58,310,117,1113,133,1416,67,3.93,1
527,Kloto,Plateaux,2020,145985,78.1,5,54,224,319,63.41,287,54,596,91,1543,7,2.66,0
528,Ogou,Plateaux,2022,253467,72.43,17,82,114,443,61.62,199,76,5970,100,1758,71,4.57,1
529,Binah,Kara,2023,84739,55.06,24,71,124,189,56.63,374,81,5482,293,1812,15,3.45,1
530,Mô,Centrale,2022,52448,50.26,14,23,205,204,70.18,235,105,867,260,1519,48,4.73,1
531,Kpélé,Plateaux,2022,81620,57.97,7,7,270,218,78.03,296,75,3520,237,1211,73,3.98,1
532,Bassar,Kara,2020,152038,54.5,30,62,159,340,88.57,172,69,1351,155,650,34,4.63,1
533,Dankpen,Kara,2020,184632,89.7,27,35,197,129,93.07,54,76,4015,231,795,51,2.92,1
534,Anié,Plateaux,2021,177188,87.4,5,72,63,197,93.33,161,20,3234,135,968,8,4.77,0
535,Sotouboua,Centrale,2023,141404,61.12,12,87,194,131,82.93,194,104,5173,288,1515,27,2.97,1
536,Kloto,Plateaux,2021,145985,41.73,9,11,122,298,79.93,79,83,2500,67,341,47,3.84,1
537,Agou,Plateaux,2021,85793,88.41,6,12,269,454,91.2,259,56,928,88,74,28,3.6,0
538,Akébou,Plateaux,2020,73188,46.81,9,93,182,256,86.5,293,40,226,165,684,0,4.37,1
539,Anié,Plateaux,2023,177188,62.77,8,99,233,206,52.09,286,62,2044,85,611,4,3.54,0
540,Doufelgou,Kara,2020,87588,72.45,8,30,67,393,79.88,228,30,3154,298,1845,48,4.78,0
541,Akébou,Plateaux,2021,73188,71.9,12,36,210,428,73.23,164,68,4113,181,1734,50,3.06,1
542,Assoli,Kara,2021,66492,44.16,12,55,82,288,60.8,174,93,1329,79,1190,53,3.31,1
543,Binah,Kara,2021,84739,68.97,20,35,104,295,73.44,361,47,5603,192,606,7,2.65,1
544,Lacs,Maritime,2023,241207,62.56,3,29,89,91,56.08,188,114,5458,101,864,15,3.1,1
545,Agou,Plateaux,2023,85793,80.99,21,26,191,465,81.18,215,63,4045,192,1524,41,2.87,1
546,Wawa,Plateaux,2022,101300,81.61,18,79,148,402,52.63,60,90,5134,187,1424,6,2.97,1
547,Binah,Kara,2020,84739,57.7,11,44,270,405,64.25,266,27,5449,283,1259,61,2.82,1
548,Kpélé,Plateaux,2021,81620,74.49,12,12,213,476,87.49,183,82,4293,142,1307,56,4.72,1
549,Binah,Kara,2023,84739,56.56,20,28,45,395,63.56,386,47,254,83,1185,55,4.5,1
550,Agoè-Nyivé,Maritime,2021,882695,70.17,21,95,103,176,53.96,341,111,4312,147,172,14,2.92,1
551,Sotouboua,Centrale,2020,141404,43.46,18,40,257,248,53.5,125,108,293,252,1439,25,2.87,1
552,Tchamba,Centrale,2023,200585,78.55,21,92,279,330,61.58,128,88,3095,170,36,2,3.95,1
553,Agou,Plateaux,2020,85793,69.14,10,23,50,297,91.29,241,55,5459,125,1646,43,3.89,1
554,Yoto,Maritime,2020,174451,74.8,22,55,164,271,78.01,400,58,461,246,1258,27,2.72,0
555,Anié,Plateaux,2020,177188,73.24,17,53,133,51,78.92,357,73,5274,87,12,35,2.6,1
556,Vo,Maritime,2021,224411,76.37,19,32,197,525,61.93,69,108,4475,137,404,50,3.5,1
557,Oti-Sud,Savanes,2020,150806,92.67,15,31,295,290,66.86,145,72,2632,227,728,75,2.83,0
558,Kpendjal-Ouest,Savanes,2020,120285,46.69,25,15,30,411,75.46,197,95,5606,128,1795,12,4.29,1
559,Zio,Maritime,2022,500032,67.09,10,100,144,594,60.26,290,30,1133,16,1713,13,4.11,0
560,Avé,Maritime,2023,111214,67.48,30,11,204,436,87.3,165,36,5333,227,1298,66,3.43,1
561,Haho,Plateaux,2022,305096,92.43,30,42,257,389,76.78,101,39,343,260,1295,67,3.89,0
562,Tandjoaré,Savanes,2023,35537,59.41,8,44,268,232,65.36,88,38,1043,149,1709,50,4.66,1
563,Wawa,Plateaux,2021,101300,89.64,15,44,141,332,59.34,135,22,3477,265,1183,69,3.39,0
564,Haho,Plateaux,2021,305096,46.92,30,31,63,351,71.49,66,21,628,261,656,72,3.2,1
565,Agou,Plateaux,2020,85793,45.38,24,19,286,403,58.13,79,53,5403,252,473,8,3.58,1
566,Oti-Sud,Savanes,2022,150806,46.78,23,42,165,341,94.9,367,110,557,72,1631,10,4.18,1
567,Mô,Centrale,2023,52448,63.68,8,39,140,490,65.86,363,83,4353,143,4,47,4.26,1
568,Avé,Maritime,2023,111214,47.87,9,13,191,328,83.35,372,39,5647,148,1356,29,4.48,1
569,Avé,Maritime,2022,111214,49.24,16,14,161,223,92.68,339,90,553,130,1727,25,4.63,1
570,Vo,Maritime,2023,224411,61.37,10,40,215,438,58.29,73,89,4921,88,760,74,3.53,1
571,Blitta,Centrale,2023,218753,67.9,23,69,212,86,91.59,148,43,5674,232,1273,37,2.86,1
572,Kéran,Kara,2020,123138,65.76,6,38,195,542,83.38,68,97,3412,158,872,51,4.66,1
573,Sotouboua,Centrale,2023,141404,91.06,14,53,83,149,72.92,291,37,210,85,1349,63,4.27,0
574,Haho,Plateaux,2022,305096,90.02,11,98,190,194,97.56,237,39,2707,72,613,1,3.68,0
575,Kpélé,Plateaux,2022,81620,71.6,28,94,265,599,54.36,210,65,1257,289,1259,43,3.48,0
576,Haho,Plateaux,2022,305096,84.39,27,52,194,221,57.29,286,107,1009,148,871,68,4.07,1
577,Doufelgou,Kara,2021,87588,58.33,24,53,133,307,65.75,335,76,1736,143,558,26,3.01,1
578,Wawa,Plateaux,2020,101300,93.24,5,99,49,201,59.42,202,23,1603,55,754,48,3.9,0
579,Blitta,Centrale,2022,218753,49.34,2,59,22,543,52.5,384,72,2220,276,1078,1,2.57,1
580,Akébou,Plateaux,2023,73188,84.95,16,15,79,235,97.34,328,48,4273,142,377,48,4.28,1
581,Lacs,Maritime,2023,241207,42.32,22,85,55,323,76.37,301,65,2412,130,1848,73,4.63,1
582,Doufelgou,Kara,2023,87588,89.0,20,73,52,317,86.69,223,104,4106,257,400,37,4.57,1
583,Moyen-Mono,Plateaux,2023,90505,88.48,5,43,58,563,96.53,275,20,2827,23,659,34,3.93,0
584,Dankpen,Kara,2023,184632,59.53,16,10,77,521,68.77,143,74,5866,118,349,61,3.81,1
585,Tône,Savanes,2023,388775,55.43,13,76,163,277,91.02,219,47,4870,103,820,57,3.62,1
586,Ogou,Plateaux,2022,253467,93.53,3,35,116,456,70.81,297,104,5095,291,1821,37,2.77,1
587,Kpendjal-Ouest,Savanes,2022,120285,74.02,29,37,123,76,50.35,263,97,2967,152,1603,19,3.1,1
588,Wawa,Plateaux,2020,101300,59.82,15,59,199,174,79.31,64,48,4693,0,1720,41,3.72,1
589,Agoè-Nyivé,Maritime,2021,882695,74.58,12,56,86,600,91.71,176,104,5913,172,113,72,3.14,1
590,Golfe,Maritime,2022,1305681,66.26,7,5,27,328,61.4,141,109,1171,283,1146,30,3.08,1
591,Avé,Maritime,2020,111214,57.21,27,29,256,273,65.74,369,89,2101,83,779,15,4.6,1
592,Tchamba,Centrale,2022,200585,78.1,26,73,198,390,78.21,353,113,5635,54,1316,61,3.5,1
593,Kpélé,Plateaux,2020,81620,71.7,2,45,116,591,69.14,169,96,1141,47,306,32,2.99,1
594,Assoli,Kara,2022,66492,53.58,2,46,169,388,55.62,361,90,5823,227,1706,63,3.53,1
595,Bas-Mono,Maritime,2023,95380,73.32,5,20,105,469,54.31,322,105,2636,100,1572,55,3.09,1
596,Blitta,Centrale,2022,218753,82.95,29,96,146,556,53.05,87,77,2859,65,566,58,4.29,0
597,Anié,Plateaux,2020,177188,48.69,9,75,33,302,76.48,155,100,2829,157,1602,0,3.4,1
598,Danyi,Plateaux,2020,40240,54.71,9,77,196,456,75.0,372,59,5517,7,259,70,2.94,1
599,Moyen-Mono,Plateaux,2023,90505,94.12,28,29,73,568,84.45,213,116,2839,158,959,49,3.1,1
600,Lacs,Maritime,2021,241207,55.67,8,6,49,309,71.31,251,53,2843,233,1806,16,3.9,1
601,Oti-Sud,Savanes,2022,150806,74.8,3,95,141,197,89.75,387,44,906,161,17,0,4.39,0
602,Golfe,Maritime,2023,1305681,59.57,9,47,61,589,52.78,50,76,5578,70,827,5,3.7,1
603,Kozah,Kara,2020,283738,58.39,17,62,288,393,65.41,369,44,5298,251,976,24,2.81,1
604,Zio,Maritime,2022,500032,46.39,8,17,182,128,63.05,137,49,5937,218,1669,31,4.67,1
605,Avé,Maritime,2022,111214,77.04,28,17,26,498,62.68,379,26,1176,279,1032,7,3.57,0
606,Oti,Savanes,2023,123324,76.09,11,58,70,594,65.05,236,51,5253,33,1764,23,4.64,1
607,Yoto,Maritime,2022,174451,54.14,25,35,242,153,79.7,290,74,5966,280,255,2,4.57,1
608,Yoto,Maritime,2021,174451,43.47,17,11,41,537,52.74,109,106,3243,67,472,47,2.69,1
609,Danyi,Plateaux,2021,40240,90.26,27,98,72,475,82.3,276,62,5948,270,489,16,3.85,1
610,Akébou,Plateaux,2020,73188,81.07,13,22,88,593,79.73,232,101,5404,259,982,67,3.18,1
611,Tandjoaré,Savanes,2020,35537,77.66,21,36,62,83,83.63,219,64,4689,68,1748,11,3.26,1
612,Kpendjal-Ouest,Savanes,2020,120285,60.01,23,22,259,300,80.91,354,71,759,126,233,8,3.01,0
613,Kpélé,Plateaux,2021,81620,61.93,4,15,250,231,83.61,247,37,3539,112,1744,59,4.3,0
614,Anié,Plateaux,2022,177188,56.17,18,73,109,295,90.64,257,27,3239,266,719,22,4.56,1
615,Sotouboua,Centrale,2022,141404,78.93,17,47,178,83,83.71,75,53,3812,98,50,72,4.19,0
616,Bassar,Kara,2022,152038,46.18,8,61,80,498,78.71,322,64,5143,62,1710,3,2.95,1
617,Oti,Savanes,2021,123324,76.05,23,53,238,230,52.96,367,81,1022,14,1383,34,4.29,1
618,Bas-Mono,Maritime,2021,95380,58.26,5,16,125,285,86.93,392,30,1133,134,1733,2,3.46,1
619,Golfe,Maritime,2021,1305681,56.17,7,14,281,136,53.34,154,83,976,8,980,13,3.64,1
620,Kpélé,Plateaux,2021,81620,70.26,28,29,95,581,72.69,219,32,2778,110,1820,56,3.35,0
621,Zio,Maritime,2020,500032,44.76,16,59,195,56,70.64,333,89,3002,12,331,25,3.96,1
622,Mô,Centrale,2023,52448,51.71,23,6,258,199,53.35,156,93,4552,147,1648,57,4.07,1
623,Zio,Maritime,2020,500032,68.53,28,25,174,220,65.1,252,69,2382,107,811,8,2.57,0
624,Danyi,Plateaux,2020,40240,50.44,10,36,271,358,58.3,388,57,4192,235,1855,60,2.56,1
625,Haho,Plateaux,2020,305096,41.95,11,76,102,176,75.81,257,58,4582,101,119,21,4.1,1
626,Binah,Kara,2020,84739,48.18,11,78,42,443,62.0,173,25,2614,101,1026,35,4.32,1
627,Anié,Plateaux,2020,177188,43.32,9,8,190,475,94.24,266,26,983,195,1568,13,2.81,1
628,Oti,Savanes,2023,123324,48.16,15,95,59,387,77.68,64,103,2041,1,1110,49,4.58,1
629,Bassar,Kara,2023,152038,53.8,12,71,31,391,84.36,58,110,1840,294,830,17,2.66,1
630,Dankpen,Kara,2022,184632,60.23,2,70,83,188,50.96,325,37,256,153,922,3,4.29,0
631,Wawa,Plateaux,2022,101300,89.61,26,88,161,312,80.93,139,68,5273,243,1705,42,4.64,1
632,Bassar,Kara,2020,152038,49.71,11,74,210,376,94.54,283,29,2770,284,1737,59,4.5,1
633,Kozah,Kara,2020,283738,59.62,26,85,238,505,65.63,154,36,4839,260,1530,5,4.11,1
634,Avé,Maritime,2022,111214,93.06,11,31,217,461,55.48,67,38,2216,57,82,0,3.46,0
635,Golfe,Maritime,2023,1305681,77.59,29,96,173,275,51.5,348,44,5521,71,929,46,4.79,1
636,Binah,Kara,2020,84739,44.91,25,79,104,266,75.54,387,43,459,66,36,31,3.92,1
637,Ogou,Plateaux,2021,253467,89.91,5,99,64,295,51.06,226,42,3326,41,518,78,2.85,0
638,Tchaoudjo,Centrale,2021,240360,54.82,10,91,50,465,79.16,233,33,1087,19,83,23,2.66,1
639,Kozah,Kara,2023,283738,94.8,23,17,113,268,60.1,142,87,4481,97,1261,50,4.64,1
640,Wawa,Plateaux,2021,101300,57.85,13,33,178,573,76.74,178,84,286,46,1513,74,2.92,1
641,Assoli,Kara,2020,66492,54.43,17,68,246,159,87.92,336,101,4703,282,993,55,4.64,1
642,Agoè-Nyivé,Maritime,2020,882695,64.89,13,94,229,338,89.54,200,75,5957,73,1036,26,3.97,1
643,Binah,Kara,2023,84739,50.69,28,68,174,400,79.36,194,33,2768,100,75,13,4.55,1
644,Est-Mono,Plateaux,2022,164460,61.2,7,47,23,62,81.78,223,42,3018,50,1665,14,3.78,0
645,Moyen-Mono,Plateaux,2022,90505,66.32,13,29,203,552,59.63,301,101,948,203,1873,76,4.38,1
646,Assoli,Kara,2023,66492,86.28,8,90,50,117,54.68,257,110,2459,225,1426,15,4.23,1
647,Doufelgou,Kara,2022,87588,82.97,23,77,80,393,64.91,108,35,3475,198,471,50,3.97,0
648,Dankpen,Kara,2021,184632,83.37,20,75,138,53,72.73,263,91,5358,37,330,63,2.53,1
649,Kpendjal-Ouest,Savanes,2021,120285,52.5,11,71,71,163,88.57,329,37,4528,51,20,69,2.99,1
650,Bassar,Kara,2022,152038,53.34,28,81,128,291,52.45,200,74,5107,189,1845,12,3.15,1
651,Wawa,Plateaux,2020,101300,76.38,23,97,196,597,73.66,231,65,2540,69,1042,10,4.3,0
652,Oti-Sud,Savanes,2023,150806,68.64,4,6,78,91,64.51,204,74,815,73,1051,51,3.95,0
653,Tandjoaré,Savanes,2022,35537,90.79,13,58,199,188,92.68,190,42,2162,231,235,49,3.69,0
654,Sotouboua,Centrale,2023,141404,66.94,5,87,67,121,83.91,124,64,782,122,472,18,4.01,0
655,Haho,Plateaux,2020,305096,65.98,27,30,47,213,60.52,182,78,3368,215,423,22,3.98,0
656,Est-Mono,Plateaux,2022,164460,61.74,22,61,292,379,60.1,335,22,1083,46,1920,26,2.92,0
657,Oti-Sud,Savanes,2020,150806,83.71,8,11,62,154,95.37,364,51,2884,255,544,68,2.78,0
658,Ogou,Plateaux,2022,253467,77.34,11,7,133,95,62.13,233,79,815,81,1843,21,3.33,0
659,Blitta,Centrale,2023,218753,54.48,17,34,288,589,54.47,141,48,4285,272,1263,66,3.66,1
660,Agoè-Nyivé,Maritime,2021,882695,51.07,14,62,288,216,81.29,365,107,3317,143,1226,1,3.96,1
661,Haho,Plateaux,2021,305096,73.46,12,30,75,408,57.86,107,62,4949,135,1335,40,4.72,1
662,Oti,Savanes,2020,123324,54.69,16,66,59,292,63.88,333,55,4472,89,120,39,3.37,1
663,Doufelgou,Kara,2020,87588,52.05,22,85,198,456,66.07,160,61,4047,218,1626,46,3.72,1
664,Avé,Maritime,2023,111214,55.33,30,20,35,550,70.08,190,38,3537,63,796,13,4.18,1
665,Binah,Kara,2021,84739,63.93,2,20,142,94,71.09,60,75,5541,268,489,33,3.78,1
666,Tône,Savanes,2020,388775,54.57,12,58,173,240,80.82,307,87,5119,120,1695,59,2.56,1
667,Assoli,Kara,2023,66492,42.37,21,56,183,206,90.27,185,76,5504,66,1830,59,3.58,1
668,Tchamba,Centrale,2020,200585,84.8,20,63,79,516,65.97,162,69,617,258,1965,38,4.55,0
669,Zio,Maritime,2020,500032,79.07,4,14,138,306,55.28,250,109,831,85,503,37,4.46,1
670,Kpélé,Plateaux,2023,81620,83.32,26,21,181,241,92.36,165,98,1072,292,1459,28,4.03,1
671,Danyi,Plateaux,2020,40240,93.49,14,77,183,370,71.0,375,33,3295,13,311,71,2.97,0
672,Wawa,Plateaux,2021,101300,79.62,20,92,79,534,51.25,318,95,2214,178,1026,12,3.48,1
673,Anié,Plateaux,2020,177188,79.44,16,20,231,465,70.09,243,54,5206,258,337,11,2.54,1
674,Haho,Plateaux,2022,305096,51.43,16,70,190,285,94.42,297,81,4200,182,1566,55,3.58,1
675,Haho,Plateaux,2021,305096,50.17,20,43,235,350,66.63,104,112,2145,245,788,75,4.52,1
676,Doufelgou,Kara,2023,87588,94.35,17,27,114,165,63.3,300,114,1941,293,1532,79,4.64,1
677,Oti-Sud,Savanes,2023,150806,86.94,19,68,129,159,77.93,343,45,4875,4,162,74,2.64,1
678,Oti-Sud,Savanes,2021,150806,84.77,24,15,236,250,63.02,91,96,849,3,157,49,3.67,1
679,Agou,Plateaux,2022,85793,75.28,30,76,52,455,87.28,187,65,4166,290,2000,22,4.45,1
680,Tône,Savanes,2023,388775,43.63,22,8,61,94,66.14,75,82,5400,262,568,50,3.86,1
681,Oti-Sud,Savanes,2020,150806,45.73,26,20,115,264,88.87,270,86,2789,5,1758,42,2.73,1
682,Anié,Plateaux,2022,177188,47.78,6,83,244,248,92.46,258,106,4620,184,1900,5,2.93,1
683,Binah,Kara,2022,84739,44.04,30,56,174,352,51.22,168,114,525,149,610,12,4.25,1
684,Est-Mono,Plateaux,2021,164460,48.88,9,86,196,401,97.88,116,58,3998,62,568,65,3.08,1
685,Yoto,Maritime,2023,174451,41.91,23,92,126,525,57.68,68,45,1302,250,739,8,4.63,1
686,Avé,Maritime,2021,111214,43.71,8,45,245,547,91.98,191,106,1990,110,106,26,3.77,1
687,Kéran,Kara,2022,123138,52.31,8,14,156,471,52.4,376,84,411,133,1353,16,3.37,1
688,Kpendjal,Savanes,2021,150806,54.75,12,76,70,216,81.76,223,107,2630,240,1374,10,3.52,1
689,Avé,Maritime,2023,111214,46.38,18,93,259,378,54.38,327,40,2258,262,1980,35,2.53,1
690,Oti-Sud,Savanes,2020,150806,72.83,23,43,161,70,68.1,288,58,491,42,632,15,3.71,0
691,Yoto,Maritime,2021,174451,74.41,23,84,241,440,51.39,293,57,1353,184,579,23,3.14,0
692,Blitta,Centrale,2023,218753,64.49,23,22,260,183,53.31,298,50,2971,230,1880,30,4.75,0
693,Ogou,Plateaux,2023,253467,68.98,9,100,70,512,91.3,171,102,2276,145,691,6,2.62,1
694,Zio,Maritime,2021,500032,45.21,10,87,99,490,55.85,218,107,338,2,587,44,4.76,1
695,Oti,Savanes,2022,123324,62.53,14,44,250,381,57.53,128,55,763,71,625,52,3.74,0
696,Oti,Savanes,2022,123324,89.76,26,30,154,150,75.82,94,50,4012,132,1922,57,3.88,1
697,Kloto,Plateaux,2021,145985,80.94,17,72,31,362,90.26,339,54,5990,83,694,32,4.73,1
698,Kéran,Kara,2021,123138,62.23,4,47,37,130,88.95,154,112,5001,188,414,28,2.79,1
699,Kéran,Kara,2021,123138,50.19,24,94,249,424,78.69,211,20,3381,160,1990,23,4.13,1
700,Ogou,Plateaux,2021,253467,86.34,16,32,125,281,70.96,262,21,645,74,524,61,3.91,0
701,Oti-Sud,Savanes,2022,150806,56.3,16,20,157,505,73.26,170,82,5589,27,46,33,3.07,1
702,Mô,Centrale,2023,52448,85.91,2,96,260,83,59.98,237,49,665,241,1889,77,3.4,0
703,Ogou,Plateaux,2020,253467,47.01,16,77,295,77,55.77,231,31,1181,184,1212,26,2.76,1
704,Cinkassé,Savanes,2023,173987,48.16,29,80,100,74,64.7,117,110,5910,267,874,23,2.76,1
705,Lacs,Maritime,2022,241207,69.96,13,22,256,344,50.45,65,31,599,175,330,16,2.52,0
706,Oti-Sud,Savanes,2023,150806,88.05,24,38,86,87,92.87,163,93,1865,24,1246,57,4.65,1
707,Vo,Maritime,2022,224411,55.92,10,46,241,415,82.4,360,24,4483,104,884,68,4.32,1
708,Haho,Plateaux,2020,305096,64.82,15,22,286,533,61.14,141,92,4084,300,1582,13,3.27,1
709,Golfe,Maritime,2021,1305681,48.62,26,9,59,471,68.9,181,104,533,276,1510,16,3.77,1
710,Yoto,Maritime,2023,174451,89.1,28,33,226,119,95.73,65,63,3378,298,1839,33,4.43,0
711,Binah,Kara,2020,84739,57.2,3,30,118,546,66.42,373,44,3925,96,1625,80,3.18,1
712,Tône,Savanes,2020,388775,76.97,2,19,108,376,70.92,172,67,353,25,901,43,4.39,0
713,Mô,Centrale,2023,52448,82.79,2,64,269,210,64.98,317,99,1165,121,1996,5,4.23,1
714,Vo,Maritime,2022,224411,87.04,16,28,168,129,92.58,213,95,1521,108,140,73,3.82,1
715,Oti,Savanes,2023,123324,48.84,28,9,258,454,77.09,284,30,638,158,932,5,4.05,1
716,Dankpen,Kara,2020,184632,61.97,6,39,79,459,95.04,124,31,4078,16,497,67,3.93,1
717,Moyen-Mono,Plateaux,2023,90505,50.61,20,55,200,465,96.99,104,23,3400,117,361,11,4.59,1
718,Tône,Savanes,2022,388775,74.1,19,16,168,485,82.9,344,101,3583,68,912,80,4.56,1
719,Haho,Plateaux,2023,305096,81.14,27,21,272,297,91.78,338,66,4687,40,1523,25,4.23,1
720,Agou,Plateaux,2023,85793,47.31,24,94,163,471,59.47,350,40,1027,66,109,68,3.21,1
721,Avé,Maritime,2021,111214,59.92,27,36,51,280,51.44,398,25,5847,210,1319,34,4.01,1
722,Yoto,Maritime,2021,174451,79.97,18,35,268,344,51.59,182,74,3494,211,753,67,3.12,0
723,Agoè-Nyivé,Maritime,2023,882695,90.16,19,18,236,93,97.7,143,41,5578,177,1224,21,4.48,1
724,Tchamba,Centrale,2021,200585,76.56,18,75,153,261,69.52,268,96,2248,6,1600,0,3.69,1
725,Tône,Savanes,2021,388775,76.65,11,68,106,250,66.96,279,103,518,85,1882,80,3.16,1
726,Oti-Sud,Savanes,2020,150806,54.15,3,31,141,52,62.28,219,22,4549,288,212,48,4.78,1
727,Amou,Plateaux,2023,110948,45.57,29,98,175,184,83.39,144,98,2049,95,1893,34,2.95,1
728,Amou,Plateaux,2022,110948,82.75,28,14,69,599,67.8,192,67,4596,28,1182,27,4.07,1
729,Est-Mono,Plateaux,2023,164460,77.64,30,25,245,88,57.61,130,77,1347,165,1228,44,3.01,0
730,Anié,Plateaux,2021,177188,89.78,3,41,260,94,61.19,262,63,3697,155,839,51,2.86,0
731,Yoto,Maritime,2022,174451,87.73,23,54,169,94,87.17,220,77,4968,93,1312,34,3.31,1
732,Mô,Centrale,2021,52448,57.53,28,81,213,584,77.48,286,20,2864,64,814,40,3.33,1
733,Tchaoudjo,Centrale,2020,240360,50.2,2,100,129,463,79.86,145,40,2053,213,566,47,2.72,1
734,Kpendjal-Ouest,Savanes,2022,120285,46.43,2,67,279,165,91.0,105,24,1475,267,504,11,2.76,1
735,Tône,Savanes,2023,388775,53.06,26,27,128,122,55.88,383,29,3008,47,1769,51,4.64,1
736,Wawa,Plateaux,2022,101300,81.56,26,16,231,345,79.27,126,82,4221,261,1876,42,4.3,1
737,Kpendjal-Ouest,Savanes,2020,120285,57.92,11,79,142,206,89.95,255,54,5936,86,415,53,3.06,1
738,Kpélé,Plateaux,2020,81620,81.06,16,26,112,495,55.23,87,22,3327,297,721,63,3.94,0
739,Agoè-Nyivé,Maritime,2022,882695,70.84,30,96,215,154,60.16,80,36,439,278,338,12,4.0,0
740,Assoli,Kara,2020,66492,68.67,28,77,100,209,56.33,362,80,4690,173,1891,12,2.76,1
741,Oti-Sud,Savanes,2023,150806,90.65,3,71,242,191,57.09,263,43,2007,68,655,56,3.12,0
742,Bassar,Kara,2020,152038,90.3,18,58,292,368,87.06,81,48,5368,146,1669,25,3.35,1
743,Tandjoaré,Savanes,2021,35537,63.21,23,90,182,105,57.35,171,40,4132,40,1862,40,4.12,1
744,Wawa,Plateaux,2021,101300,65.09,15,22,124,263,86.03,325,38,3347,156,936,43,3.75,0
745,Golfe,Maritime,2022,1305681,91.49,7,93,255,100,60.8,144,98,1010,93,241,57,3.82,1
746,Tandjoaré,Savanes,2022,35537,56.93,4,25,155,164,51.35,212,29,4060,137,253,69,2.78,1
747,Moyen-Mono,Plateaux,2020,90505,59.94,25,79,288,166,72.27,81,84,1869,128,685,11,4.73,1
748,Oti,Savanes,2021,123324,76.33,8,50,296,280,94.89,352,105,577,41,1271,29,2.54,1
749,Lacs,Maritime,2022,241207,59.75,5,77,241,309,51.24,137,44,5389,107,1788,28,2.62,1
750,Tchamba,Centrale,2022,200585,46.78,21,28,44,217,60.9,331,56,3215,114,205,38,3.81,1
751,Moyen-Mono,Plateaux,2022,90505,46.18,26,65,251,597,97.88,222,76,595,157,1370,79,2.54,1
752,Bassar,Kara,2020,152038,76.39,19,97,25,195,89.48,94,73,3741,12,1616,43,4.1,0
753,Bas-Mono,Maritime,2022,95380,52.37,17,59,146,106,64.99,100,73,488,253,1313,32,4.5,1
754,Danyi,Plateaux,2020,40240,63.03,21,8,65,563,62.69,150,56,1063,191,1440,25,3.12,0
755,Avé,Maritime,2022,111214,85.78,14,11,209,231,53.85,286,115,734,209,675,1,4.57,1
756,Yoto,Maritime,2023,174451,76.22,21,27,21,493,91.44,291,107,1101,212,1728,27,3.78,1
757,Yoto,Maritime,2022,174451,46.98,29,63,264,195,51.76,375,48,2211,39,1817,0,3.53,1
758,Doufelgou,Kara,2021,87588,88.54,27,24,281,397,82.07,71,42,1603,285,296,77,3.31,0
759,Tchaoudjo,Centrale,2023,240360,64.96,18,60,175,152,97.94,366,61,4689,213,1282,63,4.51,1
760,Agoè-Nyivé,Maritime,2022,882695,89.71,10,9,20,317,64.93,383,21,4501,155,1312,48,4.51,1
761,Yoto,Maritime,2022,174451,61.67,25,63,85,208,95.72,293,63,2142,165,1418,45,4.41,0
762,Blitta,Centrale,2023,218753,73.45,2,100,79,474,95.81,351,39,3648,73,1458,40,2.99,0
763,Tchamba,Centrale,2020,200585,74.84,17,6,98,389,66.89,102,96,2797,144,878,35,3.36,1
764,Est-Mono,Plateaux,2023,164460,62.11,24,80,286,572,68.99,400,68,3130,268,605,60,2.71,0
765,Blitta,Centrale,2022,218753,87.98,23,54,185,333,64.75,298,27,5473,252,538,15,4.71,1
766,Kloto,Plateaux,2020,145985,56.91,11,94,285,76,54.06,181,74,1513,82,179,79,4.19,1
767,Kéran,Kara,2022,123138,78.1,9,39,241,565,73.55,177,47,4445,184,1470,56,4.67,1
768,Cinkassé,Savanes,2020,173987,79.91,6,92,299,334,57.54,352,81,5198,72,801,20,3.23,1
769,Kozah,Kara,2022,283738,78.78,3,70,287,204,78.34,266,41,5438,33,785,28,4.2,1
770,Akébou,Plateaux,2023,73188,66.91,4,91,291,358,57.66,303,96,1909,152,981,64,4.08,1
771,Moyen-Mono,Plateaux,2023,90505,48.95,19,91,300,369,78.63,363,94,4687,189,60,59,4.7,1
772,Doufelgou,Kara,2023,87588,74.99,4,11,191,575,97.88,290,111,1582,64,600,66,3.27,1
773,Tandjoaré,Savanes,2023,35537,59.2,23,85,218,186,97.59,288,62,3737,226,597,10,4.16,1
774,Binah,Kara,2023,84739,57.81,29,78,228,535,65.82,322,84,1839,233,1602,73,3.47,1
775,Vo,Maritime,2020,224411,82.63,12,21,284,211,61.54,131,120,2156,190,1710,19,4.74,1
776,Kpélé,Plateaux,2020,81620,69.16,26,66,152,267,93.86,101,64,4302,3,1305,27,3.07,1
777,Anié,Plateaux,2021,177188,89.63,4,22,169,595,70.39,283,100,2069,25,408,76,4.55,1
778,Tchaoudjo,Centrale,2023,240360,81.71,7,83,287,441,95.93,372,52,913,146,1342,5,3.44,0
779,Mô,Centrale,2022,52448,88.27,4,22,143,273,67.37,315,82,3309,13,441,67,3.68,1
780,Kpendjal,Savanes,2023,150806,84.4,5,11,215,466,79.82,333,96,3880,204,66,43,4.18,1
781,Doufelgou,Kara,2021,87588,67.58,18,94,84,569,52.63,69,103,1493,299,132,2,3.19,1
782,Wawa,Plateaux,2021,101300,75.92,17,85,25,303,97.7,316,82,3909,45,1005,65,2.8,1
783,Binah,Kara,2022,84739,63.68,16,46,203,442,95.9,313,32,2499,153,1497,50,4.4,0
784,Akébou,Plateaux,2021,73188,87.41,28,97,197,57,51.82,86,39,4267,101,169,33,2.54,1
785,Moyen-Mono,Plateaux,2021,90505,56.5,27,43,281,268,81.97,238,22,3794,259,1478,28,4.76,1
786,Oti,Savanes,2023,123324,45.33,15,72,66,355,86.65,249,60,350,19,1168,1,3.86,1
787,Kozah,Kara,2021,283738,91.42,6,80,213,107,50.28,125,40,2706,281,591,22,4.16,0
788,Haho,Plateaux,2023,305096,73.85,12,95,120,496,89.47,107,55,2708,63,1171,17,4.54,0
789,Yoto,Maritime,2020,174451,65.64,14,39,202,184,58.43,300,27,1353,203,1925,64,4.03,0
790,Tandjoaré,Savanes,2020,35537,51.48,11,16,45,134,96.37,146,53,2612,253,343,59,3.05,1
791,Anié,Plateaux,2022,177188,66.13,20,30,184,320,71.63,145,106,1373,168,1164,77,3.19,1
792,Tône,Savanes,2020,388775,49.02,25,70,203,72,55.67,226,32,3256,4,539,62,3.36,1
793,Blitta,Centrale,2021,218753,94.83,10,27,89,502,61.1,59,75,1693,55,959,60,3.01,0
794,Golfe,Maritime,2022,1305681,74.65,16,71,283,377,82.81,241,48,683,169,1091,73,3.29,0
795,Wawa,Plateaux,2022,101300,73.82,10,57,174,227,87.57,208,25,5969,300,567,80,4.15,1
796,Est-Mono,Plateaux,2023,164460,40.12,24,75,152,597,64.77,189,82,5475,123,233,60,2.92,1
797,Agoè-Nyivé,Maritime,2021,882695,53.67,22,61,144,458,79.63,386,56,5807,68,545,29,2.58,1
798,Agoè-Nyivé,Maritime,2021,882695,60.94,4,14,110,287,68.08,203,79,4822,34,272,36,3.99,1
799,Cinkassé,Savanes,2023,173987,76.79,10,96,266,553,79.76,329,87,2244,94,368,41,2.64,1
800,Kpendjal,Savanes,2021,150806,67.0,10,49,148,340,92.32,184,93,4511,131,221,61,3.22,1
801,Tchamba,Centrale,2021,200585,47.58,17,39,138,471,85.3,343,35,4865,28,86,41,4.12,1
802,Yoto,Maritime,2022,174451,81.89,28,48,208,470,54.47,206,32,1986,161,1419,64,3.54,0
803,Yoto,Maritime,2020,174451,40.9,7,78,269,165,73.92,257,66,4481,77,173,53,2.8,1
804,Mô,Centrale,2023,52448,85.86,4,41,64,582,73.73,66,71,1566,279,404,37,4.14,0
805,Blitta,Centrale,2023,218753,49.67,4,25,96,591,60.73,321,53,387,28,1183,51,3.47,1
806,Anié,Plateaux,2021,177188,77.51,10,25,225,232,93.48,335,119,913,107,1197,30,3.92,1
807,Kozah,Kara,2023,283738,90.8,12,32,183,556,61.92,229,100,3279,147,1341,57,4.04,1
808,Bas-Mono,Maritime,2022,95380,58.04,27,25,153,370,82.02,294,45,1401,45,190,44,2.51,1
809,Agoè-Nyivé,Maritime,2022,882695,89.63,9,87,28,61,53.59,176,45,4566,264,1276,61,4.68,1
810,Vo,Maritime,2021,224411,50.0,26,20,293,255,54.5,142,116,232,59,1322,73,4.72,1
811,Oti,Savanes,2020,123324,72.17,3,58,264,490,56.65,60,49,1798,189,730,10,2.59,0
812,Mô,Centrale,2021,52448,85.14,19,55,197,479,97.72,233,67,5295,179,78,12,2.79,1
813,Binah,Kara,2022,84739,88.59,20,58,49,137,78.68,246,96,5288,294,411,69,3.1,1
814,Tchaoudjo,Centrale,2021,240360,52.01,13,37,284,195,53.67,54,70,5501,259,389,47,2.95,1
815,Haho,Plateaux,2020,305096,61.44,17,12,90,227,52.83,217,103,5955,134,797,51,3.63,1
816,Golfe,Maritime,2020,1305681,88.54,19,69,187,301,77.0,252,113,4046,75,1092,80,4.2,1
817,Bas-Mono,Maritime,2021,95380,43.55,12,39,220,386,93.02,259,90,3275,251,1539,59,2.59,1
818,Agou,Plateaux,2023,85793,85.06,27,57,247,138,62.56,173,33,251,194,520,26,2.63,0
819,Anié,Plateaux,2022,177188,46.72,9,78,224,55,71.21,313,28,4031,96,894,33,3.25,1
820,Tandjoaré,Savanes,2023,35537,80.72,11,42,202,350,94.06,230,38,3349,238,498,43,2.6,0
821,Wawa,Plateaux,2023,101300,67.65,12,81,162,498,51.29,377,61,3502,264,1824,26,3.15,0
822,Agoè-Nyivé,Maritime,2020,882695,60.19,4,94,237,143,90.16,95,79,3180,22,678,21,4.48,0
823,Danyi,Plateaux,2021,40240,53.55,14,65,198,411,90.68,349,61,1230,249,604,69,4.12,1
824,Assoli,Kara,2023,66492,80.05,26,24,239,594,66.91,355,96,739,294,1969,61,3.53,1
825,Golfe,Maritime,2021,1305681,85.01,7,51,74,402,55.1,203,47,3257,97,1544,6,4.44,0
826,Kloto,Plateaux,2023,145985,54.03,9,55,159,279,77.59,253,71,493,153,521,43,3.58,1
827,Kloto,Plateaux,2022,145985,89.46,13,41,236,233,92.73,364,83,5506,134,246,21,4.0,1
828,Kpélé,Plateaux,2020,81620,93.41,15,58,147,351,67.46,53,83,3513,5,1735,19,3.0,1
829,Mô,Centrale,2023,52448,72.39,13,49,262,585,64.44,220,113,3584,266,123,41,3.97,1
830,Cinkassé,Savanes,2021,173987,85.21,4,89,232,302,82.99,347,74,1950,107,1737,51,2.79,0
831,Danyi,Plateaux,2022,40240,69.55,23,39,224,282,84.4,60,53,3547,251,777,29,3.76,0
832,Est-Mono,Plateaux,2020,164460,65.03,25,88,69,506,80.83,184,48,2032,45,211,7,3.24,0
833,Agoè-Nyivé,Maritime,2021,882695,86.39,20,87,138,293,73.7,316,31,2858,168,59,51,3.54,0
834,Oti-Sud,Savanes,2023,150806,86.0,14,61,166,307,73.15,100,72,400,158,979,26,2.97,0
835,Agou,Plateaux,2020,85793,47.57,27,83,133,544,64.4,285,104,5527,238,792,32,4.68,1
836,Mô,Centrale,2022,52448,90.79,25,69,98,231,74.05,289,104,4817,124,31,71,4.43,1
837,Binah,Kara,2020,84739,77.57,29,84,174,177,90.63,335,88,1092,243,37,57,4.08,1
838,Binah,Kara,2022,84739,81.58,2,88,23,368,65.73,93,110,1935,153,1793,36,4.1,1
839,Zio,Maritime,2020,500032,58.17,16,76,285,284,84.01,217,20,5213,161,146,19,3.28,1
840,Kozah,Kara,2021,283738,57.21,6,11,228,308,62.48,377,50,3289,7,1393,27,3.0,1
841,Yoto,Maritime,2021,174451,78.13,12,17,141,265,52.24,252,88,3187,242,79,48,2.97,1
842,Tône,Savanes,2020,388775,59.38,21,13,295,466,89.53,258,49,2573,164,695,28,3.18,1
843,Bassar,Kara,2023,152038,41.41,17,100,219,358,95.6,52,105,2408,21,236,43,3.18,1
844,Zio,Maritime,2020,500032,85.16,9,32,213,191,91.99,381,92,5377,152,1450,70,3.05,1
845,Kpendjal,Savanes,2020,150806,86.9,30,79,105,573,55.49,169,70,2605,92,242,36,4.32,0
846,Binah,Kara,2021,84739,78.31,23,46,142,181,91.61,357,104,4231,164,223,68,4.1,1
847,Akébou,Plateaux,2023,73188,54.37,10,90,163,600,93.29,206,66,2205,235,173,52,2.73,1
848,Anié,Plateaux,2023,177188,82.75,28,55,226,331,74.96,97,23,324,181,1773,55,4.17,0
849,Assoli,Kara,2020,66492,76.51,3,50,228,376,50.76,366,39,1331,190,1461,33,2.76,0
850,Cinkassé,Savanes,2023,173987,40.6,12,15,92,566,68.43,365,58,5994,127,844,9,2.52,1
851,Zio,Maritime,2022,500032,59.86,23,9,59,410,50.56,356,23,1924,296,1854,31,4.62,1
852,Kpélé,Plateaux,2021,81620,94.78,23,84,213,88,54.62,115,44,5004,116,339,7,2.56,1
853,Oti-Sud,Savanes,2020,150806,83.89,6,60,236,349,66.02,142,98,4106,268,862,8,2.76,1
854,Amou,Plateaux,2022,110948,86.37,21,34,168,93,88.54,324,25,4795,130,382,37,4.42,1
855,Bassar,Kara,2023,152038,86.06,29,88,132,213,52.21,228,61,3817,216,136,58,2.69,0
856,Anié,Plateaux,2022,177188,46.8,12,37,242,227,59.91,273,20,5465,32,1014,70,4.72,1
857,Doufelgou,Kara,2022,87588,42.33,22,28,173,418,87.05,270,44,2810,256,583,71,2.62,1
858,Blitta,Centrale,2021,218753,58.29,29,41,206,574,80.87,117,35,4665,81,1246,35,4.35,1
859,Avé,Maritime,2022,111214,49.32,28,92,68,64,72.99,349,75,1323,62,793,1,3.95,1
860,Bas-Mono,Maritime,2022,95380,89.13,5,36,288,529,87.84,263,42,900,5,623,76,2.79,0
861,Oti-Sud,Savanes,2023,150806,90.14,27,46,261,252,73.93,219,98,5650,159,134,13,3.78,1
862,Lacs,Maritime,2021,241207,87.51,6,6,212,115,82.69,261,30,1220,248,96,15,2.63,0
863,Oti-Sud,Savanes,2021,150806,69.81,7,44,55,496,73.66,208,91,4326,79,720,4,3.86,1
864,Anié,Plateaux,2022,177188,79.55,9,14,22,210,54.56,157,120,613,208,1334,16,3.25,1
865,Tône,Savanes,2022,388775,54.91,9,27,204,476,80.58,381,21,991,210,380,3,3.65,1
866,Vo,Maritime,2022,224411,44.49,30,74,241,73,58.64,251,41,3807,299,1748,16,2.51,1
867,Oti,Savanes,2022,123324,74.88,24,87,191,89,57.22,352,85,5911,253,1843,48,3.53,1
868,Kloto,Plateaux,2023,145985,44.48,6,11,228,87,57.96,297,72,1440,146,1523,47,4.1,1
869,Avé,Maritime,2020,111214,86.96,27,27,193,348,96.63,53,62,3422,298,545,49,3.55,0
870,Oti-Sud,Savanes,2020,150806,76.39,19,13,126,328,80.12,389,111,1347,231,520,42,2.78,1
871,Mô,Centrale,2020,52448,89.28,4,80,119,159,69.81,249,111,1696,144,557,4,2.72,1
872,Tchaoudjo,Centrale,2022,240360,71.64,27,54,93,422,70.89,250,116,5435,102,476,51,4.55,1
873,Cinkassé,Savanes,2022,173987,44.52,22,80,285,327,53.1,393,20,845,216,1052,66,2.71,1
874,Zio,Maritime,2021,500032,56.97,29,100,186,337,79.87,358,98,1216,280,399,17,3.69,1
875,Danyi,Plateaux,2021,40240,66.68,3,43,32,205,65.68,287,27,3882,98,1372,29,4.05,0
876,Agou,Plateaux,2020,85793,61.89,4,57,181,408,89.09,393,31,3279,147,866,36,3.2,0
877,Tchamba,Centrale,2020,200585,82.14,11,32,94,372,70.96,69,85,3114,97,1371,56,2.69,1
878,Lacs,Maritime,2021,241207,85.96,21,50,272,359,72.65,55,58,5852,45,761,20,2.79,1
879,Avé,Maritime,2022,111214,52.62,10,29,177,421,87.65,159,80,5497,192,787,67,2.94,1
880,Dankpen,Kara,2021,184632,84.7,9,15,171,443,66.19,292,79,2207,39,1396,13,4.06,0
881,Kpélé,Plateaux,2022,81620,90.38,4,65,46,219,62.16,349,113,281,106,1103,18,2.95,1
882,Anié,Plateaux,2021,177188,90.32,29,11,214,331,88.13,220,113,552,45,353,44,4.75,1
883,Kozah,Kara,2022,283738,84.93,12,54,231,488,64.0,230,45,4935,62,1700,32,4.68,1
884,Amou,Plateaux,2023,110948,84.1,14,95,118,158,64.46,376,110,2532,297,346,0,3.27,1
885,Agoè-Nyivé,Maritime,2020,882695,60.39,14,26,178,450,83.99,344,70,2713,92,1474,38,3.84,0
886,Agoè-Nyivé,Maritime,2023,882695,67.47,27,96,240,488,87.97,74,23,1610,214,724,16,3.6,0
887,Blitta,Centrale,2020,218753,45.19,4,37,60,451,97.45,400,65,5881,93,586,24,4.28,1
888,Oti,Savanes,2020,123324,89.39,11,6,23,309,84.68,88,63,5027,231,732,76,3.69,1
889,Tchamba,Centrale,2020,200585,90.1,12,40,88,188,56.91,311,38,829,52,1610,30,3.26,0
890,Tchaoudjo,Centrale,2021,240360,62.02,4,59,181,98,76.52,369,51,915,6,297,7,4.71,0
891,Est-Mono,Plateaux,2021,164460,69.05,22,86,296,398,50.19,305,21,3891,246,1208,56,3.99,0
892,Tandjoaré,Savanes,2020,35537,47.48,25,73,24,541,52.65,160,42,632,53,480,61,3.79,1
893,Est-Mono,Plateaux,2022,164460,46.37,11,62,220,289,51.49,370,53,4387,225,1740,45,4.52,1
894,Tchamba,Centrale,2023,200585,76.63,24,85,151,521,68.43,170,33,1647,99,166,1,2.76,0
895,Mô,Centrale,2020,52448,87.38,6,14,241,157,60.99,362,74,5283,187,1218,18,2.56,1
896,Oti,Savanes,2022,123324,87.06,16,19,270,451,75.12,209,101,3682,234,77,48,2.97,1
897,Mô,Centrale,2022,52448,57.87,17,89,126,485,65.81,175,73,4644,261,1902,78,3.41,1
898,Avé,Maritime,2023,111214,91.69,6,39,200,527,74.77,63,28,230,52,1529,71,2.59,0
899,Akébou,Plateaux,2023,73188,74.22,21,89,156,261,87.32,205,50,1081,21,408,78,4.43,0
900,Agou,Plateaux,2020,85793,77.62,17,42,128,478,57.76,287,61,3469,98,1019,74,3.35,0
901,Doufelgou,Kara,2021,87588,63.59,30,27,118,203,91.7,252,32,495,14,394,48,3.57,0
902,Golfe,Maritime,2020,1305681,54.1,5,5,186,191,75.83,182,66,4609,211,1789,18,3.37,1
903,Ogou,Plateaux,2022,253467,54.31,23,15,296,271,55.56,259,79,3869,178,970,8,2.59,1
904,Kpélé,Plateaux,2023,81620,58.05,16,49,92,309,76.78,367,93,5459,293,465,59,2.67,1
905,Bassar,Kara,2021,152038,91.75,5,46,134,53,78.89,390,24,935,143,6,75,4.5,0
906,Agoè-Nyivé,Maritime,2020,882695,86.65,19,36,34,513,65.0,234,101,4026,0,1215,49,4.37,1
907,Kéran,Kara,2021,123138,68.44,21,67,240,183,89.37,237,109,4626,30,1407,51,3.58,1
908,Haho,Plateaux,2022,305096,46.84,4,86,74,289,85.56,343,65,4230,57,1662,52,4.34,1
909,Blitta,Centrale,2020,218753,80.13,8,91,185,390,88.44,122,30,3486,93,1647,72,3.25,0
910,Kpendjal,Savanes,2023,150806,54.51,14,93,65,142,60.63,67,40,958,185,1539,39,3.47,1
911,Cinkassé,Savanes,2021,173987,70.58,30,98,82,560,79.75,394,33,757,273,197,16,3.77,0
912,Vo,Maritime,2021,224411,55.84,20,13,216,289,60.46,363,21,5944,56,1450,36,3.91,1
913,Avé,Maritime,2022,111214,80.82,3,66,236,50,82.55,74,119,2156,74,118,70,2.94,1
914,Akébou,Plateaux,2022,73188,93.3,18,32,36,252,87.25,366,32,2887,22,1803,6,3.44,0
915,Agou,Plateaux,2022,85793,68.22,24,56,253,157,75.87,157,42,5138,186,275,3,2.92,1
916,Danyi,Plateaux,2020,40240,87.12,7,56,142,209,92.65,332,28,800,1,1297,15,3.24,0
917,Amou,Plateaux,2023,110948,42.96,5,80,26,389,71.92,110,97,5264,232,1852,34,2.78,1
918,Mô,Centrale,2021,52448,65.61,3,85,79,557,72.18,266,21,5800,262,1807,79,3.37,1
919,Kozah,Kara,2023,283738,93.79,19,15,245,452,54.6,127,82,2944,105,1100,33,3.42,1
920,Yoto,Maritime,2022,174451,83.13,22,29,262,461,65.55,220,107,338,243,1745,21,4.46,1
921,Haho,Plateaux,2020,305096,62.93,19,44,259,225,84.59,285,69,1234,81,1630,18,2.7,0
922,Kéran,Kara,2022,123138,67.34,13,22,275,225,50.35,92,49,5294,33,368,62,2.98,1
923,Binah,Kara,2020,84739,66.02,30,26,227,50,72.1,259,95,3687,4,779,78,3.92,1
924,Danyi,Plateaux,2021,40240,54.0,30,9,104,212,76.33,197,77,4520,89,1994,42,3.95,1
925,Agou,Plateaux,2023,85793,53.9,17,5,276,492,88.84,239,60,882,242,187,9,2.76,1
926,Assoli,Kara,2021,66492,92.6,17,92,118,399,85.09,261,86,420,277,37,48,4.72,1
927,Amou,Plateaux,2020,110948,57.99,21,34,120,453,76.05,375,81,2771,214,93,58,3.84,1
928,Agoè-Nyivé,Maritime,2020,882695,50.98,14,21,123,77,91.47,155,35,4466,295,271,28,4.3,1
929,Mô,Centrale,2020,52448,66.88,8,84,59,129,85.65,66,49,4701,219,503,37,2.7,1
930,Lacs,Maritime,2020,241207,60.27,23,78,43,486,83.46,330,97,3751,209,447,35,2.78,1
931,Est-Mono,Plateaux,2020,164460,42.67,25,85,277,231,80.31,57,42,3742,118,387,50,4.73,1
932,Tchamba,Centrale,2023,200585,84.94,21,92,103,232,58.53,169,70,516,298,688,55,3.97,0
933,Zio,Maritime,2021,500032,78.37,12,16,127,495,74.97,226,112,2283,290,1625,74,3.35,1
934,Danyi,Plateaux,2021,40240,80.59,29,81,33,192,91.81,238,20,5984,78,401,1,4.67,1
935,Akébou,Plateaux,2023,73188,82.05,25,66,166,549,80.7,264,26,2011,38,50,41,4.72,0
936,Lacs,Maritime,2021,241207,41.81,2,25,165,424,65.9,196,55,799,97,408,51,2.5,1
937,Assoli,Kara,2023,66492,70.73,11,25,144,234,59.05,277,55,1686,103,609,67,3.91,0
938,Kloto,Plateaux,2022,145985,52.43,20,32,116,517,86.58,189,109,3617,193,239,6,4.28,1
939,Doufelgou,Kara,2021,87588,54.69,5,59,234,532,53.23,123,29,2005,145,705,35,2.76,1
940,Moyen-Mono,Plateaux,2020,90505,86.16,12,45,284,486,91.11,307,102,5331,118,775,26,2.92,1
941,Kpendjal,Savanes,2022,150806,74.21,11,100,259,527,90.27,320,114,5336,43,1002,80,2.53,1
942,Agou,Plateaux,2023,85793,70.78,14,90,60,387,53.49,169,100,4140,38,312,65,2.63,1
943,Wawa,Plateaux,2021,101300,93.54,5,61,65,349,85.07,352,109,2384,260,1618,27,3.98,1
944,Danyi,Plateaux,2022,40240,71.02,2,28,234,255,63.04,363,73,4572,223,1302,1,3.94,1
945,Bassar,Kara,2023,152038,43.28,24,100,212,588,94.44,357,101,4000,33,1163,32,3.25,1
946,Assoli,Kara,2022,66492,74.44,12,37,81,184,76.06,314,97,5367,21,1993,47,4.12,1
947,Ogou,Plateaux,2020,253467,60.06,12,32,295,445,77.24,160,81,5195,169,797,60,3.0,1
948,Lacs,Maritime,2021,241207,85.63,29,72,186,318,92.94,313,24,2693,156,2000,32,3.36,0
949,Kpélé,Plateaux,2021,81620,86.0,21,95,75,393,93.92,375,65,1418,157,1830,16,4.65,0
950,Moyen-Mono,Plateaux,2021,90505,91.69,3,99,188,390,69.23,197,58,741,161,919,18,4.44,0
951,Agou,Plateaux,2023,85793,89.89,22,47,151,78,80.85,88,95,3138,115,1731,28,4.13,1
952,Kozah,Kara,2020,283738,46.66,14,61,111,592,67.31,387,100,2951,137,193,56,4.45,1
953,Haho,Plateaux,2023,305096,77.53,8,78,72,182,70.66,67,24,3232,190,989,67,3.65,0
954,Amou,Plateaux,2021,110948,57.04,27,54,55,156,84.88,383,97,2265,200,1915,41,3.03,1
955,Oti-Sud,Savanes,2020,150806,62.08,15,43,273,202,82.97,110,91,1989,192,1315,56,4.47,1
956,Oti,Savanes,2021,123324,42.27,14,36,221,570,54.11,121,35,4614,39,332,40,3.27,1
957,Akébou,Plateaux,2023,73188,90.38,6,40,230,174,86.1,230,50,5142,156,362,1,2.86,1
958,Oti-Sud,Savanes,2023,150806,86.88,4,91,103,425,50.39,174,40,2921,274,902,69,2.67,0
959,Kpendjal-Ouest,Savanes,2023,120285,54.74,28,8,235,286,59.34,129,94,3202,105,470,13,3.76,1
960,Anié,Plateaux,2020,177188,82.39,18,61,269,58,77.77,321,66,2137,131,1396,35,3.21,0
961,Kozah,Kara,2023,283738,78.39,4,50,230,316,63.79,118,88,456,267,1737,23,3.63,1
962,Kéran,Kara,2020,123138,42.0,21,83,298,227,91.41,366,107,3543,189,874,75,3.43,1
963,Tchamba,Centrale,2020,200585,89.9,3,48,221,245,58.49,222,112,326,103,174,49,2.75,1
964,Est-Mono,Plateaux,2021,164460,51.28,15,88,289,410,94.91,354,29,2612,283,95,38,3.69,1
965,Kpendjal,Savanes,2020,150806,66.46,10,46,236,256,81.98,225,108,3689,37,529,25,4.45,1
966,Golfe,Maritime,2020,1305681,70.07,20,30,113,445,59.4,281,104,3979,138,336,6,2.62,1
967,Tchaoudjo,Centrale,2023,240360,76.55,29,89,260,322,75.24,52,30,1243,137,595,32,4.43,0
968,Doufelgou,Kara,2022,87588,87.94,4,34,214,277,93.38,141,48,3461,243,481,60,4.22,0
969,Tandjoaré,Savanes,2023,35537,75.46,8,84,61,170,83.83,202,64,3291,160,434,47,2.85,0
970,Agou,Plateaux,2022,85793,91.76,14,18,37,78,91.42,382,77,4161,283,1873,52,4.51,1
971,Akébou,Plateaux,2023,73188,69.76,16,6,165,338,83.62,347,73,977,163,734,79,2.61,0
972,Cinkassé,Savanes,2023,173987,90.06,7,32,196,333,89.54,358,95,384,255,788,76,2.52,1
973,Tchamba,Centrale,2021,200585,84.66,30,37,259,240,91.13,72,36,4528,215,1462,73,4.53,1
974,Golfe,Maritime,2023,1305681,78.51,16,78,48,591,97.79,133,105,3717,60,1783,45,4.73,1
975,Wawa,Plateaux,2021,101300,62.58,22,71,258,461,95.52,155,62,4819,283,652,9,2.58,1
976,Oti,Savanes,2021,123324,40.77,13,75,142,137,75.49,192,34,3386,36,1165,19,3.97,1
977,Agoè-Nyivé,Maritime,2021,882695,48.79,23,58,177,260,54.55,189,22,5117,201,1171,73,3.23,1
978,Binah,Kara,2021,84739,52.71,26,60,58,488,64.6,385,39,4294,52,820,32,2.88,1
979,Bas-Mono,Maritime,2023,95380,59.81,22,29,236,71,94.84,234,88,2884,162,743,34,4.58,1
980,Cinkassé,Savanes,2021,173987,57.32,16,83,264,342,51.54,53,34,4295,149,817,10,4.1,1
981,Doufelgou,Kara,2023,87588,61.82,7,39,199,100,69.68,235,20,5011,226,1778,24,3.87,1
982,Blitta,Centrale,2023,218753,67.26,12,24,211,409,52.96,342,95,2398,33,1369,1,4.31,1
983,Vo,Maritime,2020,224411,49.17,17,18,39,366,81.38,263,62,3410,94,1550,21,4.02,1
984,Bas-Mono,Maritime,2021,95380,72.6,17,24,165,578,73.94,231,92,1186,16,224,74,4.16,1
985,Binah,Kara,2022,84739,40.21,27,62,120,443,59.25,251,39,1084,171,1161,72,2.99,1
986,Yoto,Maritime,2023,174451,44.05,2,36,206,86,78.57,339,110,2223,187,43,59,4.78,1
987,Binah,Kara,2023,84739,46.35,7,39,191,164,80.92,201,43,934,270,27,39,2.64,1
988,Tône,Savanes,2022,388775,69.03,6,53,240,172,62.04,318,82,5779,216,170,60,4.02,1
989,Doufelgou,Kara,2020,87588,45.86,29,42,118,440,50.78,272,52,2622,58,1259,3,2.65,1
990,Tchaoudjo,Centrale,2021,240360,58.68,26,5,147,151,79.84,139,90,4867,18,119,63,3.15,1
991,Vo,Maritime,2022,224411,58.51,10,37,286,145,71.04,206,21,3604,51,307,67,3.9,1
992,Bas-Mono,Maritime,2023,95380,69.1,16,7,85,294,76.13,215,29,5912,177,86,11,3.33,1
993,Bas-Mono,Maritime,2023,95380,48.09,22,65,197,399,89.57,51,77,3414,252,1974,75,4.13,1
994,Ogou,Plateaux,2021,253467,91.05,2,45,282,524,88.57,290,38,3735,214,1049,3,4.25,0
995,Ogou,Plateaux,2020,253467,74.43,9,65,88,233,50.82,224,102,5169,289,1125,12,3.26,1
996,Golfe,Maritime,2021,1305681,62.31,17,75,279,541,67.28,314,115,1026,192,645,43,3.67,1
997,Anié,Plateaux,2022,177188,88.56,25,47,237,229,93.16,211,84,5152,267,1212,52,3.5,1
998,Assoli,Kara,2023,66492,94.08,23,56,202,244,87.27,370,111,4184,143,1572,45,4.35,1
999,Zio,Maritime,2022,500032,70.59,18,78,78,190,77.29,213,77,4856,284,1655,43,2.84,1
1000,Lacs,Maritime,2020,241207,78.7,5,69,38,294,64.31,178,76,1450,105,550,62,4.25,0
1001,Ogou,Plateaux,2020,253467,59.92,15,62,275,236,65.59,379,102,5950,180,1593,37,3.17,1
1002,Danyi,Plateaux,2021,40240,90.57,21,8,174,154,59.37,392,111,3021,94,393,79,3.27,1
1003,Yoto,Maritime,2023,174451,79.77,28,60,223,497,82.66,303,77,3808,37,1562,60,4.63,0
1004,Kozah,Kara,2020,283738,53.8,11,68,66,464,74.89,150,77,1788,75,275,6,4.28,1
1005,Cinkassé,Savanes,2023,173987,60.13,15,49,107,539,64.56,61,47,4444,84,217,10,3.62,1
1006,Dankpen,Kara,2023,184632,74.59,29,82,144,392,85.58,119,47,3724,175,1254,63,2.89,0
1007,Mô,Centrale,2021,52448,57.55,15,40,237,125,66.15,202,31,1140,193,1443,0,4.23,1
1008,Kéran,Kara,2022,123138,41.32,12,61,62,445,68.95,82,111,638,119,1630,7,4.56,1
1009,Zio,Maritime,2023,500032,52.49,14,91,187,269,85.57,302,96,2099,212,1828,21,2.53,1
1010,Agou,Plateaux,2020,85793,42.71,18,23,83,101,74.06,198,114,5415,149,1528,39,3.81,1
1011,Moyen-Mono,Plateaux,2021,90505,72.98,9,53,82,459,80.16,328,25,1427,102,616,15,3.17,0
1012,Tandjoaré,Savanes,2022,35537,76.18,14,5,208,149,50.61,283,51,2622,63,1359,18,3.95,0
1013,Haho,Plateaux,2022,305096,59.71,12,80,246,596,78.72,156,66,3844,19,948,64,2.92,1
1014,Cinkassé,Savanes,2023,173987,69.42,30,11,233,499,89.32,217,60,5550,81,1590,23,4.48,1
1015,Haho,Plateaux,2022,305096,71.01,24,22,261,574,66.27,151,106,790,219,141,31,4.23,1
1016,Moyen-Mono,Plateaux,2022,90505,71.62,25,43,246,178,61.24,114,116,5158,275,467,23,3.08,1
1017,Kloto,Plateaux,2022,145985,61.07,28,79,106,381,71.46,333,83,827,151,146,26,4.11,1
1018,Binah,Kara,2023,84739,67.19,17,48,107,387,66.07,229,73,1950,156,712,42,3.62,0
1019,Agoè-Nyivé,Maritime,2023,882695,44.69,30,35,52,97,94.08,61,63,3882,26,1267,50,4.1,1
1020,Agoè-Nyivé,Maritime,2021,882695,67.81,2,81,51,50,61.06,299,86,1845,27,1275,76,2.57,1
1021,Kpélé,Plateaux,2021,81620,81.24,7,82,211,456,81.62,87,70,5382,123,291,39,4.78,1
1022,Anié,Plateaux,2021,177188,42.21,29,16,278,522,54.6,168,119,1621,297,1465,63,4.54,1
1023,Bas-Mono,Maritime,2020,95380,93.46,24,38,276,118,75.05,180,103,3743,87,302,19,3.85,1
1024,Est-Mono,Plateaux,2023,164460,54.77,22,34,249,295,70.9,114,111,871,130,1175,73,4.64,1
1025,Tône,Savanes,2021,388775,66.42,25,79,142,450,62.68,380,73,1131,149,81,30,2.95,0
1026,Kpendjal-Ouest,Savanes,2023,120285,57.34,21,31,163,375,74.26,355,120,3514,110,788,37,2.68,1
1027,Danyi,Plateaux,2021,40240,67.92,4,62,188,104,52.39,159,75,4713,18,1264,16,3.55,1
1028,Yoto,Maritime,2022,174451,52.95,23,10,52,575,56.02,223,61,1155,287,739,13,3.47,1
1029,Doufelgou,Kara,2021,87588,76.44,5,5,261,142,54.45,84,94,1186,80,610,1,3.07,1
1030,Tône,Savanes,2022,388775,46.57,4,38,38,500,74.1,196,83,1802,182,1691,29,4.17,1
1031,Kpélé,Plateaux,2022,81620,68.53,20,57,157,562,86.74,112,87,302,219,1878,32,4.32,1
1032,Kéran,Kara,2022,123138,58.94,23,80,45,319,69.89,71,100,4104,18,1019,74,3.59,1
1033,Binah,Kara,2021,84739,40.87,26,25,171,223,67.29,358,108,2363,222,1102,20,3.13,1
1034,Golfe,Maritime,2023,1305681,72.32,8,55,196,544,89.96,221,106,3277,7,1341,73,4.3,1
1035,Assoli,Kara,2021,66492,92.04,9,10,61,54,63.27,295,35,227,189,516,78,2.99,0
1036,Dankpen,Kara,2020,184632,65.18,20,54,216,320,75.53,83,66,4242,77,816,34,3.36,1
1037,Lacs,Maritime,2020,241207,84.44,9,68,119,312,83.24,70,113,1571,7,834,42,3.52,1
1038,Oti-Sud,Savanes,2021,150806,63.97,4,11,211,92,59.24,360,97,2783,131,531,13,4.7,1
1039,Est-Mono,Plateaux,2020,164460,76.33,12,84,88,418,63.72,134,25,2767,119,514,75,3.99,0
1040,Est-Mono,Plateaux,2023,164460,45.05,6,24,170,424,72.78,111,35,573,26,558,58,2.89,1
1041,Tandjoaré,Savanes,2021,35537,87.45,15,62,83,405,72.13,163,91,3132,121,139,16,3.21,1
1042,Est-Mono,Plateaux,2023,164460,68.21,26,100,100,76,51.24,248,104,4908,214,1453,16,3.38,1
1043,Doufelgou,Kara,2021,87588,67.65,12,65,266,425,92.6,96,53,4764,280,670,26,3.83,1
1044,Kpendjal-Ouest,Savanes,2022,120285,64.41,22,5,211,177,52.69,125,20,2525,157,394,51,4.37,0
1045,Kpendjal,Savanes,2021,150806,82.36,9,24,45,293,76.46,71,112,539,250,1706,24,3.74,1
1046,Doufelgou,Kara,2020,87588,73.38,29,58,45,244,81.34,55,52,4329,235,1698,19,4.26,1
1047,Agoè-Nyivé,Maritime,2022,882695,51.98,15,36,227,487,66.38,356,48,1574,22,1759,52,4.53,1
1048,Kpendjal-Ouest,Savanes,2020,120285,76.87,18,32,158,164,56.95,269,90,1636,81,1330,21,4.22,1
1049,Wawa,Plateaux,2022,101300,44.19,25,51,216,433,81.4,113,43,5231,232,1462,29,3.86,1
1050,Kloto,Plateaux,2023,145985,54.73,17,32,35,445,55.37,100,26,5182,213,1537,70,3.07,1
1051,Assoli,Kara,2023,66492,72.76,30,48,269,173,86.35,155,40,5740,242,1531,34,3.24,1
1052,Wawa,Plateaux,2023,101300,94.73,14,37,26,408,70.1,59,99,4284,38,381,0,3.35,1
1053,Agou,Plateaux,2023,85793,85.29,18,93,286,468,75.86,396,67,3376,276,1719,16,2.86,0
1054,Kpendjal,Savanes,2022,150806,53.62,18,46,143,201,95.91,213,22,5776,18,550,59,4.45,1
1055,Doufelgou,Kara,2020,87588,93.78,10,8,285,64,60.19,328,84,4666,31,160,8,3.44,1
1056,Danyi,Plateaux,2021,40240,43.35,18,52,43,312,56.1,82,63,858,40,1605,7,3.03,1
1057,Oti,Savanes,2020,123324,83.62,20,12,42,170,81.98,146,84,5301,206,1538,49,3.01,1
1058,Kozah,Kara,2020,283738,56.82,20,50,91,535,95.22,151,100,1678,23,1258,62,3.6,1
1059,Oti,Savanes,2021,123324,63.59,4,37,233,82,86.68,62,100,5567,116,1367,47,2.62,1
1060,Haho,Plateaux,2022,305096,65.01,28,68,299,94,69.24,65,46,2623,123,317,65,3.95,0
1061,Kpendjal-Ouest,Savanes,2022,120285,49.35,20,66,269,357,78.57,345,77,1873,42,956,39,3.23,1
1062,Binah,Kara,2020,84739,61.63,6,95,148,117,72.79,97,49,723,271,1716,47,3.48,0
1063,Cinkassé,Savanes,2021,173987,43.65,15,35,59,556,51.85,285,28,2215,30,271,80,2.59,1
1064,Kpélé,Plateaux,2022,81620,48.13,22,96,256,94,63.11,241,64,1193,168,351,25,3.95,1
1065,Tône,Savanes,2022,388775,77.2,18,10,157,175,70.53,183,115,325,112,789,0,2.51,1
1066,Tchaoudjo,Centrale,2021,240360,44.05,10,94,51,139,71.42,389,91,5879,182,1700,77,2.58,1
1067,Golfe,Maritime,2021,1305681,60.65,19,51,225,343,93.67,236,58,5096,64,1431,46,2.84,1
1068,Danyi,Plateaux,2023,40240,53.7,19,7,64,276,60.87,249,91,3263,163,1124,61,2.61,1
1069,Vo,Maritime,2020,224411,91.14,8,9,233,239,53.29,395,106,4645,184,1513,60,2.86,1
1070,Dankpen,Kara,2020,184632,42.57,15,81,128,484,89.03,164,62,437,294,1408,67,4.6,1
1071,Kpélé,Plateaux,2020,81620,81.09,29,8,22,166,90.82,227,110,1161,153,41,65,2.8,1
1072,Tchaoudjo,Centrale,2020,240360,60.85,20,20,162,364,88.57,52,106,4864,152,135,59,3.88,1
1073,Akébou,Plateaux,2022,73188,73.15,15,55,164,85,66.08,279,84,4878,204,1794,44,2.8,1
1074,Agou,Plateaux,2020,85793,91.34,9,15,258,348,88.18,285,75,4596,236,1046,3,4.14,1
1075,Tandjoaré,Savanes,2021,35537,81.49,20,90,210,382,85.05,208,67,509,160,548,2,4.72,0
1076,Oti-Sud,Savanes,2022,150806,75.16,30,70,103,403,89.35,78,26,4712,40,301,43,4.51,1
1077,Moyen-Mono,Plateaux,2022,90505,57.82,13,27,136,264,80.82,269,114,2253,53,1512,54,4.37,1
1078,Agoè-Nyivé,Maritime,2020,882695,68.58,16,64,122,565,74.58,106,31,897,142,1042,71,2.55,0
1079,Kozah,Kara,2020,283738,77.8,3,11,94,183,82.06,133,20,1881,176,1051,58,2.98,0
1080,Oti-Sud,Savanes,2021,150806,77.23,24,7,68,486,64.7,262,51,980,21,642,64,4.09,0
1081,Wawa,Plateaux,2021,101300,91.78,5,24,161,318,74.44,296,48,1722,97,918,28,3.17,0
1082,Dankpen,Kara,2021,184632,62.97,6,97,291,411,64.95,128,42,3518,192,287,5,3.7,0
1083,Wawa,Plateaux,2020,101300,45.18,24,78,242,61,67.9,94,97,3847,177,440,47,3.0,1
1084,Oti-Sud,Savanes,2020,150806,56.23,30,32,127,193,77.01,183,30,809,190,291,66,2.87,1
1085,Kpendjal,Savanes,2020,150806,46.87,30,89,276,144,63.62,220,61,1524,27,653,53,3.44,1
1086,Bassar,Kara,2022,152038,69.34,18,67,156,106,57.05,375,56,5970,73,969,66,2.66,1
1087,Dankpen,Kara,2023,184632,94.4,11,82,190,508,76.76,193,99,2296,92,1905,14,3.91,1
1088,Haho,Plateaux,2022,305096,64.25,2,50,238,152,85.95,66,43,5300,124,1692,4,3.24,1
1089,Sotouboua,Centrale,2021,141404,77.84,2,13,28,166,55.75,95,24,1970,144,202,50,4.6,0
1090,Vo,Maritime,2020,224411,70.05,16,7,144,143,60.39,159,77,3232,0,1696,65,2.56,0
1091,Sotouboua,Centrale,2022,141404,84.08,18,7,201,568,57.49,65,70,3065,39,806,71,4.46,0
1092,Tandjoaré,Savanes,2020,35537,85.6,14,7,79,301,94.45,342,51,3321,5,933,25,2.61,0
1093,Agou,Plateaux,2022,85793,82.53,6,60,59,89,95.02,253,35,530,125,817,55,3.29,0
1094,Kéran,Kara,2021,123138,50.55,6,50,279,431,95.33,311,38,1995,66,326,10,3.89,1
1095,Agoè-Nyivé,Maritime,2023,882695,63.49,29,50,168,302,90.51,161,45,2840,195,1256,13,4.78,0
1096,Doufelgou,Kara,2020,87588,75.28,21,91,203,55,81.1,349,51,5134,100,1214,64,3.69,1
1097,Wawa,Plateaux,2022,101300,90.07,16,61,46,163,58.26,114,93,3011,165,1497,71,3.89,1
1098,Tchamba,Centrale,2023,200585,47.71,8,21,45,58,97.62,170,63,1255,283,1327,56,4.33,1
1099,Doufelgou,Kara,2021,87588,59.23,13,17,268,271,67.52,167,47,3992,6,1799,65,2.56,1
1100,Amou,Plateaux,2021,110948,94.41,13,34,129,53,80.85,211,47,396,135,1760,34,4.72,0
1101,Tchamba,Centrale,2022,200585,61.72,3,17,144,440,54.97,333,21,3736,226,707,68,3.44,0
1102,Zio,Maritime,2021,500032,53.49,8,55,270,438,87.85,170,26,3696,13,85,68,4.4,1
1103,Anié,Plateaux,2021,177188,48.58,10,62,55,70,68.59,78,104,4755,30,1870,7,3.21,1
1104,Oti-Sud,Savanes,2023,150806,83.97,11,9,21,97,81.04,86,32,4042,60,1755,34,3.31,1
1105,Bassar,Kara,2023,152038,82.11,23,63,70,128,82.69,310,113,374,70,81,65,3.16,1
1106,Kpendjal,Savanes,2023,150806,72.86,26,63,155,69,88.44,356,20,1472,61,610,52,2.62,0
1107,Assoli,Kara,2020,66492,81.3,26,93,117,385,89.32,215,110,5194,120,829,12,2.96,1
1108,Bassar,Kara,2020,152038,89.69,16,90,181,363,93.33,373,28,3356,78,957,42,2.51,0
1109,Kozah,Kara,2023,283738,74.31,14,64,286,495,70.71,157,70,2343,2,1791,44,4.25,0
1110,Kéran,Kara,2021,123138,44.16,18,45,160,418,84.05,392,66,2185,0,1657,20,3.16,1
1111,Tchamba,Centrale,2023,200585,57.08,6,78,201,215,74.38,339,38,4724,207,1515,0,3.76,1
1112,Binah,Kara,2020,84739,66.96,19,20,113,99,80.95,301,29,1112,203,1440,1,3.07,0
1113,Kloto,Plateaux,2021,145985,54.57,27,25,294,274,79.73,81,105,3508,213,961,36,3.73,1
1114,Doufelgou,Kara,2022,87588,47.86,17,50,147,52,94.59,268,110,440,185,838,12,4.39,1
1115,Doufelgou,Kara,2023,87588,88.58,22,62,298,126,54.81,353,58,5783,18,459,74,4.74,1
1116,Kpélé,Plateaux,2021,81620,66.51,13,48,21,109,67.6,196,113,4033,80,932,66,4.2,1
1117,Akébou,Plateaux,2023,73188,80.38,5,59,271,188,63.04,309,82,1595,80,1954,46,4.49,1
1118,Bas-Mono,Maritime,2022,95380,81.4,14,95,137,567,52.18,159,95,1540,192,1693,49,3.0,1
1119,Tchamba,Centrale,2023,200585,94.49,16,100,237,451,97.29,243,88,3400,162,1973,70,3.81,1
1120,Anié,Plateaux,2020,177188,85.61,2,84,23,460,66.25,98,116,1446,226,418,6,4.1,1
1121,Danyi,Plateaux,2021,40240,56.52,5,34,87,101,75.87,58,107,245,175,1071,29,3.21,1
1122,Vo,Maritime,2023,224411,71.06,4,40,63,114,57.99,327,65,4623,88,1022,55,4.56,1
1123,Oti,Savanes,2023,123324,55.73,10,94,138,248,51.18,263,73,2661,168,1717,45,3.99,1
1124,Amou,Plateaux,2021,110948,77.03,17,29,164,537,77.8,73,116,5141,130,1644,31,3.92,1
1125,Oti-Sud,Savanes,2023,150806,72.48,7,57,173,518,86.13,393,70,2433,150,1037,14,2.79,0
1126,Zio,Maritime,2021,500032,44.28,27,7,246,281,64.26,263,113,1240,34,799,58,2.96,1
1127,Danyi,Plateaux,2021,40240,92.3,2,47,137,97,93.25,213,57,1474,150,1390,26,4.01,0
1128,Blitta,Centrale,2020,218753,68.46,14,85,179,411,60.56,310,40,1291,207,1425,21,3.55,0
1129,Agou,Plateaux,2022,85793,50.36,3,66,234,171,55.65,333,116,2797,115,373,12,3.25,1
1130,Assoli,Kara,2020,66492,61.08,14,33,228,295,61.55,166,65,4294,91,1051,24,2.57,1
1131,Tchamba,Centrale,2020,200585,81.39,13,77,274,307,59.26,106,95,4237,196,1346,50,3.95,1
1132,Haho,Plateaux,2020,305096,55.7,18,6,108,431,90.09,115,92,1798,167,1897,28,3.76,1
1133,Mô,Centrale,2022,52448,83.1,11,18,239,347,72.28,237,69,942,173,33,78,2.77,0
1134,Tchamba,Centrale,2023,200585,91.11,28,98,196,521,73.82,230,91,5046,180,369,24,4.35,1
1135,Bassar,Kara,2022,152038,80.46,20,12,195,461,74.22,220,22,5806,170,1077,33,4.51,1
1136,Sotouboua,Centrale,2023,141404,45.43,18,44,101,132,68.91,168,77,4874,174,383,31,3.6,1
1137,Oti,Savanes,2021,123324,43.13,28,13,86,318,52.38,342,83,3942,179,272,18,3.67,1
1138,Tchamba,Centrale,2021,200585,70.3,22,98,97,467,56.52,96,119,3543,278,713,15,2.53,1
1139,Est-Mono,Plateaux,2020,164460,92.23,20,65,195,247,97.54,179,105,5047,186,890,6,4.54,1
1140,Doufelgou,Kara,2021,87588,85.28,23,73,208,508,92.31,244,109,3835,250,1676,66,3.16,1
1141,Kpendjal,Savanes,2020,150806,67.96,9,72,166,348,55.37,164,79,4513,261,1582,9,2.56,1
1142,Amou,Plateaux,2022,110948,64.56,9,73,24,163,52.29,61,88,2523,63,1194,8,2.91,1
1143,Bassar,Kara,2021,152038,82.5,9,84,83,363,67.64,187,62,3533,104,331,44,4.27,0
1144,Ogou,Plateaux,2020,253467,72.35,2,83,279,139,94.77,388,114,2138,295,1533,37,4.12,1
1145,Agou,Plateaux,2021,85793,52.55,30,10,293,83,77.41,86,105,3401,216,1659,15,4.47,1
1146,Sotouboua,Centrale,2021,141404,89.82,10,82,37,141,72.69,115,65,367,83,252,45,2.77,0
1147,Sotouboua,Centrale,2022,141404,80.14,6,99,82,193,64.13,366,46,1926,245,871,6,4.09,0
1148,Binah,Kara,2023,84739,94.8,12,85,274,151,61.73,361,25,4592,154,606,49,3.05,1
1149,Bas-Mono,Maritime,2021,95380,55.01,2,90,108,487,76.92,128,56,2237,187,1007,63,3.44,1
1150,Kpendjal-Ouest,Savanes,2022,120285,43.27,4,37,270,391,77.91,387,45,1620,17,1183,12,4.54,1
1151,Binah,Kara,2021,84739,67.69,12,92,264,153,54.74,228,53,5600,66,1636,36,2.5,1
1152,Est-Mono,Plateaux,2022,164460,55.5,16,61,104,132,96.66,305,65,4940,137,1900,33,4.27,1
1153,Binah,Kara,2021,84739,43.62,15,89,60,133,85.99,199,82,3076,238,355,73,3.7,1
1154,Amou,Plateaux,2022,110948,89.98,28,50,149,128,74.43,250,38,855,299,1062,37,3.92,0
1155,Anié,Plateaux,2021,177188,40.94,12,43,186,318,51.69,209,48,1671,230,1261,67,4.51,1
1156,Kpélé,Plateaux,2020,81620,71.07,14,70,93,377,91.5,238,41,2268,101,64,57,3.45,0
1157,Bas-Mono,Maritime,2020,95380,70.2,18,28,250,201,88.95,204,119,2056,138,681,35,2.88,1
1158,Assoli,Kara,2023,66492,81.36,24,13,114,228,63.85,98,67,720,166,876,49,4.03,0
1159,Agoè-Nyivé,Maritime,2022,882695,59.73,19,16,276,555,89.2,330,67,2204,290,1248,76,2.54,1
1160,Tchaoudjo,Centrale,2020,240360,91.37,6,55,43,189,66.83,188,110,798,171,1511,44,3.46,1
1161,Dankpen,Kara,2021,184632,57.76,8,50,44,196,96.04,288,57,4759,32,677,16,2.56,1
1162,Dankpen,Kara,2022,184632,50.13,24,6,290,421,90.32,327,119,644,212,569,50,3.73,1
1163,Agoè-Nyivé,Maritime,2023,882695,89.45,16,30,101,157,74.13,340,86,3090,252,87,50,4.17,1
1164,Haho,Plateaux,2020,305096,42.89,20,43,27,97,68.16,306,43,2436,39,1810,67,3.83,1
1165,Tchamba,Centrale,2022,200585,51.56,7,68,176,508,93.59,140,105,4846,46,189,40,2.68,1
1166,Kpendjal-Ouest,Savanes,2021,120285,56.06,17,5,65,272,89.9,270,50,2033,236,941,51,3.26,1
1167,Kéran,Kara,2020,123138,42.19,26,38,223,527,91.87,324,28,473,54,124,9,3.88,1
1168,Kpélé,Plateaux,2021,81620,80.17,3,18,248,422,76.81,388,35,418,263,89,8,4.57,0
1169,Moyen-Mono,Plateaux,2023,90505,78.01,9,85,46,180,63.69,226,26,4661,180,1290,26,3.06,1
1170,Danyi,Plateaux,2021,40240,66.63,26,10,197,355,72.91,241,59,4634,188,231,74,2.98,1
1171,Agoè-Nyivé,Maritime,2020,882695,59.87,8,80,70,364,65.49,367,51,1016,89,799,56,3.07,1
1172,Bas-Mono,Maritime,2021,95380,50.81,18,66,210,410,55.3,292,120,1764,237,1166,41,4.46,1
1173,Moyen-Mono,Plateaux,2022,90505,93.24,22,80,112,550,76.16,95,32,3030,289,301,46,2.53,0
1174,Amou,Plateaux,2022,110948,81.9,2,64,58,91,73.5,125,35,3801,157,1227,1,4.57,0
1175,Golfe,Maritime,2020,1305681,51.65,5,59,244,353,97.82,348,38,339,177,78,42,4.12,1
1176,Vo,Maritime,2023,224411,94.06,14,21,132,219,87.16,213,76,665,89,480,48,2.98,0
1177,Agou,Plateaux,2022,85793,73.79,14,83,45,252,73.07,246,88,5261,76,1233,80,2.89,1
1178,Tchamba,Centrale,2020,200585,73.81,30,89,244,451,72.67,326,77,5342,257,255,24,2.83,1
1179,Bas-Mono,Maritime,2021,95380,69.91,4,96,236,102,61.45,367,99,4179,133,27,55,4.32,1
1180,Agou,Plateaux,2020,85793,82.65,9,11,87,276,80.59,320,68,422,146,944,51,3.42,0
1181,Oti,Savanes,2020,123324,66.53,28,55,229,371,84.84,123,105,1120,135,1115,21,3.38,1
1182,Kpendjal-Ouest,Savanes,2020,120285,68.57,21,13,66,189,90.76,205,68,352,49,300,55,3.84,0
1183,Tône,Savanes,2021,388775,59.01,28,50,139,184,58.85,196,76,1153,96,544,58,2.88,1
1184,Tandjoaré,Savanes,2021,35537,41.51,13,35,255,428,83.17,82,109,2685,236,1957,12,4.31,1
1185,Blitta,Centrale,2022,218753,72.04,21,32,199,468,65.53,360,47,1091,93,1586,30,4.38,0
1186,Wawa,Plateaux,2023,101300,63.68,24,9,220,276,68.27,351,42,4742,240,1463,21,2.89,1
1187,Amou,Plateaux,2020,110948,68.33,12,88,229,600,78.92,312,109,805,21,1214,44,3.61,1
1188,Kpélé,Plateaux,2023,81620,90.28,12,47,191,415,79.81,132,29,4488,162,500,60,2.7,1
1189,Golfe,Maritime,2020,1305681,42.78,26,87,168,258,97.73,201,119,2762,94,450,60,3.66,1
1190,Est-Mono,Plateaux,2022,164460,64.8,8,66,84,289,55.36,362,82,2092,244,1718,61,3.4,1
1191,Assoli,Kara,2020,66492,72.79,10,86,267,182,59.1,277,43,3626,201,418,74,3.91,0
1192,Est-Mono,Plateaux,2020,164460,83.57,10,99,130,383,63.02,135,43,1028,243,587,36,3.13,0
1193,Haho,Plateaux,2021,305096,44.27,26,59,224,266,72.88,161,94,2934,257,1933,41,4.4,1
1194,Bas-Mono,Maritime,2021,95380,90.71,30,29,255,265,88.35,122,29,2662,170,683,12,4.77,0
1195,Binah,Kara,2023,84739,52.68,28,10,182,389,96.16,193,80,3176,171,1186,11,3.04,1
1196,Bas-Mono,Maritime,2020,95380,46.08,14,30,225,500,75.31,176,61,311,57,28,26,4.61,1
1197,Akébou,Plateaux,2021,73188,66.57,24,25,44,93,87.24,237,94,566,16,959,35,2.85,1
1198,Kpendjal-Ouest,Savanes,2020,120285,77.48,2,10,189,228,82.88,67,117,5094,178,286,53,3.91,1
1199,Kozah,Kara,2020,283738,93.59,11,50,101,504,66.73,64,24,209,209,104,22,4.62,0
1200,Akébou,Plateaux,2023,73188,47.83,25,34,67,56,92.46,196,26,1902,156,482,10,3.73,1
1201,Kozah,Kara,2021,283738,48.0,17,47,212,162,77.29,154,88,2024,196,1991,15,2.73,1
1202,Kpendjal,Savanes,2020,150806,87.22,10,52,228,488,62.02,112,58,410,64,148,44,3.79,0
1203,Mô,Centrale,2022,52448,44.3,13,36,295,373,55.65,334,78,2736,26,1977,47,2.84,1
1204,Yoto,Maritime,2022,174451,84.59,24,33,261,369,50.8,125,51,3098,300,407,60,4.36,0
1205,Haho,Plateaux,2023,305096,68.67,18,61,206,259,66.25,257,38,1816,137,1539,62,3.81,0
1206,Tandjoaré,Savanes,2020,35537,84.01,30,45,79,201,95.05,361,56,3090,249,1896,54,4.24,0
1207,Binah,Kara,2023,84739,76.28,6,48,188,375,56.41,54,30,1553,77,1199,64,3.46,0
1208,Oti,Savanes,2020,123324,61.21,17,97,69,531,50.17,288,95,768,36,806,33,2.74,1
1209,Bassar,Kara,2022,152038,83.76,18,58,167,50,74.39,336,60,4017,52,1052,66,4.75,1
1210,Tandjoaré,Savanes,2022,35537,85.76,17,18,56,271,83.48,226,60,2441,276,574,65,4.04,0
1211,Bas-Mono,Maritime,2022,95380,79.7,18,24,237,142,79.51,137,27,5380,4,1031,14,3.49,1
1212,Ogou,Plateaux,2022,253467,47.44,16,5,209,165,76.24,178,98,3246,90,707,19,4.21,1
1213,Assoli,Kara,2022,66492,78.13,2,32,57,474,97.02,214,66,5236,19,1492,76,4.12,1
1214,Moyen-Mono,Plateaux,2021,90505,45.76,23,97,246,211,70.04,200,73,2397,296,1276,22,2.78,1
1215,Anié,Plateaux,2023,177188,86.69,13,56,228,381,63.35,330,74,5481,198,1679,57,4.41,1
1216,Danyi,Plateaux,2020,40240,54.93,14,82,282,235,54.05,91,119,5401,192,46,74,3.81,1
1217,Lacs,Maritime,2022,241207,63.72,2,56,186,189,88.03,177,88,965,78,1856,64,2.78,1
1218,Oti,Savanes,2022,123324,65.8,18,35,127,392,67.35,248,82,5842,66,957,70,4.41,1
1219,Anié,Plateaux,2022,177188,50.19,26,25,112,309,94.2,100,64,780,48,832,18,4.64,1
1220,Dankpen,Kara,2023,184632,88.81,19,86,138,147,57.67,144,20,1092,187,826,21,3.17,0
1221,Wawa,Plateaux,2022,101300,47.13,25,42,102,408,65.4,253,79,1602,161,1481,26,2.71,1
1222,Kozah,Kara,2022,283738,78.7,10,94,155,486,90.57,380,70,4671,248,1255,17,2.75,1
1223,Kpélé,Plateaux,2022,81620,65.14,30,78,33,340,70.01,386,48,440,35,1698,61,3.04,0
1224,Assoli,Kara,2020,66492,59.99,3,24,294,309,95.16,114,85,4799,169,66,28,2.98,1
1225,Kpendjal-Ouest,Savanes,2020,120285,93.73,13,59,123,407,75.31,184,46,3969,42,691,31,2.55,0
1226,Tandjoaré,Savanes,2023,35537,77.09,11,30,292,477,81.07,87,67,2419,239,1173,43,4.72,0
1227,Amou,Plateaux,2021,110948,48.54,26,51,270,160,72.72,155,77,3569,78,885,25,3.57,1
1228,Tône,Savanes,2020,388775,81.04,22,26,150,88,76.0,396,53,2578,254,1946,8,2.9,0
1229,Bassar,Kara,2020,152038,42.72,29,30,249,314,77.67,65,26,1541,13,266,75,4.63,1
1230,Blitta,Centrale,2023,218753,64.84,24,24,265,172,82.48,79,108,1194,138,663,79,4.2,1
1231,Kéran,Kara,2023,123138,78.66,17,12,148,328,55.67,271,26,712,241,1651,50,4.77,0
1232,Kéran,Kara,2020,123138,61.33,22,88,234,503,90.37,367,20,4993,200,828,25,4.0,1
1233,Bas-Mono,Maritime,2020,95380,88.22,21,70,160,184,66.45,318,67,1276,96,1144,67,4.15,0
1234,Tchaoudjo,Centrale,2020,240360,50.26,19,6,227,345,61.65,377,76,2025,13,744,52,2.7,1
1235,Kéran,Kara,2021,123138,87.6,10,28,29,567,84.5,139,56,3198,262,1880,28,2.51,0
1236,Mô,Centrale,2022,52448,62.11,2,45,268,499,73.35,113,119,2654,102,1845,62,2.67,1
1237,Mô,Centrale,2020,52448,80.63,27,50,271,503,59.95,377,113,3796,152,1272,43,2.94,1
1238,Oti,Savanes,2023,123324,59.54,16,58,53,238,70.4,148,112,5048,153,247,53,4.76,1
1239,Kpendjal,Savanes,2023,150806,48.31,2,49,121,306,55.35,108,98,2467,170,1338,10,3.27,1
1240,Tchamba,Centrale,2022,200585,54.78,15,37,166,567,85.15,271,57,5641,202,84,58,4.62,1
1241,Avé,Maritime,2020,111214,56.14,14,78,61,390,91.98,252,73,4872,278,267,28,2.89,1
1242,Kpendjal,Savanes,2021,150806,44.25,22,59,45,436,62.62,275,73,3401,244,59,68,3.97,1
1243,Bas-Mono,Maritime,2022,95380,40.11,26,60,182,360,84.38,166,61,5160,142,453,59,4.15,1
1244,Kéran,Kara,2021,123138,48.59,15,13,65,539,86.83,357,95,355,295,346,64,3.34,1
1245,Kpélé,Plateaux,2022,81620,64.48,21,54,200,356,54.3,171,33,3656,273,805,62,3.07,0
1246,Wawa,Plateaux,2022,101300,56.1,26,53,290,458,55.97,141,25,4952,146,1723,29,3.68,1
1247,Kpélé,Plateaux,2020,81620,56.92,7,42,252,559,75.91,74,48,1728,113,1380,38,3.77,1
1248,Tandjoaré,Savanes,2022,35537,40.71,10,57,230,300,92.56,122,119,5245,10,155,66,3.9,1
1249,Oti-Sud,Savanes,2022,150806,90.0,14,81,63,241,85.66,198,74,2088,251,613,69,2.66,0
1250,Oti,Savanes,2023,123324,69.88,14,50,37,494,63.59,227,44,3337,63,1949,51,2.51,0
1251,Oti-Sud,Savanes,2023,150806,43.36,30,6,281,439,67.05,201,118,2321,262,3,41,4.59,1
1252,Ogou,Plateaux,2023,253467,55.33,2,71,55,72,58.92,400,43,2124,233,809,70,4.66,1
1253,Agoè-Nyivé,Maritime,2023,882695,58.94,13,45,239,426,54.99,123,120,2108,142,972,21,4.16,1
1254,Akébou,Plateaux,2021,73188,71.52,29,39,81,385,94.93,363,32,3314,148,366,76,3.33,0
1255,Tchamba,Centrale,2021,200585,87.05,30,76,24,466,52.13,225,26,2619,8,439,57,3.94,0
1256,Kpendjal-Ouest,Savanes,2021,120285,55.13,18,27,163,308,55.29,60,75,4008,69,1173,29,4.07,1
1257,Kpendjal,Savanes,2023,150806,82.96,7,53,192,70,56.35,97,101,2879,272,1868,78,3.88,1
1258,Mô,Centrale,2023,52448,49.44,7,37,163,108,76.28,152,54,1909,273,1503,19,4.39,1
1259,Dankpen,Kara,2022,184632,86.73,29,63,189,289,76.27,391,68,475,230,990,4,3.17,0
1260,Blitta,Centrale,2020,218753,67.81,19,41,298,498,72.95,381,39,2682,243,1128,0,3.26,0
1261,Kloto,Plateaux,2021,145985,78.67,2,9,67,459,97.23,184,90,3414,167,1607,78,3.3,1
1262,Akébou,Plateaux,2020,73188,75.39,3,15,28,217,86.42,282,40,3643,287,1470,58,3.23,0
1263,Tchamba,Centrale,2023,200585,62.99,16,22,248,61,78.18,115,116,5980,146,252,44,4.46,1
1264,Wawa,Plateaux,2021,101300,79.6,8,53,280,100,67.05,340,23,4964,3,1873,61,4.49,1
1265,Kpendjal-Ouest,Savanes,2023,120285,64.26,27,76,266,358,83.61,375,90,688,89,1060,5,2.76,1
1266,Wawa,Plateaux,2022,101300,91.71,14,79,243,167,51.58,155,67,5740,91,1609,57,3.81,1
1267,Oti,Savanes,2021,123324,40.71,30,94,64,151,71.34,139,77,3424,263,1053,29,3.24,1
1268,Tchaoudjo,Centrale,2021,240360,56.78,12,30,290,429,85.89,374,64,4868,119,1403,56,3.91,1
1269,Blitta,Centrale,2022,218753,40.21,21,51,224,311,55.9,398,67,2251,88,1979,71,3.53,1
1270,Tchamba,Centrale,2022,200585,72.54,19,85,133,462,74.83,131,66,4859,144,1654,67,4.15,1
1271,Agou,Plateaux,2022,85793,56.49,16,16,111,336,79.08,77,83,1952,73,92,47,2.9,1
1272,Tchamba,Centrale,2021,200585,48.37,13,14,243,102,74.55,92,79,2516,105,600,54,2.97,1
1273,Amou,Plateaux,2023,110948,77.79,28,42,197,118,95.28,293,24,2417,11,1943,23,3.32,0
1274,Blitta,Centrale,2022,218753,67.8,30,87,290,166,50.68,337,92,1319,9,1030,65,4.56,1
1275,Tchaoudjo,Centrale,2022,240360,86.04,18,75,218,394,94.32,190,24,3126,180,112,59,4.48,0
1276,Kozah,Kara,2021,283738,92.27,29,61,205,328,86.42,62,23,512,188,856,54,3.87,0
1277,Dankpen,Kara,2021,184632,71.39,26,77,59,58,92.84,297,37,1483,254,1032,39,4.05,0
1278,Golfe,Maritime,2021,1305681,82.46,18,29,170,102,58.44,188,50,2055,2,794,8,4.74,0
1279,Tchaoudjo,Centrale,2020,240360,64.56,16,40,184,564,53.61,223,55,4365,227,1530,17,3.4,1
1280,Golfe,Maritime,2021,1305681,51.9,12,5,208,488,96.48,106,20,2415,70,166,64,2.53,1
1281,Wawa,Plateaux,2023,101300,57.36,26,16,188,522,80.84,60,76,4113,91,1965,73,2.6,1
1282,Kpélé,Plateaux,2023,81620,73.75,30,6,117,516,86.43,342,110,2994,67,751,39,4.28,1
1283,Blitta,Centrale,2022,218753,94.03,5,87,82,270,63.98,190,66,263,23,1632,21,2.96,0
1284,Avé,Maritime,2020,111214,40.3,11,30,148,392,63.4,247,107,1850,27,1803,8,4.36,1
1285,Lacs,Maritime,2020,241207,60.28,21,15,70,234,75.26,364,94,5501,113,313,24,3.88,1
1286,Wawa,Plateaux,2020,101300,43.75,20,93,242,62,97.97,221,77,5124,271,161,52,3.81,1
1287,Anié,Plateaux,2022,177188,93.96,7,60,77,578,88.57,152,82,2548,98,295,51,3.26,1
1288,Danyi,Plateaux,2021,40240,40.97,17,96,250,253,78.77,269,104,2685,287,1033,23,4.03,1
1289,Wawa,Plateaux,2023,101300,49.95,18,97,197,370,75.65,114,83,1021,216,662,24,4.12,1
1290,Kozah,Kara,2023,283738,91.13,5,47,85,588,90.08,185,44,5322,135,1590,50,4.12,1
1291,Ogou,Plateaux,2021,253467,61.12,15,77,50,564,88.07,362,38,4817,66,928,45,4.25,1
1292,Tchaoudjo,Centrale,2021,240360,75.0,12,25,200,288,87.79,96,110,5146,151,650,15,4.25,1
1293,Tchamba,Centrale,2021,200585,70.6,16,63,143,186,73.19,160,36,2939,68,1597,79,4.24,0
1294,Moyen-Mono,Plateaux,2020,90505,46.35,23,58,122,469,56.11,397,55,1053,146,503,36,3.53,1
1295,Amou,Plateaux,2023,110948,51.6,7,69,85,449,75.3,373,80,3827,77,722,79,4.39,1
1296,Avé,Maritime,2022,111214,91.92,16,51,266,526,78.14,221,79,3450,22,614,7,4.43,0
1297,Mô,Centrale,2022,52448,51.71,23,22,55,599,78.37,83,93,1540,200,1450,26,3.18,1
1298,Danyi,Plateaux,2020,40240,58.48,15,35,224,511,81.4,337,46,4619,197,1356,70,2.86,1
1299,Tandjoaré,Savanes,2022,35537,56.25,15,83,87,432,91.05,110,94,3310,0,722,32,4.07,1
1300,Oti,Savanes,2023,123324,43.13,27,39,166,120,93.91,92,101,1436,152,1082,15,2.93,1
1301,Kpélé,Plateaux,2023,81620,70.69,20,50,127,179,85.22,272,45,5609,204,270,26,2.8,1
1302,Blitta,Centrale,2023,218753,54.35,27,93,245,164,75.41,196,32,5683,78,1850,32,3.78,1
1303,Tône,Savanes,2022,388775,92.19,4,31,161,507,58.64,354,113,1777,211,1623,20,3.14,1
1304,Akébou,Plateaux,2020,73188,84.0,29,18,238,269,81.74,173,83,1751,236,531,68,2.68,1
1305,Lacs,Maritime,2020,241207,50.97,17,12,78,355,55.17,215,77,4287,298,1923,17,3.81,1
1306,Agou,Plateaux,2021,85793,86.28,10,69,215,566,50.14,391,43,3946,128,1683,47,3.66,0
1307,Kéran,Kara,2021,123138,60.18,19,37,112,444,67.12,359,33,4226,183,1801,41,2.81,1
1308,Haho,Plateaux,2020,305096,78.52,12,53,262,416,76.77,254,111,4558,52,619,61,4.61,1
1309,Bassar,Kara,2022,152038,53.71,10,35,102,52,64.22,102,34,4256,250,1606,27,3.19,1
1310,Amou,Plateaux,2022,110948,82.7,23,11,258,61,59.08,217,108,1336,60,1349,36,4.01,1
1311,Kpendjal-Ouest,Savanes,2020,120285,88.89,9,92,115,227,79.9,104,76,1471,237,1426,21,4.12,0
1312,Sotouboua,Centrale,2022,141404,44.33,24,78,218,545,68.96,70,117,3624,43,349,0,4.73,1
1313,Kéran,Kara,2020,123138,62.35,25,28,175,507,60.4,286,116,2331,216,936,34,3.97,1
1314,Yoto,Maritime,2023,174451,53.0,9,37,182,473,96.6,147,58,797,101,1835,41,4.51,1
1315,Tchamba,Centrale,2023,200585,74.19,10,47,122,190,93.24,136,77,3142,252,1016,52,4.72,0
1316,Doufelgou,Kara,2023,87588,83.34,5,31,112,216,60.39,207,101,3274,70,1617,67,3.05,1
1317,Avé,Maritime,2021,111214,54.48,8,11,26,575,64.29,64,95,2644,160,1911,46,2.96,1
1318,Doufelgou,Kara,2021,87588,70.04,28,94,265,294,50.07,286,105,4089,210,1833,11,2.64,1
1319,Zio,Maritime,2020,500032,83.62,10,12,231,405,82.43,234,89,1585,260,756,2,2.69,1
1320,Lacs,Maritime,2022,241207,52.77,6,43,28,468,66.98,61,55,3217,214,507,74,4.43,1
1321,Yoto,Maritime,2022,174451,51.79,5,94,106,594,70.3,140,38,3489,252,258,53,3.54,1
1322,Agou,Plateaux,2021,85793,48.09,21,54,226,112,89.39,389,95,5502,193,1859,21,2.51,1
1323,Ogou,Plateaux,2021,253467,76.65,5,20,61,56,83.01,104,78,3610,272,1222,12,4.52,0
1324,Tchamba,Centrale,2021,200585,67.37,28,71,216,543,78.2,225,107,4001,296,1419,36,3.34,1
1325,Sotouboua,Centrale,2020,141404,70.5,4,61,206,334,80.64,234,86,4462,6,365,22,3.18,1
1326,Oti-Sud,Savanes,2021,150806,89.02,22,44,171,92,66.18,342,61,5584,118,801,42,3.76,1
1327,Golfe,Maritime,2020,1305681,59.19,4,15,212,145,95.75,170,96,1659,52,1128,6,3.62,1
1328,Bassar,Kara,2021,152038,40.54,5,31,281,309,56.55,120,42,703,248,885,28,4.63,1
1329,Akébou,Plateaux,2023,73188,59.05,9,97,244,234,55.43,215,48,3566,192,489,23,4.68,1
1330,Cinkassé,Savanes,2023,173987,52.56,27,43,262,51,95.91,193,64,2833,27,1423,16,4.78,1
1331,Danyi,Plateaux,2022,40240,73.98,28,50,37,406,70.89,248,113,2453,184,1507,0,4.72,1
1332,Est-Mono,Plateaux,2023,164460,45.27,30,47,150,157,54.78,225,96,5660,158,566,9,2.88,1
1333,Agou,Plateaux,2020,85793,56.67,14,98,35,465,93.47,232,54,276,279,1186,63,4.05,1
1334,Bassar,Kara,2022,152038,94.45,29,100,179,223,63.26,215,39,2683,167,1833,66,3.68,0
1335,Cinkassé,Savanes,2021,173987,87.77,21,13,218,599,66.9,314,118,2441,28,282,61,3.69,1
1336,Mô,Centrale,2020,52448,40.42,23,20,255,424,54.22,363,106,2566,241,186,58,3.17,1
1337,Avé,Maritime,2021,111214,72.59,11,20,200,328,52.12,309,34,2321,213,1522,49,3.67,0
1338,Bas-Mono,Maritime,2022,95380,63.2,15,48,193,222,68.01,61,61,2911,243,656,59,3.97,0
1339,Vo,Maritime,2020,224411,84.6,18,28,258,583,60.69,229,96,3313,300,537,44,4.64,1
1340,Assoli,Kara,2020,66492,78.78,13,78,20,106,69.12,356,40,3740,177,1998,40,3.55,0
1341,Zio,Maritime,2022,500032,76.68,5,99,37,246,63.9,389,106,3602,24,142,43,4.49,1
1342,Wawa,Plateaux,2022,101300,49.5,9,50,176,272,71.33,144,105,5171,148,1957,29,3.27,1
1343,Golfe,Maritime,2022,1305681,93.47,14,56,232,225,91.13,104,28,4930,149,1888,16,3.99,1
1344,Amou,Plateaux,2021,110948,70.84,29,12,39,249,75.94,170,91,5683,17,1758,61,2.84,1
1345,Avé,Maritime,2020,111214,46.42,3,52,58,543,54.06,73,31,5355,289,1372,78,3.13,1
1346,Tchamba,Centrale,2022,200585,64.04,10,12,188,424,65.18,244,52,1273,196,1093,42,3.07,0
1347,Danyi,Plateaux,2023,40240,87.19,30,97,113,579,77.78,127,42,821,197,904,63,3.08,0
1348,Kloto,Plateaux,2023,145985,80.29,25,75,183,217,90.56,160,37,269,122,975,53,3.75,0
1349,Moyen-Mono,Plateaux,2020,90505,63.26,19,70,283,537,88.42,98,115,3461,6,1288,75,3.4,1
1350,Kpendjal,Savanes,2021,150806,74.55,6,76,61,222,76.64,388,75,2569,30,1784,63,4.38,0
1351,Akébou,Plateaux,2023,73188,65.95,9,9,292,148,74.35,156,99,4348,163,1409,0,4.51,1
1352,Sotouboua,Centrale,2020,141404,72.94,7,50,211,409,74.68,78,61,4806,122,1490,0,4.21,1
1353,Bas-Mono,Maritime,2021,95380,64.68,8,59,23,467,77.78,356,34,5097,97,1523,37,4.04,1
1354,Mô,Centrale,2022,52448,65.22,11,71,55,507,68.03,69,57,1557,168,607,62,3.44,0
1355,Bassar,Kara,2020,152038,73.76,26,14,285,422,74.71,119,22,5313,132,1723,40,3.98,1
1356,Sotouboua,Centrale,2021,141404,56.65,4,88,206,224,95.38,192,110,3909,255,1232,17,4.51,1
1357,Moyen-Mono,Plateaux,2021,90505,93.92,9,21,32,486,59.24,136,99,5303,227,991,38,4.72,1
1358,Lacs,Maritime,2021,241207,40.45,29,21,73,399,57.33,106,26,2749,88,140,4,4.15,1
1359,Tandjoaré,Savanes,2023,35537,94.97,6,22,59,328,95.95,384,42,2191,191,1747,41,4.61,0
1360,Amou,Plateaux,2021,110948,87.78,24,9,226,475,84.63,286,104,1814,258,914,30,4.67,1
1361,Kpélé,Plateaux,2023,81620,70.1,2,21,46,509,90.78,95,105,2056,257,1840,26,3.66,1
1362,Yoto,Maritime,2023,174451,59.76,14,97,289,308,54.8,197,24,2510,251,1086,72,3.83,1
1363,Oti,Savanes,2021,123324,61.08,18,33,268,310,54.8,334,31,4689,108,714,64,3.34,1
1364,Assoli,Kara,2021,66492,60.18,15,56,181,336,86.0,322,118,3315,150,491,30,4.66,1
1365,Tchamba,Centrale,2022,200585,49.58,21,51,178,306,81.13,227,30,1563,189,177,5,4.18,1
1366,Oti,Savanes,2020,123324,73.72,6,66,238,397,63.75,142,109,3789,87,1924,45,2.63,1
1367,Agoè-Nyivé,Maritime,2023,882695,50.61,29,16,63,409,94.08,187,71,3837,20,1717,49,4.74,1
1368,Kpendjal-Ouest,Savanes,2021,120285,86.42,2,64,101,300,60.84,323,59,1870,58,699,57,3.53,0
1369,Mô,Centrale,2023,52448,90.88,2,69,185,366,88.25,248,34,4013,49,1146,43,4.1,1
1370,Yoto,Maritime,2022,174451,46.17,21,37,262,498,90.53,332,24,1645,44,479,56,3.17,1
1371,Avé,Maritime,2022,111214,75.11,17,63,147,213,58.86,363,56,3372,224,403,38,2.84,0
1372,Yoto,Maritime,2022,174451,43.87,30,96,262,343,66.34,236,43,677,1,1141,47,4.35,1
1373,Sotouboua,Centrale,2020,141404,81.17,15,90,95,293,70.26,277,116,2895,265,1358,36,3.47,1
1374,Zio,Maritime,2021,500032,50.06,20,63,216,213,63.03,71,108,5576,30,1595,23,3.05,1
1375,Avé,Maritime,2021,111214,53.8,26,92,170,264,82.66,277,100,4852,121,468,66,4.08,1
1376,Oti-Sud,Savanes,2021,150806,52.37,18,92,110,257,66.85,118,106,897,159,214,14,3.18,1
1377,Ogou,Plateaux,2023,253467,84.98,25,29,119,258,77.48,342,52,5145,92,569,4,3.51,1
1378,Kpélé,Plateaux,2020,81620,87.88,20,6,42,473,85.46,153,100,2408,115,798,19,3.5,1
1379,Assoli,Kara,2021,66492,72.25,29,44,133,52,57.55,143,51,3266,270,1719,5,3.71,0
1380,Moyen-Mono,Plateaux,2022,90505,72.81,4,39,160,541,71.3,231,31,1044,64,89,42,4.08,0
1381,Cinkassé,Savanes,2023,173987,84.77,20,48,96,270,86.46,334,53,4986,240,159,52,4.02,1
1382,Amou,Plateaux,2022,110948,51.85,2,33,197,357,78.15,174,44,776,277,1480,40,3.85,1
1383,Kloto,Plateaux,2023,145985,57.79,12,80,118,520,97.59,357,110,4428,158,1248,24,3.53,1
1384,Doufelgou,Kara,2020,87588,86.25,12,21,106,352,89.23,126,105,4373,255,1153,27,3.6,1
1385,Akébou,Plateaux,2023,73188,67.55,11,92,192,515,86.69,391,26,5671,146,811,24,3.04,1
1386,Kpendjal-Ouest,Savanes,2021,120285,62.48,4,78,134,477,57.58,285,92,1296,293,1855,50,4.7,1
1387,Kpélé,Plateaux,2022,81620,67.67,9,97,288,538,70.26,109,117,4103,20,834,25,2.95,1
1388,Tchamba,Centrale,2023,200585,47.89,26,44,222,549,78.28,208,53,3793,291,1065,55,3.09,1
1389,Kozah,Kara,2020,283738,85.11,23,28,47,383,70.41,280,22,5316,37,164,54,3.65,1
1390,Tône,Savanes,2022,388775,88.83,27,23,26,493,81.75,221,79,2249,98,1279,9,3.26,0
1391,Kéran,Kara,2020,123138,47.25,3,26,100,221,68.51,167,60,5252,180,1849,34,4.33,1
1392,Lacs,Maritime,2020,241207,82.7,28,76,207,368,93.58,127,99,4667,56,939,11,4.15,1
1393,Wawa,Plateaux,2020,101300,77.91,30,43,274,453,68.28,191,111,1211,54,1111,42,4.23,1
1394,Yoto,Maritime,2023,174451,51.47,17,48,290,287,73.39,257,65,430,106,890,39,3.25,1
1395,Kpendjal-Ouest,Savanes,2023,120285,64.69,20,42,196,488,97.44,94,26,3095,110,1199,43,4.19,0
1396,Blitta,Centrale,2023,218753,53.79,24,63,154,183,88.27,322,92,2655,141,1793,6,4.53,1
1397,Agoè-Nyivé,Maritime,2021,882695,82.84,18,38,63,412,96.2,362,71,4122,256,882,35,4.16,1
1398,Tône,Savanes,2022,388775,56.76,13,17,288,465,74.12,384,26,2338,148,274,59,3.34,1
1399,Binah,Kara,2020,84739,91.18,10,97,265,247,59.59,323,20,1051,288,1684,39,3.84,0
1400,Binah,Kara,2022,84739,71.01,29,74,232,87,77.92,378,25,5809,262,1118,4,3.57,1
1401,Kpendjal,Savanes,2023,150806,61.33,2,25,154,80,82.51,170,91,1457,55,1925,50,3.13,1
1402,Yoto,Maritime,2021,174451,90.04,20,24,172,400,73.57,276,67,5370,249,583,74,3.86,1
1403,Mô,Centrale,2020,52448,73.58,6,21,56,189,53.17,361,102,3057,270,204,0,3.46,1
1404,Kloto,Plateaux,2021,145985,89.18,9,51,259,195,81.97,363,70,1065,212,1033,14,4.61,0
1405,Akébou,Plateaux,2021,73188,74.05,20,31,75,299,63.79,52,72,5710,107,939,74,3.84,1
1406,Ogou,Plateaux,2023,253467,75.5,25,90,296,138,74.72,242,25,2022,73,1170,2,3.26,0
1407,Zio,Maritime,2023,500032,90.12,27,28,164,559,96.8,55,64,2076,139,510,30,3.96,0
1408,Vo,Maritime,2021,224411,72.45,6,97,228,321,89.84,265,110,3672,49,1053,69,4.04,1
1409,Moyen-Mono,Plateaux,2020,90505,94.39,25,96,129,404,90.69,247,77,605,247,1811,17,3.8,0
1410,Akébou,Plateaux,2021,73188,86.2,19,46,293,52,80.64,144,58,2540,254,1970,2,2.81,0
1411,Kéran,Kara,2023,123138,82.84,10,96,77,381,70.45,104,69,1424,25,1026,18,2.85,0
1412,Akébou,Plateaux,2022,73188,51.71,17,23,244,315,65.78,65,22,3750,44,956,75,3.81,1
1413,Cinkassé,Savanes,2020,173987,70.75,16,44,74,352,81.55,191,63,945,172,1726,2,2.8,0
1414,Binah,Kara,2023,84739,72.9,14,28,114,331,78.08,201,85,225,171,1913,65,2.9,1
1415,Anié,Plateaux,2023,177188,42.99,28,61,78,380,55.07,202,116,4443,22,1235,22,3.37,1
1416,Mô,Centrale,2023,52448,84.21,10,94,103,216,96.74,270,62,5431,252,706,40,3.45,1
1417,Oti,Savanes,2021,123324,80.12,14,19,129,154,60.8,245,120,753,230,1048,65,3.64,1
1418,Sotouboua,Centrale,2023,141404,42.82,11,46,246,522,81.71,346,35,358,184,1944,24,2.96,1
1419,Sotouboua,Centrale,2023,141404,45.06,30,23,118,102,83.14,346,69,625,196,1704,25,4.4,1
1420,Bassar,Kara,2023,152038,82.02,4,30,116,141,62.24,267,40,4217,253,1352,39,3.39,1
1421,Bas-Mono,Maritime,2021,95380,50.15,25,91,113,104,75.15,61,61,3920,29,1134,53,3.01,1
1422,Blitta,Centrale,2020,218753,43.0,3,34,223,412,60.81,178,49,492,136,1124,11,2.54,1
1423,Tchaoudjo,Centrale,2021,240360,62.33,8,12,170,534,87.22,68,53,3119,300,262,30,2.76,0
1424,Binah,Kara,2021,84739,74.31,26,47,132,545,58.94,299,100,1128,48,1957,79,2.6,1
1425,Anié,Plateaux,2022,177188,79.59,7,31,297,172,85.46,219,107,2548,243,1164,58,4.03,1
1426,Zio,Maritime,2023,500032,73.6,2,58,253,287,88.06,57,24,3028,59,302,48,3.43,0
1427,Kozah,Kara,2021,283738,63.66,2,98,106,267,64.71,146,58,4750,138,731,63,4.47,1
1428,Mô,Centrale,2023,52448,71.88,6,83,117,301,58.03,156,39,5781,138,1546,10,4.08,1
1429,Avé,Maritime,2022,111214,41.72,25,32,115,293,54.9,299,58,634,268,1100,58,4.43,1
1430,Binah,Kara,2020,84739,91.6,24,11,56,229,65.69,96,101,5865,262,5,29,4.52,1
1431,Kpendjal,Savanes,2021,150806,81.07,13,82,81,458,92.24,106,25,2196,96,1184,26,4.49,0
1432,Oti,Savanes,2022,123324,58.12,6,76,224,70,53.21,342,55,956,296,1981,55,3.26,1
1433,Binah,Kara,2022,84739,84.01,30,77,112,82,87.86,219,106,3896,189,1262,77,4.38,1
1434,Sotouboua,Centrale,2022,141404,66.33,12,54,127,360,51.66,198,53,5165,226,891,58,4.49,1
1435,Kpélé,Plateaux,2020,81620,94.16,17,68,216,341,72.2,301,23,5203,139,550,25,4.44,1
1436,Yoto,Maritime,2022,174451,55.71,4,38,255,252,79.31,308,120,1871,231,656,43,3.29,1
1437,Lacs,Maritime,2022,241207,89.19,29,46,46,265,97.39,181,57,808,63,906,29,4.28,0
1438,Oti,Savanes,2020,123324,49.86,14,66,71,276,90.76,174,63,1927,5,88,10,3.35,1
1439,Danyi,Plateaux,2020,40240,92.25,16,29,73,118,61.22,398,91,2996,88,302,72,2.62,1
1440,Moyen-Mono,Plateaux,2020,90505,65.3,3,67,271,86,57.01,366,95,630,251,1019,35,4.66,1
1441,Bassar,Kara,2021,152038,66.05,12,94,224,549,57.49,193,46,2057,3,1771,33,4.39,0
1442,Amou,Plateaux,2023,110948,79.39,5,84,183,166,55.45,151,104,2799,192,148,31,3.58,1
1443,Oti-Sud,Savanes,2021,150806,64.03,14,76,223,64,93.5,94,72,3881,69,366,47,3.78,0
1444,Tône,Savanes,2020,388775,79.07,26,12,113,325,61.24,301,108,3982,102,1894,58,2.6,1
1445,Mô,Centrale,2021,52448,46.27,4,94,99,102,57.61,180,42,3528,166,473,10,3.05,1
1446,Lacs,Maritime,2022,241207,79.11,23,65,61,447,94.09,177,48,3287,142,1815,46,3.64,0
1447,Sotouboua,Centrale,2020,141404,77.53,28,76,292,388,89.94,207,33,1196,120,177,36,3.92,0
1448,Est-Mono,Plateaux,2021,164460,76.17,5,58,250,213,50.5,206,59,3954,150,707,78,3.51,0
1449,Tandjoaré,Savanes,2020,35537,78.68,30,17,268,52,81.13,258,82,3854,51,1685,27,3.6,1
1450,Anié,Plateaux,2022,177188,94.43,19,21,147,480,50.66,341,46,3957,292,1967,49,4.57,0
1451,Zio,Maritime,2021,500032,71.17,17,87,78,213,97.23,198,83,2737,91,423,65,2.87,1
1452,Binah,Kara,2020,84739,86.96,23,21,182,533,85.49,387,37,615,268,1156,31,3.99,0
1453,Amou,Plateaux,2020,110948,94.46,12,16,89,589,59.71,155,30,5498,85,976,74,3.18,1
1454,Kpendjal,Savanes,2023,150806,92.54,3,97,253,571,56.56,117,20,5247,158,213,43,2.8,1
1455,Kloto,Plateaux,2020,145985,87.64,16,51,234,342,86.26,212,48,1890,258,1055,65,4.49,0
1456,Doufelgou,Kara,2021,87588,72.11,7,16,40,129,79.03,262,71,722,256,84,7,4.58,0
1457,Blitta,Centrale,2022,218753,87.75,15,10,214,569,66.73,123,96,4474,185,1284,57,4.48,1
1458,Agoè-Nyivé,Maritime,2020,882695,92.87,3,40,180,474,55.11,91,98,2803,125,1889,66,4.47,1
1459,Agou,Plateaux,2020,85793,53.79,28,40,289,563,50.05,371,86,3988,46,1322,1,2.95,1
1460,Tchaoudjo,Centrale,2023,240360,91.86,19,24,181,396,94.02,150,58,4038,46,1833,5,2.62,1
1461,Lacs,Maritime,2020,241207,67.71,3,44,34,316,78.09,144,31,2951,58,1329,37,2.88,0
1462,Bassar,Kara,2020,152038,48.21,13,49,192,345,61.23,225,38,2006,195,306,33,4.48,1
1463,Zio,Maritime,2022,500032,53.36,9,69,190,280,87.51,77,67,2628,180,39,58,3.21,1
1464,Doufelgou,Kara,2020,87588,73.41,11,41,55,104,66.63,311,83,5219,24,284,66,3.71,1
1465,Vo,Maritime,2021,224411,92.61,22,78,264,353,53.99,282,113,5349,192,55,1,2.67,1
1466,Kpendjal-Ouest,Savanes,2023,120285,42.69,19,90,99,230,72.43,336,33,4167,67,1050,10,4.67,1
1467,Sotouboua,Centrale,2023,141404,91.23,10,92,105,174,92.08,267,79,3347,62,531,80,2.69,0
1468,Sotouboua,Centrale,2020,141404,89.99,9,94,117,87,73.12,263,45,1481,102,441,1,3.67,0
1469,Vo,Maritime,2023,224411,55.74,9,29,242,76,52.72,376,48,3357,277,1169,9,2.94,1
1470,Kloto,Plateaux,2022,145985,84.84,25,68,254,492,58.99,358,35,5950,75,1356,45,4.52,1
1471,Golfe,Maritime,2022,1305681,80.76,17,23,163,350,64.89,69,26,4053,26,898,64,4.2,1
1472,Sotouboua,Centrale,2022,141404,51.14,13,85,76,255,88.32,307,68,5391,220,1165,3,2.94,1
1473,Doufelgou,Kara,2021,87588,73.71,24,36,266,88,77.76,179,110,1852,118,816,80,4.44,1
1474,Yoto,Maritime,2023,174451,61.06,12,88,164,321,79.1,83,111,3324,115,1167,1,3.99,1
1475,Dankpen,Kara,2020,184632,66.27,3,92,196,389,51.21,130,25,3831,291,945,55,2.91,0
1476,Bassar,Kara,2020,152038,47.37,22,44,174,68,50.74,104,76,3069,15,1498,42,4.66,1
1477,Zio,Maritime,2021,500032,72.92,8,22,124,536,92.93,191,89,4371,50,448,66,3.06,1
1478,Binah,Kara,2021,84739,78.62,9,91,92,118,52.43,287,87,1530,156,1272,28,3.02,1
1479,Tandjoaré,Savanes,2022,35537,55.54,26,14,30,65,58.95,91,93,3572,207,1315,18,2.71,1
1480,Golfe,Maritime,2021,1305681,41.68,2,28,194,489,89.95,206,73,5632,197,782,59,4.61,1
1481,Oti,Savanes,2021,123324,63.69,22,54,244,99,58.38,399,42,1528,79,788,19,4.49,0
1482,Mô,Centrale,2022,52448,40.11,12,67,89,112,88.09,228,78,5887,242,814,51,2.91,1
1483,Lacs,Maritime,2023,241207,79.33,29,7,123,94,51.49,55,69,1784,237,921,18,3.87,0
1484,Dankpen,Kara,2023,184632,60.29,14,79,226,562,70.72,391,108,1203,294,356,26,2.87,1
1485,Cinkassé,Savanes,2022,173987,51.34,8,63,121,532,67.53,366,77,702,239,1682,65,4.04,1
1486,Bas-Mono,Maritime,2020,95380,85.16,22,77,225,390,55.3,195,90,4824,179,1613,35,4.7,1
1487,Est-Mono,Plateaux,2023,164460,74.95,29,61,129,506,76.82,353,42,1303,166,1050,34,4.14,0
1488,Anié,Plateaux,2023,177188,42.91,30,59,23,168,66.35,276,43,4383,117,962,51,2.77,1
1489,Lacs,Maritime,2020,241207,44.22,8,42,62,431,92.36,112,44,4571,247,1625,11,2.87,1
1490,Tchamba,Centrale,2021,200585,94.13,27,13,93,200,66.81,398,94,598,26,1235,41,3.82,1
1491,Kpélé,Plateaux,2020,81620,76.13,6,58,224,70,66.29,382,60,2131,294,1029,36,2.69,0
1492,Dankpen,Kara,2020,184632,48.13,13,63,174,186,88.65,399,117,472,37,1784,4,3.67,1
1493,Tchaoudjo,Centrale,2020,240360,90.33,10,54,164,406,60.73,104,60,1583,207,948,35,4.7,0
1494,Lacs,Maritime,2022,241207,44.54,7,68,209,420,95.8,60,119,5382,298,1224,27,4.36,1
1495,Doufelgou,Kara,2021,87588,60.31,20,55,129,514,66.49,151,73,4145,93,328,42,3.8,1
1496,Est-Mono,Plateaux,2021,164460,69.55,4,98,219,589,55.1,257,107,3129,246,1506,71,2.98,1
1497,Bas-Mono,Maritime,2023,95380,66.18,24,5,82,573,86.22,303,43,5131,11,147,53,2.7,1
1498,Danyi,Plateaux,2020,40240,53.15,2,40,198,177,84.08,345,24,1267,191,703,7,4.16,1
1499,Est-Mono,Plateaux,2020,164460,50.1,6,93,111,571,68.16,280,53,5919,147,1318,53,4.35,1
1500,Assoli,Kara,2020,66492,66.04,28,88,73,508,68.84,67,110,3171,5,1656,23,2.94,1
1501,Zio,Maritime,2020,500032,84.82,11,51,261,308,61.39,329,51,4521,177,397,72,3.53,1
1502,Lacs,Maritime,2021,241207,43.55,13,68,158,307,94.01,104,55,1500,101,1082,47,3.24,1
1503,Kéran,Kara,2023,123138,57.05,14,76,71,383,62.25,80,55,2393,76,326,21,2.67,1
1504,Ogou,Plateaux,2020,253467,78.48,6,44,233,539,97.49,285,99,2058,51,457,24,3.97,1
1505,Ogou,Plateaux,2022,253467,56.03,27,78,297,563,72.06,116,107,4581,29,1239,38,3.35,1
1506,Moyen-Mono,Plateaux,2022,90505,61.48,2,41,34,517,82.35,283,92,3647,249,233,79,2.78,1
1507,Lacs,Maritime,2023,241207,74.63,15,23,82,189,53.98,384,57,4735,115,32,1,3.34,1
1508,Blitta,Centrale,2021,218753,62.44,2,61,33,561,50.63,276,103,5587,193,1782,75,4.22,1
1509,Yoto,Maritime,2021,174451,40.93,25,68,240,165,59.82,268,46,4126,238,1913,78,4.46,1
1510,Agoè-Nyivé,Maritime,2023,882695,85.6,27,94,80,90,60.34,128,33,336,93,226,14,3.55,0
1511,Binah,Kara,2021,84739,65.33,23,39,102,591,79.95,221,36,437,122,1546,45,3.5,0
1512,Tône,Savanes,2023,388775,71.35,11,59,170,158,71.22,79,36,1246,163,1318,33,3.39,0
1513,Oti-Sud,Savanes,2020,150806,89.96,10,46,76,481,60.33,89,108,5046,163,1489,59,3.72,1
1514,Lacs,Maritime,2020,241207,79.66,30,62,257,353,90.0,59,70,2135,149,1467,17,3.57,0
1515,Oti,Savanes,2020,123324,88.03,3,53,53,208,53.59,295,97,5497,47,1114,61,2.84,1
1516,Kpélé,Plateaux,2022,81620,84.65,18,48,206,317,74.05,137,54,737,34,185,32,3.17,0
1517,Doufelgou,Kara,2023,87588,53.84,14,58,233,554,77.96,205,23,5650,281,1747,80,4.17,1
1518,Oti,Savanes,2020,123324,69.33,9,33,162,54,85.77,104,85,3946,231,1175,11,2.78,1
1519,Avé,Maritime,2023,111214,42.15,26,26,152,57,75.8,166,46,3531,28,377,55,2.82,1
1520,Kozah,Kara,2022,283738,79.94,28,51,146,398,53.17,103,27,4164,159,109,0,3.13,1
1521,Kpélé,Plateaux,2023,81620,64.15,23,51,206,144,67.16,203,117,1383,280,1208,42,3.46,1
1522,Tchaoudjo,Centrale,2023,240360,53.33,6,57,197,74,65.64,208,83,1177,282,708,34,3.91,1
1523,Kozah,Kara,2021,283738,77.7,8,61,181,302,84.52,236,110,4844,52,35,71,3.06,1
1524,Blitta,Centrale,2020,218753,46.25,6,44,63,588,96.47,277,58,2633,202,1103,68,4.37,1
1525,Bassar,Kara,2020,152038,40.82,10,83,138,491,82.05,314,91,4282,276,1056,77,2.71,1
1526,Tône,Savanes,2020,388775,72.62,21,61,191,587,62.2,55,66,303,57,682,33,2.51,0
1527,Haho,Plateaux,2022,305096,49.34,10,71,295,326,91.01,61,34,2843,269,1679,65,3.07,1
1528,Tchamba,Centrale,2022,200585,50.18,22,55,275,450,63.13,92,42,985,192,136,63,4.3,1
1529,Bas-Mono,Maritime,2023,95380,83.32,19,78,46,453,72.25,259,34,3697,236,518,34,3.88,0
1530,Kpélé,Plateaux,2020,81620,65.19,19,72,65,317,57.15,79,49,839,112,564,52,4.21,0
1531,Est-Mono,Plateaux,2022,164460,49.7,5,80,162,66,50.57,120,63,562,286,1248,40,3.66,1
1532,Tchamba,Centrale,2023,200585,44.78,15,55,237,73,85.18,354,55,3151,230,1061,52,3.69,1
1533,Anié,Plateaux,2021,177188,54.21,2,94,223,455,86.08,367,74,5974,172,809,51,4.61,1
1534,Est-Mono,Plateaux,2023,164460,87.83,7,71,78,486,60.06,148,61,908,129,769,62,3.02,0
1535,Kpélé,Plateaux,2023,81620,84.02,15,80,265,185,74.64,164,36,4954,238,104,74,4.73,1
1536,Tchaoudjo,Centrale,2022,240360,60.17,15,43,178,205,72.1,280,61,1937,125,1312,22,4.49,0
1537,Haho,Plateaux,2020,305096,63.57,15,38,299,399,70.06,197,64,3179,195,669,35,4.28,0
1538,Agou,Plateaux,2023,85793,84.15,15,22,210,471,55.28,394,101,3091,77,658,49,4.75,1
1539,Haho,Plateaux,2021,305096,61.53,6,22,188,475,85.16,70,62,4063,229,1391,68,3.87,1
1540,Vo,Maritime,2021,224411,43.06,10,37,272,61,53.72,324,66,2343,150,1573,51,2.55,1
1541,Dankpen,Kara,2022,184632,60.89,16,71,256,289,77.02,192,41,3062,275,252,44,4.45,0
1542,Lacs,Maritime,2021,241207,40.26,12,9,244,111,52.11,141,112,5672,127,159,29,4.77,1
1543,Haho,Plateaux,2023,305096,61.54,18,94,94,401,77.0,345,70,3257,115,1941,69,4.41,0
1544,Amou,Plateaux,2023,110948,59.06,26,47,99,479,78.43,87,113,533,212,872,1,2.54,1
1545,Binah,Kara,2020,84739,91.29,29,92,108,327,89.36,369,49,2653,55,1851,44,3.21,0
1546,Wawa,Plateaux,2022,101300,44.29,25,40,145,156,51.52,63,110,2742,190,1155,36,2.87,1
1547,Kozah,Kara,2022,283738,45.23,18,5,233,480,96.2,127,45,4213,284,1450,53,4.18,1
1548,Assoli,Kara,2021,66492,46.65,20,36,50,468,53.0,149,63,4573,1,293,42,2.75,1
1549,Mô,Centrale,2020,52448,92.56,3,49,107,435,50.77,106,83,4221,3,1531,3,3.86,1
1550,Tandjoaré,Savanes,2020,35537,82.32,20,65,291,80,80.37,207,30,2916,219,728,4,3.14,0
1551,Tchaoudjo,Centrale,2021,240360,52.79,7,29,187,305,91.29,145,23,660,107,194,71,3.08,1
1552,Avé,Maritime,2022,111214,81.32,17,60,215,589,88.8,336,70,2726,202,366,11,4.11,0
1553,Cinkassé,Savanes,2022,173987,76.02,3,60,281,388,62.2,148,82,2656,168,1115,69,3.57,1
1554,Anié,Plateaux,2020,177188,85.65,21,20,295,533,97.3,362,110,2442,51,361,76,3.63,1
1555,Tandjoaré,Savanes,2023,35537,56.46,25,23,193,567,64.77,136,77,2832,155,1595,74,4.29,1
1556,Zio,Maritime,2021,500032,89.18,7,15,93,487,52.45,203,48,3282,42,1952,45,3.32,0
1557,Akébou,Plateaux,2022,73188,58.9,29,14,252,275,59.21,90,89,5715,242,1698,19,2.98,1
1558,Tandjoaré,Savanes,2023,35537,78.71,29,87,102,306,71.46,331,83,1851,271,1650,12,3.92,1
1559,Kpélé,Plateaux,2021,81620,58.29,22,18,95,537,63.53,219,114,1840,186,923,22,3.84,1
1560,Wawa,Plateaux,2021,101300,55.21,21,64,129,341,52.1,244,89,3671,41,319,30,4.2,1
1561,Kloto,Plateaux,2022,145985,78.3,2,27,36,75,69.58,237,38,1737,107,1058,3,3.82,0
1562,Wawa,Plateaux,2022,101300,72.45,12,48,181,555,74.34,163,52,885,124,1988,3,3.82,0
1563,Tône,Savanes,2020,388775,80.17,20,20,76,320,63.15,390,75,4005,137,1140,15,2.5,1
1564,Tchaoudjo,Centrale,2021,240360,57.29,26,45,20,490,51.94,263,51,2700,56,1256,62,3.29,1
1565,Avé,Maritime,2020,111214,41.5,26,100,81,137,53.31,294,87,4247,270,281,23,3.36,1
1566,Kpélé,Plateaux,2022,81620,85.69,3,6,170,370,85.61,71,43,2233,103,1315,13,3.13,0
1567,Moyen-Mono,Plateaux,2021,90505,90.28,3,14,62,177,75.72,218,46,1612,148,1728,29,4.67,0
1568,Danyi,Plateaux,2023,40240,50.99,7,18,111,473,64.49,244,67,4334,294,1074,15,2.98,1
1569,Vo,Maritime,2021,224411,87.04,13,35,132,574,63.73,125,64,2025,223,1282,15,2.63,0
1570,Kpendjal-Ouest,Savanes,2022,120285,61.26,4,32,256,67,91.9,292,120,1956,188,43,71,2.59,1
1571,Blitta,Centrale,2022,218753,67.02,11,27,83,89,73.79,57,22,4390,230,809,15,4.59,1
1572,Kpendjal-Ouest,Savanes,2020,120285,59.92,23,27,181,264,87.5,249,63,4958,109,811,10,3.07,1
1573,Danyi,Plateaux,2020,40240,80.33,19,51,250,309,65.11,367,94,794,9,1120,42,4.3,1
1574,Blitta,Centrale,2023,218753,40.35,15,34,162,151,57.82,263,90,5536,45,1783,56,4.52,1
1575,Avé,Maritime,2022,111214,75.4,10,45,94,205,76.79,53,28,3201,131,854,69,2.94,0
1576,Sotouboua,Centrale,2020,141404,51.45,19,64,160,538,86.74,188,83,1497,61,866,55,2.55,1
1577,Blitta,Centrale,2020,218753,55.23,19,90,203,550,75.62,62,31,3713,181,606,5,3.57,1
1578,Lacs,Maritime,2020,241207,94.87,22,92,181,126,71.17,371,21,1852,77,1616,34,2.8,0
1579,Agou,Plateaux,2021,85793,89.33,23,67,73,290,92.88,229,48,2832,177,1534,78,4.28,0
1580,Agoè-Nyivé,Maritime,2020,882695,49.25,16,100,203,88,77.31,144,80,4667,4,1240,5,3.86,1
1581,Cinkassé,Savanes,2021,173987,60.57,17,61,150,146,56.46,173,49,5340,125,1286,60,2.84,1
1582,Agou,Plateaux,2021,85793,47.87,20,68,246,571,73.81,72,83,4871,62,1915,65,3.67,1
1583,Avé,Maritime,2020,111214,64.94,10,61,30,472,72.71,365,84,5452,288,653,56,4.01,1
1584,Kpendjal-Ouest,Savanes,2023,120285,84.18,5,36,89,248,75.39,255,94,646,132,1621,5,2.74,1
1585,Oti,Savanes,2022,123324,47.2,3,59,37,121,76.59,340,85,4512,195,634,70,3.63,1
1586,Bas-Mono,Maritime,2021,95380,78.91,29,47,103,572,96.27,320,42,1501,16,1901,69,3.99,0
1587,Blitta,Centrale,2022,218753,65.48,29,46,226,403,77.99,142,112,2634,138,149,39,3.67,1
1588,Lacs,Maritime,2021,241207,79.95,10,91,85,72,86.61,62,29,833,41,1916,78,3.32,0
1589,Tône,Savanes,2022,388775,61.22,21,6,155,435,74.71,186,113,1021,148,1667,35,2.6,1
1590,Kozah,Kara,2023,283738,93.7,13,36,140,544,60.43,378,103,3339,74,670,31,4.36,1
1591,Binah,Kara,2022,84739,91.67,5,16,32,54,65.71,98,117,1626,225,1229,12,3.12,1
1592,Kpendjal-Ouest,Savanes,2020,120285,50.11,18,69,163,224,56.74,180,36,3899,156,165,67,2.67,1
1593,Cinkassé,Savanes,2023,173987,89.86,8,23,164,140,52.3,352,56,4503,160,1824,64,3.36,1
1594,Doufelgou,Kara,2020,87588,71.6,13,91,243,581,77.46,367,78,3776,164,972,42,4.57,0
1595,Mô,Centrale,2022,52448,62.87,19,74,224,59,84.4,152,106,5504,117,796,71,2.75,1
1596,Yoto,Maritime,2023,174451,47.08,5,96,206,573,75.8,173,112,3291,11,1561,79,2.75,1
1597,Ogou,Plateaux,2020,253467,58.51,13,48,294,345,53.7,55,37,5949,23,133,3,4.62,1
1598,Haho,Plateaux,2021,305096,72.28,6,58,287,60,50.78,337,95,4202,76,940,51,3.46,1
1599,Akébou,Plateaux,2022,73188,52.35,13,87,94,206,73.84,62,116,2478,206,1087,10,4.49,1
1600,Kpendjal-Ouest,Savanes,2021,120285,64.38,12,86,134,598,67.76,181,25,755,42,1901,48,3.91,0
1601,Mô,Centrale,2022,52448,45.06,25,23,217,300,91.92,92,111,4518,5,1228,62,4.59,1
1602,Binah,Kara,2021,84739,74.37,18,100,73,165,96.7,394,48,1248,175,310,14,4.57,0
1603,Kpendjal,Savanes,2021,150806,57.97,25,35,299,538,90.25,222,118,741,218,1823,20,4.38,1
1604,Tchamba,Centrale,2021,200585,84.21,24,100,25,436,79.5,331,75,5127,5,1580,49,4.09,1
1605,Oti-Sud,Savanes,2021,150806,79.15,21,16,260,223,53.89,61,29,5235,209,1940,14,3.34,1
1606,Binah,Kara,2020,84739,93.33,21,66,46,181,71.49,358,56,537,25,1519,1,3.49,0
1607,Agou,Plateaux,2020,85793,87.81,24,48,20,413,79.55,212,92,3616,81,710,33,3.57,1
1608,Amou,Plateaux,2021,110948,72.44,16,74,115,277,70.06,361,62,4843,217,1573,5,2.63,1
1609,Tchaoudjo,Centrale,2023,240360,60.53,22,63,209,518,56.35,71,59,5707,265,948,59,3.78,1
1610,Blitta,Centrale,2020,218753,81.69,9,80,240,379,80.22,239,69,1013,129,1808,10,3.92,0
1611,Ogou,Plateaux,2021,253467,49.59,10,57,269,73,76.3,369,94,3847,67,275,47,3.65,1
1612,Moyen-Mono,Plateaux,2023,90505,61.56,24,43,168,397,57.27,333,36,2017,49,628,74,3.17,0
1613,Haho,Plateaux,2021,305096,87.5,26,27,292,275,56.39,64,102,5012,294,464,77,2.78,1
1614,Avé,Maritime,2020,111214,47.93,24,24,50,518,72.33,55,26,4300,287,1012,44,4.19,1
1615,Kpélé,Plateaux,2023,81620,69.52,24,16,59,108,55.63,384,69,4922,43,1881,45,3.13,1
1616,Doufelgou,Kara,2021,87588,69.19,7,92,60,120,76.12,53,45,1734,212,513,30,2.97,0
1617,Est-Mono,Plateaux,2021,164460,50.37,21,13,97,426,80.57,132,70,1221,124,324,13,3.93,1
1618,Moyen-Mono,Plateaux,2022,90505,57.5,4,26,187,558,84.22,114,73,936,90,1605,57,4.13,1
1619,Avé,Maritime,2023,111214,62.56,5,13,223,378,74.17,231,83,2971,55,1206,62,3.72,1
1620,Doufelgou,Kara,2022,87588,75.74,14,97,153,456,60.09,192,113,440,139,1914,22,4.56,1
1621,Anié,Plateaux,2021,177188,78.11,15,24,133,160,89.38,330,42,4971,49,203,56,4.14,1
1622,Ogou,Plateaux,2021,253467,93.64,20,61,39,528,63.52,165,46,383,236,412,37,3.8,0
1623,Blitta,Centrale,2023,218753,80.56,11,52,23,388,75.16,186,51,1289,194,1883,53,2.73,0
1624,Ogou,Plateaux,2023,253467,50.51,19,70,146,88,85.32,332,86,4716,248,641,20,3.67,1
1625,Kpendjal,Savanes,2020,150806,62.98,19,63,73,508,51.94,56,38,1277,215,1629,53,3.31,0
1626,Agoè-Nyivé,Maritime,2023,882695,52.33,6,51,224,205,80.09,242,92,467,290,697,44,3.3,1
1627,Sotouboua,Centrale,2023,141404,77.49,23,26,124,314,56.14,244,82,4532,232,1025,45,4.24,1
1628,Golfe,Maritime,2021,1305681,91.23,11,44,249,459,77.82,71,93,3854,58,1767,77,4.33,1
1629,Cinkassé,Savanes,2020,173987,78.56,18,97,265,171,73.52,327,78,3565,235,1640,18,4.57,0
1630,Kpélé,Plateaux,2022,81620,44.7,18,39,33,95,91.18,161,89,5880,98,391,41,3.84,1
1631,Tandjoaré,Savanes,2022,35537,91.75,29,52,271,563,66.01,98,84,5187,148,119,33,4.77,1
1632,Amou,Plateaux,2020,110948,82.79,3,20,271,300,81.62,385,65,5868,140,764,16,2.69,1
1633,Avé,Maritime,2020,111214,66.7,18,80,78,329,89.6,272,30,5439,88,1970,52,3.04,1
1634,Kpendjal,Savanes,2020,150806,74.34,12,86,283,191,62.17,284,53,3536,92,734,38,3.26,0
1635,Haho,Plateaux,2023,305096,54.47,3,45,56,502,81.54,65,45,1388,87,1192,72,3.96,1
1636,Bas-Mono,Maritime,2021,95380,69.42,19,91,196,527,79.29,145,76,1557,59,111,32,3.43,0
1637,Sotouboua,Centrale,2023,141404,79.74,22,38,190,524,71.49,203,49,2244,42,1690,9,3.52,0
1638,Dankpen,Kara,2020,184632,63.72,16,10,30,93,93.03,223,45,5773,146,1104,27,4.44,1
1639,Doufelgou,Kara,2020,87588,80.84,30,7,129,116,61.8,220,102,1145,202,1517,75,3.3,1
1640,Avé,Maritime,2022,111214,66.96,2,98,70,368,88.97,133,92,296,197,813,14,4.19,1
1641,Avé,Maritime,2020,111214,70.46,28,98,167,599,88.77,150,80,919,139,52,78,4.34,0
1642,Wawa,Plateaux,2020,101300,58.91,24,10,182,246,91.86,324,118,4521,298,1099,80,3.35,1
1643,Agoè-Nyivé,Maritime,2023,882695,81.19,14,14,183,572,77.2,275,72,3781,82,1808,55,3.02,0
1644,Tône,Savanes,2020,388775,65.9,23,61,186,318,89.86,119,101,4308,2,112,3,3.26,1
1645,Golfe,Maritime,2020,1305681,94.56,7,7,213,499,62.7,337,110,1057,86,14,44,2.99,1
1646,Sotouboua,Centrale,2022,141404,87.65,25,67,295,555,77.29,348,59,2451,103,1491,17,3.86,0
1647,Tône,Savanes,2020,388775,46.91,24,86,250,108,79.88,80,24,2975,40,1879,65,3.63,1
1648,Kéran,Kara,2020,123138,47.88,14,18,128,254,66.81,329,65,3244,64,464,54,4.37,1
1649,Avé,Maritime,2023,111214,73.72,26,80,294,375,77.69,233,114,5952,275,1389,42,3.54,1
1650,Oti,Savanes,2021,123324,52.88,7,24,81,247,94.87,395,56,3560,221,99,26,3.4,1
1651,Doufelgou,Kara,2021,87588,79.14,22,71,239,490,97.69,396,49,4350,32,336,63,3.73,1
1652,Agoè-Nyivé,Maritime,2023,882695,50.36,8,35,48,166,50.46,218,119,4049,219,422,44,3.0,1
1653,Haho,Plateaux,2023,305096,62.15,26,73,66,256,77.05,59,81,2680,62,1400,75,2.7,1
1654,Haho,Plateaux,2020,305096,44.51,21,7,213,497,68.56,112,28,1976,172,1592,77,4.09,1
1655,Mô,Centrale,2020,52448,81.76,21,84,137,503,91.08,195,63,2654,271,1004,66,3.74,0
1656,Kéran,Kara,2021,123138,93.11,4,69,248,332,81.16,149,22,2762,297,1129,42,4.67,0
1657,Oti-Sud,Savanes,2022,150806,68.53,15,89,295,280,51.28,204,92,1257,267,380,77,3.97,1
1658,Amou,Plateaux,2022,110948,43.55,8,93,238,159,91.69,381,41,5812,295,1236,40,4.41,1
1659,Agoè-Nyivé,Maritime,2022,882695,61.54,15,59,22,143,75.59,204,91,5843,162,270,50,4.13,1
1660,Kozah,Kara,2021,283738,87.07,23,28,299,255,89.55,165,22,5661,158,867,36,2.68,1
1661,Sotouboua,Centrale,2023,141404,82.5,8,75,154,591,77.92,342,90,747,170,1970,55,2.83,1
1662,Tchamba,Centrale,2023,200585,79.51,19,92,285,175,87.76,397,92,2540,100,1327,4,2.84,1
1663,Kozah,Kara,2022,283738,74.75,18,88,148,393,56.31,182,45,2065,259,1762,74,3.21,0
1664,Cinkassé,Savanes,2021,173987,86.65,9,66,249,392,81.44,284,25,812,274,603,78,2.87,0
1665,Assoli,Kara,2022,66492,41.78,18,86,93,230,50.63,126,57,5767,287,1082,0,4.35,1
1666,Golfe,Maritime,2020,1305681,60.75,16,63,109,327,64.23,243,72,5873,103,863,2,3.12,1
1667,Doufelgou,Kara,2023,87588,72.94,14,85,251,262,79.65,360,53,4130,196,1155,49,3.47,1
1668,Tône,Savanes,2022,388775,63.54,21,63,238,145,50.07,180,115,2402,285,1493,78,2.76,1
1669,Avé,Maritime,2022,111214,90.16,28,32,299,273,65.13,108,98,5053,94,913,70,3.19,1
1670,Assoli,Kara,2020,66492,64.49,29,84,197,533,75.39,385,112,3425,10,1702,70,3.91,1
1671,Golfe,Maritime,2021,1305681,61.07,22,30,120,451,75.54,88,48,2798,265,1401,68,3.76,0
1672,Agou,Plateaux,2022,85793,87.77,29,31,66,131,76.1,398,96,1477,164,953,67,4.6,1
1673,Binah,Kara,2023,84739,83.04,21,14,219,566,54.15,184,85,365,300,1339,64,2.54,1
1674,Oti,Savanes,2020,123324,47.4,5,48,185,358,59.84,155,101,1265,210,1771,38,3.69,1
1675,Kéran,Kara,2023,123138,63.49,3,20,257,426,59.48,165,35,2674,161,1987,20,4.76,0
1676,Mô,Centrale,2023,52448,46.44,8,15,121,73,93.02,250,27,300,214,1478,55,4.22,1
1677,Vo,Maritime,2021,224411,87.33,4,91,234,522,71.72,327,38,2843,177,403,12,2.91,0
1678,Agou,Plateaux,2020,85793,42.28,7,15,154,418,89.12,244,40,1787,172,1429,70,2.52,1
1679,Tchamba,Centrale,2022,200585,44.61,14,21,160,384,68.74,344,96,5502,114,1375,4,4.41,1
1680,Wawa,Plateaux,2023,101300,93.66,25,41,296,454,73.56,88,43,1386,29,1632,69,3.4,0
1681,Zio,Maritime,2023,500032,59.26,29,26,48,521,89.53,167,91,2676,280,540,72,4.77,1
1682,Est-Mono,Plateaux,2021,164460,80.63,11,81,125,54,53.57,387,22,1444,104,305,24,3.98,0
1683,Anié,Plateaux,2023,177188,40.54,9,99,146,538,52.98,365,54,3555,275,1545,25,4.09,1
1684,Kpendjal-Ouest,Savanes,2021,120285,45.24,18,5,156,400,55.29,145,57,1996,170,1046,4,3.62,1
1685,Moyen-Mono,Plateaux,2020,90505,66.39,3,77,247,162,52.42,263,56,3302,209,1132,74,3.71,0
1686,Moyen-Mono,Plateaux,2020,90505,45.55,22,59,280,318,61.23,356,107,3199,171,1666,53,2.63,1
1687,Agoè-Nyivé,Maritime,2023,882695,51.91,11,25,41,433,51.22,317,110,4524,229,778,75,2.61,1
1688,Amou,Plateaux,2023,110948,60.47,28,10,294,203,90.23,368,102,2771,217,381,59,3.55,1
1689,Oti,Savanes,2021,123324,44.15,16,24,37,192,58.77,146,83,4080,249,91,1,4.04,1
1690,Zio,Maritime,2022,500032,79.28,10,69,166,291,86.03,288,86,5609,285,78,63,4.02,1
1691,Assoli,Kara,2020,66492,50.09,11,52,240,230,83.74,181,80,5679,32,805,42,3.56,1
1692,Kozah,Kara,2021,283738,94.63,22,60,187,264,79.23,243,113,963,120,960,79,2.83,1
1693,Kpendjal-Ouest,Savanes,2022,120285,88.03,18,22,52,171,69.34,246,33,3445,146,1848,19,3.92,0
1694,Dankpen,Kara,2023,184632,58.1,4,26,101,535,91.27,358,27,5339,237,542,20,4.04,1
1695,Doufelgou,Kara,2023,87588,68.84,4,80,103,403,78.29,166,35,5849,217,357,9,2.78,1
1696,Agoè-Nyivé,Maritime,2022,882695,62.41,10,41,36,179,73.06,231,30,1031,135,13,7,3.65,0
1697,Oti,Savanes,2022,123324,70.95,15,11,27,437,83.0,119,28,1236,235,1252,67,3.38,0
1698,Mô,Centrale,2022,52448,71.49,4,7,77,202,82.52,141,107,5361,212,1381,51,3.16,1
1699,Avé,Maritime,2023,111214,82.01,25,50,205,339,78.08,399,57,3718,273,681,30,3.52,0
1700,Avé,Maritime,2022,111214,71.28,20,66,178,572,74.6,366,31,312,189,1592,68,3.66,0
1701,Yoto,Maritime,2023,174451,47.87,20,63,281,219,60.39,203,102,3936,68,485,41,3.23,1
1702,Ogou,Plateaux,2023,253467,82.66,27,89,56,550,62.82,332,108,3152,91,1084,8,4.57,1
1703,Oti,Savanes,2023,123324,66.78,16,37,263,573,74.74,317,48,1252,2,1980,6,4.72,0
1704,Avé,Maritime,2021,111214,60.59,12,78,257,435,89.9,66,86,4084,220,852,59,3.08,1
1705,Tchaoudjo,Centrale,2022,240360,54.93,2,62,275,548,60.83,168,108,5322,86,46,47,2.86,1
1706,Agou,Plateaux,2021,85793,83.36,16,84,221,270,97.65,301,84,3757,155,400,18,4.68,1
1707,Tandjoaré,Savanes,2020,35537,91.9,22,11,267,145,70.21,263,32,3242,28,143,77,4.45,0
1708,Vo,Maritime,2023,224411,62.25,9,82,157,555,59.36,362,37,208,203,1591,7,2.82,0
1709,Tône,Savanes,2020,388775,72.22,26,79,297,347,79.89,159,94,472,213,960,36,2.64,1
1710,Akébou,Plateaux,2023,73188,83.03,22,18,145,428,95.79,378,47,1989,200,1375,16,3.78,0
1711,Blitta,Centrale,2023,218753,64.3,10,57,285,467,80.58,284,101,5927,135,1405,76,2.7,1
1712,Binah,Kara,2022,84739,78.61,23,13,73,566,97.86,394,49,2490,212,950,32,3.08,0
1713,Tchamba,Centrale,2021,200585,44.91,22,41,258,526,52.55,117,67,2859,193,1660,20,2.78,1
1714,Akébou,Plateaux,2023,73188,59.38,22,43,241,173,56.63,308,83,560,266,805,53,2.85,1
1715,Blitta,Centrale,2023,218753,53.65,30,66,75,160,68.49,228,106,2425,5,460,30,2.62,1
1716,Kpendjal,Savanes,2023,150806,91.9,20,5,216,278,55.73,370,115,3679,206,295,58,4.2,1
1717,Amou,Plateaux,2023,110948,79.55,26,87,190,468,91.86,320,34,1707,9,1115,17,2.71,0
1718,Danyi,Plateaux,2021,40240,93.28,2,27,278,599,69.45,175,65,960,71,1631,71,4.75,0
1719,Bas-Mono,Maritime,2021,95380,56.02,12,72,53,126,57.26,263,57,452,291,1278,3,3.58,1
1720,Agoè-Nyivé,Maritime,2021,882695,45.0,9,98,197,463,71.69,86,32,945,57,1979,76,3.82,1
1721,Agou,Plateaux,2022,85793,91.1,23,21,275,252,64.87,232,34,5004,57,1977,23,3.23,1
1722,Kpélé,Plateaux,2023,81620,63.86,19,64,150,362,86.0,309,47,1506,161,242,64,3.19,0
1723,Avé,Maritime,2021,111214,44.85,12,13,86,526,62.47,55,25,5117,66,402,37,4.1,1
1724,Ogou,Plateaux,2023,253467,57.1,20,96,69,405,91.71,153,70,1832,33,1207,7,3.64,1
1725,Anié,Plateaux,2021,177188,58.32,12,50,201,550,79.86,284,68,5181,62,838,32,4.39,1
1726,Tône,Savanes,2022,388775,88.15,22,66,244,347,53.59,158,28,4486,286,382,11,3.67,1
1727,Kéran,Kara,2023,123138,81.65,8,85,242,268,90.24,76,84,5527,21,1239,74,4.21,1
1728,Tchaoudjo,Centrale,2022,240360,82.79,3,53,72,577,70.15,173,53,4549,173,1659,14,2.7,1
1729,Cinkassé,Savanes,2020,173987,61.63,20,21,210,488,59.08,187,68,4225,202,439,60,2.63,1
1730,Tchamba,Centrale,2020,200585,94.47,10,66,206,360,96.77,178,88,5868,163,1753,75,3.14,1
1731,Kpélé,Plateaux,2022,81620,52.15,17,16,253,143,81.77,177,77,4417,153,646,35,3.17,1
1732,Binah,Kara,2022,84739,59.92,7,84,190,366,74.78,145,72,330,221,68,48,3.59,1
1733,Kéran,Kara,2021,123138,94.43,8,69,142,259,96.19,103,109,489,123,457,14,2.92,1
1734,Oti,Savanes,2021,123324,59.73,19,28,160,188,60.99,287,49,5360,18,1418,44,4.79,1
1735,Assoli,Kara,2020,66492,87.16,22,12,293,80,66.23,328,54,4944,107,407,76,2.73,1
1736,Yoto,Maritime,2022,174451,82.23,3,14,108,448,89.78,256,36,2282,56,1550,40,2.84,0
1737,Amou,Plateaux,2022,110948,48.23,3,66,195,268,77.54,291,32,3773,101,300,6,2.8,1
1738,Blitta,Centrale,2020,218753,63.53,25,71,297,474,84.42,358,34,2954,227,1441,13,4.19,0
1739,Sotouboua,Centrale,2021,141404,71.88,12,11,221,239,66.69,153,101,4855,59,1701,4,4.18,1
1740,Kpélé,Plateaux,2021,81620,66.17,26,87,295,480,85.97,81,34,1645,89,248,51,4.64,0
1741,Amou,Plateaux,2021,110948,94.62,7,63,79,161,61.7,347,86,5827,92,524,15,3.79,1
1742,Zio,Maritime,2021,500032,48.0,21,35,181,290,89.0,320,91,5683,73,1879,74,4.55,1
1743,Kloto,Plateaux,2020,145985,65.62,16,62,186,196,51.21,124,56,5279,297,520,53,4.36,1
1744,Moyen-Mono,Plateaux,2022,90505,63.48,11,37,204,434,59.76,289,115,3631,265,934,41,4.4,1
1745,Avé,Maritime,2023,111214,77.16,27,61,235,283,96.54,161,51,5755,108,1042,7,3.28,1
1746,Haho,Plateaux,2022,305096,46.59,20,40,138,343,90.94,315,92,3266,52,1471,8,3.5,1
1747,Tône,Savanes,2023,388775,81.46,15,51,92,372,80.25,248,96,2678,67,1247,70,2.63,1
1748,Mô,Centrale,2022,52448,87.51,5,52,64,103,68.58,379,45,3632,164,1765,64,3.81,0
1749,Anié,Plateaux,2020,177188,53.59,21,37,125,430,91.52,323,120,3219,135,535,13,3.86,1
1750,Dankpen,Kara,2021,184632,66.31,8,68,288,457,58.8,250,92,576,143,1617,60,4.07,1
1751,Bassar,Kara,2020,152038,81.77,25,35,169,242,76.18,55,74,2195,70,1039,9,3.17,0
1752,Akébou,Plateaux,2022,73188,54.37,22,78,204,66,51.11,279,113,1886,253,429,5,3.87,1
1753,Mô,Centrale,2021,52448,77.56,4,7,107,342,70.27,266,103,2077,151,229,4,3.95,1
1754,Mô,Centrale,2022,52448,80.01,26,6,258,200,76.55,161,27,1195,219,145,70,4.27,0
1755,Zio,Maritime,2023,500032,56.67,19,99,235,535,79.27,249,38,4449,85,1700,68,2.7,1
1756,Anié,Plateaux,2021,177188,57.3,3,59,74,563,68.59,222,59,2420,223,558,20,4.5,1
1757,Agoè-Nyivé,Maritime,2021,882695,67.2,2,30,164,152,93.18,107,95,5295,40,1324,29,3.45,1
1758,Binah,Kara,2023,84739,48.19,3,28,136,399,50.8,242,95,821,285,1024,57,3.68,1
1759,Danyi,Plateaux,2022,40240,84.36,24,31,210,243,89.9,339,99,2560,54,320,76,2.73,1
1760,Ogou,Plateaux,2022,253467,53.51,21,14,139,258,61.82,344,82,2504,229,1103,52,3.78,1
1761,Oti-Sud,Savanes,2023,150806,91.65,4,60,59,304,53.02,277,66,3238,187,803,12,2.64,0
1762,Avé,Maritime,2020,111214,57.06,16,70,143,160,85.01,289,32,4799,131,1448,71,4.24,1
1763,Yoto,Maritime,2022,174451,52.44,29,64,55,499,66.28,308,92,1709,213,542,21,3.32,1
1764,Agoè-Nyivé,Maritime,2020,882695,83.76,10,62,195,131,73.6,155,117,3260,81,668,6,3.51,1
1765,Tchamba,Centrale,2021,200585,53.35,2,55,113,94,97.52,246,41,2070,262,796,37,2.72,1
1766,Vo,Maritime,2020,224411,48.47,15,86,51,127,71.64,109,104,2844,194,1934,41,3.14,1
1767,Yoto,Maritime,2020,174451,73.89,3,64,194,151,93.97,359,21,1482,24,1521,73,2.54,0
1768,Haho,Plateaux,2022,305096,41.83,2,38,275,174,51.54,198,83,4312,132,1652,37,4.09,1
1769,Assoli,Kara,2022,66492,90.17,9,77,31,481,88.09,176,83,2011,211,1821,48,4.06,1
1770,Ogou,Plateaux,2022,253467,40.08,28,19,167,98,65.46,54,23,1907,191,1624,74,3.28,1
1771,Kpélé,Plateaux,2020,81620,70.64,28,15,190,247,57.79,344,107,3898,120,1854,63,4.36,1
1772,Lacs,Maritime,2021,241207,82.24,13,80,55,395,79.15,208,79,2421,240,1920,20,4.33,0
1773,Avé,Maritime,2021,111214,62.25,17,85,101,100,55.42,323,100,4503,210,706,48,3.52,1
1774,Est-Mono,Plateaux,2021,164460,63.1,5,24,267,492,74.47,103,52,735,187,1637,25,3.26,0
1775,Dankpen,Kara,2020,184632,56.95,20,47,94,377,55.45,188,108,901,89,913,63,2.55,1
1776,Vo,Maritime,2021,224411,66.51,21,41,191,360,94.1,205,33,1684,93,1485,64,2.9,0
1777,Kéran,Kara,2020,123138,56.74,8,34,37,193,78.13,299,92,5985,60,491,54,2.63,1
1778,Avé,Maritime,2022,111214,44.04,9,71,29,526,65.05,377,93,5618,249,1307,16,4.77,1
1779,Est-Mono,Plateaux,2020,164460,77.35,30,61,92,106,92.01,76,28,1043,18,1673,60,4.49,0
1780,Tchaoudjo,Centrale,2021,240360,82.22,5,18,125,523,64.75,226,28,1531,238,1201,80,4.5,0
1781,Kpendjal,Savanes,2020,150806,63.05,11,46,75,565,61.84,185,93,5025,183,547,38,4.41,1
1782,Kpendjal,Savanes,2022,150806,74.11,3,33,143,212,67.39,217,68,907,142,1675,21,3.59,0
1783,Haho,Plateaux,2022,305096,46.52,27,86,297,241,59.61,147,58,896,259,1674,77,2.88,1
1784,Est-Mono,Plateaux,2020,164460,41.36,16,45,274,78,57.26,262,118,1349,228,802,74,3.9,1
1785,Kloto,Plateaux,2021,145985,46.03,3,57,259,158,60.15,237,75,2041,134,1290,26,4.51,1
1786,Kéran,Kara,2023,123138,80.66,10,11,210,231,59.65,304,118,4232,77,45,20,4.0,1
1787,Oti,Savanes,2021,123324,80.08,10,75,262,360,52.89,59,94,574,25,1005,38,4.45,1
1788,Blitta,Centrale,2021,218753,46.62,19,38,58,574,83.1,287,67,1855,118,994,12,2.97,1
1789,Zio,Maritime,2023,500032,60.82,30,19,195,509,59.68,188,40,3321,290,39,65,4.27,0
1790,Moyen-Mono,Plateaux,2022,90505,77.97,16,63,143,166,60.26,399,73,1462,234,741,20,4.44,0
1791,Est-Mono,Plateaux,2022,164460,49.05,19,78,69,149,88.91,375,47,1070,250,1528,34,2.88,1
1792,Kpendjal-Ouest,Savanes,2020,120285,40.83,12,41,132,298,77.6,74,109,851,95,400,73,3.58,1
1793,Bassar,Kara,2021,152038,82.36,18,27,53,486,89.87,363,23,2855,161,1326,3,2.73,0
1794,Assoli,Kara,2022,66492,86.23,15,20,136,130,86.92,240,21,2962,165,1537,12,2.97,0
1795,Assoli,Kara,2020,66492,74.62,3,89,77,479,70.29,228,33,5373,175,1083,79,4.78,1
1796,Anié,Plateaux,2023,177188,69.87,14,89,180,124,96.56,265,80,5381,278,837,50,3.77,1
1797,Sotouboua,Centrale,2022,141404,87.45,2,57,142,273,66.37,320,90,2986,202,1454,46,3.07,1
1798,Agou,Plateaux,2021,85793,76.04,3,54,162,575,52.48,320,42,1457,295,891,30,4.5,0
1799,Assoli,Kara,2021,66492,83.97,9,12,147,321,67.27,143,20,5583,129,694,11,3.14,1
1800,Kozah,Kara,2023,283738,81.96,5,49,58,218,61.36,275,75,3417,116,177,10,3.84,0
1801,Dankpen,Kara,2021,184632,62.15,8,34,156,512,70.36,125,71,654,169,1777,14,4.6,0
1802,Tchamba,Centrale,2022,200585,63.45,12,26,294,567,58.4,99,102,3461,165,882,75,3.46,1
1803,Tchamba,Centrale,2023,200585,76.65,30,74,56,371,80.58,299,103,3609,93,1470,58,3.04,1
1804,Moyen-Mono,Plateaux,2023,90505,69.02,7,57,234,493,91.52,110,27,5345,197,1999,33,4.73,1
1805,Doufelgou,Kara,2021,87588,66.77,16,35,278,280,53.26,92,43,574,59,1911,22,2.93,0
1806,Cinkassé,Savanes,2020,173987,91.73,28,29,81,160,60.85,316,31,2168,298,1300,40,4.11,0
1807,Tandjoaré,Savanes,2022,35537,82.85,22,41,135,432,79.5,151,79,1020,51,134,75,4.37,0
1808,Yoto,Maritime,2022,174451,85.94,30,37,136,301,57.28,351,29,5062,240,497,26,3.66,1
1809,Tchaoudjo,Centrale,2023,240360,53.04,12,85,110,390,73.07,226,41,1547,23,444,15,3.14,1
1810,Agou,Plateaux,2020,85793,57.48,12,92,97,482,55.98,141,84,3677,251,1679,16,3.79,1
1811,Bas-Mono,Maritime,2021,95380,75.77,28,23,35,557,51.76,52,41,4029,289,268,42,2.68,1
1812,Cinkassé,Savanes,2023,173987,85.11,6,94,199,417,51.84,167,71,3585,118,1642,12,3.38,0
1813,Anié,Plateaux,2022,177188,89.98,30,18,101,554,82.7,96,34,2102,110,123,49,3.9,0
1814,Tchaoudjo,Centrale,2020,240360,55.7,16,35,174,316,88.1,174,119,2556,271,573,61,3.85,1
1815,Binah,Kara,2022,84739,43.76,6,42,162,427,53.33,341,38,752,278,570,36,4.02,1
1816,Zio,Maritime,2021,500032,85.54,8,57,294,338,65.82,50,118,4833,127,717,43,2.85,1
1817,Dankpen,Kara,2023,184632,72.65,30,54,37,450,72.86,368,85,338,290,1654,9,3.45,1
1818,Cinkassé,Savanes,2023,173987,90.65,27,14,297,173,55.37,172,69,1347,149,1948,60,3.11,0
1819,Bassar,Kara,2021,152038,61.94,10,74,293,343,67.25,62,107,2672,155,623,21,3.33,1
1820,Sotouboua,Centrale,2023,141404,59.23,27,6,247,144,57.55,336,89,1636,61,1678,53,3.14,1
1821,Binah,Kara,2021,84739,79.11,7,61,171,355,50.45,370,23,951,44,1477,62,4.0,0
1822,Agou,Plateaux,2020,85793,40.57,5,99,222,403,77.23,290,57,1279,292,124,80,2.78,1
1823,Est-Mono,Plateaux,2020,164460,80.97,15,27,269,402,91.55,150,117,3134,254,790,7,2.88,1
1824,Agou,Plateaux,2021,85793,64.35,8,35,290,377,51.94,224,51,1357,135,1911,29,2.62,0
1825,Amou,Plateaux,2022,110948,70.14,15,14,224,128,90.95,194,108,5796,116,1916,34,4.36,1
1826,Est-Mono,Plateaux,2022,164460,77.39,26,24,267,279,86.3,342,29,3778,48,276,64,4.35,0
1827,Akébou,Plateaux,2020,73188,91.6,16,28,160,308,51.99,242,40,5279,147,958,52,2.94,1
1828,Assoli,Kara,2023,66492,50.74,3,61,248,318,82.13,355,91,3254,66,633,65,2.82,1
1829,Yoto,Maritime,2023,174451,93.15,12,85,271,81,95.79,81,86,5215,12,1851,40,3.45,1
1830,Cinkassé,Savanes,2021,173987,68.67,10,40,39,280,91.95,372,37,4838,0,909,26,4.44,1
1831,Kpélé,Plateaux,2022,81620,86.91,23,48,228,157,87.13,131,39,5087,125,143,11,2.53,1
1832,Wawa,Plateaux,2020,101300,81.48,4,86,116,92,71.65,232,28,1299,22,221,61,3.08,0
1833,Kéran,Kara,2022,123138,47.3,7,36,148,401,75.22,302,23,5594,98,736,60,4.53,1
1834,Lacs,Maritime,2023,241207,89.11,8,43,39,473,79.86,382,92,663,188,143,57,3.61,1
1835,Oti,Savanes,2020,123324,40.05,8,78,248,250,55.53,197,48,5951,117,1065,15,4.1,1
1836,Doufelgou,Kara,2021,87588,85.82,30,94,223,550,70.81,357,95,2963,17,1474,20,4.65,1
1837,Tône,Savanes,2021,388775,77.88,9,40,146,270,56.09,389,94,1356,45,377,14,3.58,1
1838,Tchaoudjo,Centrale,2021,240360,69.86,21,49,76,221,95.23,145,113,2227,179,1287,26,3.57,1
1839,Kpendjal-Ouest,Savanes,2021,120285,57.4,27,43,125,500,73.21,338,77,3186,243,1923,67,3.35,1
1840,Agoè-Nyivé,Maritime,2020,882695,94.59,15,79,253,414,54.54,355,24,4530,7,588,49,3.35,1
1841,Kpélé,Plateaux,2023,81620,54.29,15,60,64,491,84.79,267,45,1263,199,530,4,4.09,1
1842,Anié,Plateaux,2022,177188,71.69,3,25,213,434,97.57,176,54,3455,146,1359,55,4.01,0
1843,Oti,Savanes,2021,123324,71.22,18,22,239,494,78.76,165,71,1724,210,696,79,2.87,0
1844,Assoli,Kara,2020,66492,74.3,3,44,86,350,64.14,378,90,4491,148,973,24,3.44,1
1845,Binah,Kara,2022,84739,60.55,27,79,191,559,74.71,395,54,4394,173,1480,53,4.75,1
1846,Tône,Savanes,2020,388775,55.2,24,40,147,108,51.28,216,101,3385,96,1376,60,2.71,1
1847,Moyen-Mono,Plateaux,2020,90505,52.88,29,27,141,274,51.81,393,36,3360,229,661,10,4.26,1
1848,Bas-Mono,Maritime,2021,95380,66.98,6,63,178,552,70.08,114,119,5066,201,1915,44,2.69,1
1849,Golfe,Maritime,2023,1305681,46.41,10,15,86,600,55.75,331,118,5459,135,1696,12,4.1,1
1850,Doufelgou,Kara,2020,87588,58.18,27,53,241,311,86.54,351,35,323,5,1508,77,4.57,1
1851,Cinkassé,Savanes,2021,173987,91.94,13,64,241,458,52.56,170,103,4467,245,1877,23,3.22,1
1852,Mô,Centrale,2020,52448,67.38,17,50,41,263,93.78,105,86,2162,80,668,70,4.48,1
1853,Kloto,Plateaux,2022,145985,75.45,17,24,207,442,90.21,176,93,1360,186,465,20,2.52,1
1854,Bas-Mono,Maritime,2020,95380,86.85,7,38,33,282,87.6,383,97,4752,57,605,22,4.57,1
1855,Oti,Savanes,2021,123324,41.91,13,32,55,553,65.12,56,75,4154,149,411,67,3.95,1
1856,Blitta,Centrale,2021,218753,73.67,30,7,237,59,54.87,67,120,1294,152,1448,6,3.76,1
1857,Lacs,Maritime,2020,241207,91.19,30,90,85,262,75.54,285,110,1166,179,453,75,4.43,1
1858,Bassar,Kara,2021,152038,71.01,18,88,219,186,72.85,125,65,1554,56,1537,48,3.4,0
1859,Kpendjal-Ouest,Savanes,2021,120285,67.03,10,92,222,183,78.55,79,31,2649,76,1891,55,2.78,0
1860,Ogou,Plateaux,2020,253467,64.02,17,38,242,246,93.73,194,114,5274,111,1769,75,4.42,1
1861,Tône,Savanes,2023,388775,71.13,22,60,84,417,87.4,231,71,4228,139,1579,66,2.8,1
1862,Amou,Plateaux,2023,110948,53.65,20,97,123,195,67.96,260,92,1383,230,1354,31,4.54,1
1863,Amou,Plateaux,2022,110948,57.26,20,85,284,266,93.26,377,113,2203,216,1258,45,3.13,1
1864,Amou,Plateaux,2020,110948,90.95,7,33,23,164,68.56,164,66,2624,4,486,20,4.17,0
1865,Avé,Maritime,2020,111214,73.74,23,25,278,55,59.25,231,115,3865,124,1088,55,2.5,1
1866,Golfe,Maritime,2023,1305681,87.95,16,64,67,511,76.18,337,41,3193,155,430,31,2.55,0
1867,Kpendjal,Savanes,2020,150806,78.02,28,10,166,353,66.26,54,113,2539,163,1037,17,3.86,1
1868,Kozah,Kara,2021,283738,50.46,23,93,277,578,63.57,233,83,3461,107,1711,68,4.8,1
1869,Danyi,Plateaux,2020,40240,59.16,13,100,224,317,85.71,242,58,5617,90,1173,13,4.48,1
1870,Bas-Mono,Maritime,2021,95380,49.99,4,48,224,338,55.88,356,120,1927,220,97,52,4.35,1
1871,Kozah,Kara,2022,283738,75.26,17,56,69,533,71.89,135,118,1144,130,1992,68,4.27,1
1872,Tandjoaré,Savanes,2022,35537,42.83,14,44,298,139,80.1,336,112,5803,82,134,76,3.66,1
1873,Oti,Savanes,2020,123324,57.8,16,43,110,576,79.79,159,44,3008,143,1299,19,4.15,1
1874,Agoè-Nyivé,Maritime,2021,882695,55.01,20,50,137,150,57.31,376,26,653,30,704,10,4.76,1
1875,Tandjoaré,Savanes,2021,35537,70.57,24,74,263,136,62.84,175,78,4486,124,709,49,2.64,1
1876,Binah,Kara,2022,84739,72.58,13,45,254,462,52.45,323,82,1240,233,719,10,4.25,1
1877,Amou,Plateaux,2022,110948,94.97,13,96,23,186,63.05,381,115,3015,148,526,19,3.33,1
1878,Moyen-Mono,Plateaux,2021,90505,60.64,28,61,128,225,93.55,252,118,2064,22,953,79,3.61,1
1879,Kloto,Plateaux,2020,145985,89.69,2,75,186,478,56.77,207,102,862,141,585,7,2.82,1
1880,Kpélé,Plateaux,2021,81620,94.58,25,41,58,365,92.11,147,105,3390,254,1182,60,4.47,1
1881,Wawa,Plateaux,2021,101300,84.67,28,76,228,110,97.49,179,62,2739,52,134,14,2.63,0
1882,Sotouboua,Centrale,2021,141404,89.15,2,68,239,395,68.56,305,34,5888,11,1319,35,3.8,1
1883,Kozah,Kara,2023,283738,90.85,19,80,55,500,94.34,255,98,1788,260,298,23,4.09,1
1884,Akébou,Plateaux,2021,73188,47.48,2,99,127,391,57.4,78,117,971,131,718,6,4.31,1
1885,Oti,Savanes,2023,123324,84.93,15,89,29,127,66.84,314,104,4285,23,207,15,2.5,1
1886,Tône,Savanes,2022,388775,51.11,10,21,163,505,72.47,229,86,5924,25,1239,21,3.25,1
1887,Yoto,Maritime,2023,174451,51.58,12,91,243,535,92.76,352,40,5481,240,1842,6,4.36,1
1888,Zio,Maritime,2021,500032,57.17,15,35,298,214,78.88,203,73,4735,267,1121,72,4.35,1
1889,Wawa,Plateaux,2021,101300,68.83,9,84,169,329,50.08,270,65,5297,115,861,40,2.91,1
1890,Oti-Sud,Savanes,2020,150806,71.89,12,93,192,255,68.42,114,89,3157,28,1896,19,2.96,1
1891,Zio,Maritime,2021,500032,55.07,13,22,275,345,78.68,188,62,2489,240,1059,28,3.12,1
1892,Kpendjal-Ouest,Savanes,2023,120285,89.31,18,68,232,474,50.35,214,74,4545,140,1223,42,4.46,1
1893,Danyi,Plateaux,2021,40240,76.16,23,56,54,54,80.88,98,108,3880,196,1405,49,4.8,1
1894,Est-Mono,Plateaux,2020,164460,91.73,14,77,218,430,97.61,359,120,2317,64,218,6,4.46,1
1895,Haho,Plateaux,2022,305096,73.17,3,36,124,557,63.95,276,66,4385,47,1905,0,4.35,1
1896,Vo,Maritime,2022,224411,40.05,29,11,62,501,92.61,373,69,383,58,1408,64,2.67,1
1897,Oti,Savanes,2022,123324,46.39,14,81,236,500,85.58,371,43,4058,192,918,56,4.76,1
1898,Danyi,Plateaux,2022,40240,62.92,19,89,172,271,96.86,255,81,4578,218,309,40,2.6,1
1899,Assoli,Kara,2021,66492,55.87,12,29,44,349,96.15,363,52,3138,256,1666,27,4.15,1
1900,Moyen-Mono,Plateaux,2021,90505,94.58,24,41,30,114,69.46,209,82,287,31,1356,29,2.69,1
1901,Bas-Mono,Maritime,2023,95380,43.95,7,96,43,397,67.7,275,72,3367,77,1372,76,2.95,1
1902,Tchamba,Centrale,2022,200585,77.24,26,93,237,321,95.19,168,107,5840,114,1599,1,3.78,1
1903,Cinkassé,Savanes,2021,173987,63.93,27,57,274,555,77.43,367,44,2500,147,817,43,2.65,0
1904,Vo,Maritime,2021,224411,48.66,11,24,250,268,95.89,244,85,1041,32,1077,38,4.5,1
1905,Agoè-Nyivé,Maritime,2022,882695,61.07,17,89,114,546,50.39,212,92,2596,175,1970,3,3.09,1
1906,Golfe,Maritime,2023,1305681,80.95,30,45,243,406,65.79,319,79,2823,152,1962,41,4.5,0
1907,Tchaoudjo,Centrale,2020,240360,90.28,8,32,99,368,57.28,297,98,833,255,1702,52,3.64,1
1908,Kpendjal,Savanes,2021,150806,85.6,30,71,176,163,63.24,320,45,5525,233,211,4,3.47,1
1909,Mô,Centrale,2021,52448,83.85,26,82,160,327,90.74,191,106,3258,39,1722,25,4.48,1
1910,Est-Mono,Plateaux,2021,164460,68.6,28,85,175,222,66.05,350,100,2928,195,707,7,3.8,1
1911,Oti-Sud,Savanes,2021,150806,87.91,5,63,259,120,58.87,221,117,529,237,473,79,4.49,1
1912,Mô,Centrale,2022,52448,90.91,18,52,57,93,97.74,74,31,2441,135,1522,32,4.7,0
1913,Vo,Maritime,2023,224411,45.82,8,61,70,479,50.99,78,89,5677,159,1981,29,4.17,1
1914,Agoè-Nyivé,Maritime,2022,882695,56.85,17,77,285,417,96.24,324,90,4386,265,1408,30,3.69,1
1915,Anié,Plateaux,2020,177188,56.61,20,12,121,578,58.84,165,103,2581,116,1893,24,2.83,1
1916,Tône,Savanes,2022,388775,52.24,28,9,93,84,79.75,160,57,2532,139,1493,15,3.28,1
1917,Kpélé,Plateaux,2022,81620,72.17,21,60,175,299,77.88,50,73,3247,259,651,64,2.87,0
1918,Kpendjal,Savanes,2022,150806,49.64,3,79,59,184,71.53,114,56,5225,169,1662,63,2.64,1
1919,Vo,Maritime,2021,224411,53.83,30,33,64,239,87.32,261,27,3788,56,1546,59,3.22,1
1920,Yoto,Maritime,2021,174451,47.4,19,69,93,468,61.79,262,46,5719,11,1340,63,3.98,1
1921,Amou,Plateaux,2022,110948,77.97,2,47,192,309,78.57,208,104,647,118,1470,15,3.98,1
1922,Tône,Savanes,2023,388775,63.56,4,84,298,418,52.64,281,93,947,164,1669,71,4.5,1
1923,Agoè-Nyivé,Maritime,2020,882695,82.97,25,36,51,240,96.85,120,74,4964,62,465,50,3.69,1
1924,Lacs,Maritime,2021,241207,93.86,24,45,109,510,78.23,373,52,723,238,1820,52,3.88,0
1925,Kéran,Kara,2023,123138,87.29,26,53,195,115,55.86,278,25,4013,2,775,54,2.71,1
1926,Agou,Plateaux,2020,85793,42.24,4,100,236,427,56.84,195,29,5741,238,1733,2,3.51,1
1927,Est-Mono,Plateaux,2021,164460,68.06,26,96,107,555,83.84,62,83,2853,75,1552,19,2.63,1
1928,Anié,Plateaux,2021,177188,85.49,4,75,199,538,81.31,390,103,3776,138,715,70,2.69,1
1929,Vo,Maritime,2023,224411,57.25,5,46,205,259,77.94,260,28,1474,67,1077,18,3.96,1
1930,Agou,Plateaux,2020,85793,76.47,27,13,256,137,63.58,217,35,5268,108,169,7,3.09,1
1931,Dankpen,Kara,2020,184632,91.94,23,23,136,547,93.71,174,58,1805,186,992,74,4.56,0
1932,Wawa,Plateaux,2022,101300,94.38,28,98,285,114,61.96,311,72,3678,269,1135,22,4.56,0
1933,Tchaoudjo,Centrale,2023,240360,45.43,8,45,257,150,55.48,238,99,4110,54,687,36,3.1,1
1934,Est-Mono,Plateaux,2021,164460,74.64,12,66,292,302,87.94,54,73,3901,186,325,9,4.0,0
1935,Avé,Maritime,2021,111214,55.7,20,55,294,56,54.25,328,81,4735,146,1381,59,3.08,1
1936,Doufelgou,Kara,2023,87588,54.65,20,79,188,185,85.27,73,26,1322,196,441,64,4.32,1
1937,Binah,Kara,2020,84739,92.71,2,91,112,131,50.46,246,40,2453,206,516,30,3.42,0
1938,Blitta,Centrale,2023,218753,56.91,22,76,256,182,50.4,317,97,4093,246,863,21,3.1,1
1939,Kpendjal-Ouest,Savanes,2021,120285,71.86,30,82,47,107,92.34,205,96,1472,41,1865,16,3.71,1
1940,Blitta,Centrale,2023,218753,52.58,25,8,290,527,75.72,157,32,942,194,868,77,3.88,1
1941,Cinkassé,Savanes,2022,173987,74.68,26,37,288,360,78.06,183,62,1230,34,356,27,4.57,0
1942,Moyen-Mono,Plateaux,2023,90505,77.75,22,54,291,469,58.66,340,94,2951,133,982,45,4.34,1
1943,Tandjoaré,Savanes,2021,35537,40.55,26,82,116,448,73.26,266,61,2317,53,1839,33,4.72,1
1944,Dankpen,Kara,2020,184632,58.59,20,14,289,500,69.68,250,27,377,104,1897,33,2.56,1
1945,Bassar,Kara,2022,152038,69.42,28,87,84,464,88.93,326,91,5479,258,14,72,2.8,1
1946,Sotouboua,Centrale,2020,141404,93.01,6,16,97,109,95.6,271,106,3735,190,627,62,3.66,1
1947,Dankpen,Kara,2020,184632,90.04,21,88,297,564,58.4,245,43,1058,281,941,26,2.93,0
1948,Binah,Kara,2023,84739,72.83,4,96,90,486,71.52,131,94,5555,159,1689,39,3.77,1
1949,Cinkassé,Savanes,2022,173987,65.68,7,5,279,135,57.24,63,27,5868,129,846,35,4.16,1
1950,Doufelgou,Kara,2022,87588,58.69,20,35,156,183,91.36,367,61,2101,285,595,66,3.5,1
1951,Blitta,Centrale,2020,218753,75.74,18,46,90,263,53.6,252,114,5863,295,1424,21,3.09,1
1952,Cinkassé,Savanes,2021,173987,88.95,6,23,289,476,96.01,379,109,254,115,710,66,4.18,1
1953,Akébou,Plateaux,2023,73188,73.37,17,74,71,565,77.63,375,28,1664,81,1519,50,3.44,0
1954,Tchaoudjo,Centrale,2023,240360,88.03,6,75,272,446,81.91,381,38,353,215,867,8,4.34,0
1955,Cinkassé,Savanes,2020,173987,93.36,9,7,203,210,71.49,216,36,5391,284,1581,46,4.63,1
1956,Kloto,Plateaux,2021,145985,62.93,6,70,153,539,77.93,194,88,3834,295,38,8,3.3,1
1957,Tône,Savanes,2020,388775,44.6,17,92,219,300,65.32,323,92,2106,270,1681,55,2.56,1
1958,Bassar,Kara,2021,152038,52.99,29,97,267,309,68.56,147,80,4742,219,1179,54,3.48,1
1959,Tône,Savanes,2023,388775,48.82,2,24,103,401,71.24,306,109,1522,60,1754,42,2.75,1
1960,Ogou,Plateaux,2023,253467,89.07,20,93,94,261,95.03,385,88,5145,42,1696,7,4.36,1
1961,Oti,Savanes,2022,123324,74.04,15,38,208,341,52.03,101,49,5185,119,684,72,3.67,1
1962,Agou,Plateaux,2020,85793,86.37,7,88,99,136,88.6,375,65,4049,214,732,53,4.52,1
1963,Bas-Mono,Maritime,2023,95380,74.24,12,64,276,256,96.24,349,86,1962,215,421,62,2.55,1
1964,Tône,Savanes,2021,388775,82.55,24,100,207,162,56.08,207,88,1044,200,212,11,4.33,1
1965,Tône,Savanes,2020,388775,71.96,17,15,260,172,51.25,141,85,2793,75,1798,55,3.74,1
1966,Anié,Plateaux,2020,177188,83.83,7,23,209,577,58.27,364,50,1358,272,80,1,3.77,0
1967,Dankpen,Kara,2020,184632,89.12,26,74,118,237,74.63,355,117,409,248,26,49,3.68,1
1968,Dankpen,Kara,2020,184632,72.02,3,80,229,269,75.74,263,60,1322,52,1354,22,3.18,0
1969,Amou,Plateaux,2022,110948,59.55,6,11,123,214,61.43,369,114,5296,103,29,64,3.24,1
1970,Vo,Maritime,2021,224411,56.02,20,5,53,347,82.14,119,58,5637,144,587,47,2.99,1
1971,Sotouboua,Centrale,2023,141404,76.72,23,69,37,236,64.72,244,42,1617,74,254,10,3.8,0
1972,Avé,Maritime,2022,111214,79.72,6,51,74,583,68.18,357,32,4649,213,1780,13,2.95,1
1973,Oti,Savanes,2023,123324,81.08,16,29,134,94,52.26,80,73,3462,217,1585,33,3.32,0
1974,Ogou,Plateaux,2020,253467,58.38,4,100,220,72,69.33,162,78,4755,187,226,17,4.07,1
1975,Mô,Centrale,2021,52448,75.09,5,21,279,482,82.66,261,37,4183,215,1836,75,3.19,1
1976,Tône,Savanes,2022,388775,57.44,7,100,72,387,63.93,252,120,1269,77,777,15,4.1,1
1977,Tône,Savanes,2022,388775,54.1,20,5,120,492,76.21,75,76,1535,251,582,15,3.34,1
1978,Kéran,Kara,2023,123138,47.87,2,19,134,159,63.18,143,53,4771,39,510,80,4.04,1
1979,Wawa,Plateaux,2021,101300,56.23,23,5,249,245,55.78,392,114,2427,120,1586,53,4.23,1
1980,Haho,Plateaux,2020,305096,69.16,12,79,198,76,89.81,82,39,1534,75,1175,60,4.16,0
1981,Tandjoaré,Savanes,2022,35537,87.13,19,33,140,245,64.5,332,101,2092,293,962,67,4.66,1
1982,Bas-Mono,Maritime,2022,95380,85.06,30,20,140,202,93.23,141,111,2825,273,910,55,3.26,1
1983,Assoli,Kara,2023,66492,47.04,20,85,259,433,82.34,295,114,5178,192,466,72,3.57,1
1984,Kozah,Kara,2023,283738,79.77,16,69,193,368,62.33,193,81,2323,89,1635,73,2.57,1
1985,Avé,Maritime,2023,111214,74.7,18,11,184,274,64.7,236,81,4150,205,553,12,3.02,1
1986,Lacs,Maritime,2022,241207,68.22,5,37,120,158,60.29,391,87,2373,215,132,66,4.01,1
1987,Tchaoudjo,Centrale,2022,240360,71.24,27,51,259,498,77.86,143,114,3438,153,640,63,3.98,1
1988,Tandjoaré,Savanes,2022,35537,50.11,26,43,21,323,74.53,333,51,3313,71,1779,5,4.15,1
1989,Tchamba,Centrale,2022,200585,61.26,7,28,48,157,71.78,134,38,5974,137,651,12,3.45,1
1990,Ogou,Plateaux,2020,253467,76.45,17,77,70,505,75.88,397,72,1434,139,651,32,4.78,0
1991,Tandjoaré,Savanes,2021,35537,50.17,24,56,188,440,58.78,291,72,2498,125,1107,57,3.89,1
1992,Zio,Maritime,2021,500032,56.04,6,98,170,591,65.77,148,58,4894,271,1547,2,2.59,1
1993,Tchamba,Centrale,2020,200585,93.4,6,36,175,119,79.55,90,73,4794,30,266,68,3.78,1
1994,Mô,Centrale,2022,52448,59.99,14,9,263,570,89.12,320,96,4274,183,720,52,4.7,1
1995,Blitta,Centrale,2022,218753,47.04,28,9,285,210,68.5,283,46,5904,165,429,43,4.57,1
1996,Est-Mono,Plateaux,2022,164460,69.6,10,29,147,552,68.39,207,32,4830,158,601,18,3.27,1
1997,Haho,Plateaux,2021,305096,79.11,6,36,79,544,78.48,334,84,3213,114,1541,46,4.45,1
1998,Amou,Plateaux,2021,110948,58.72,10,32,252,564,54.85,338,27,2721,115,653,62,3.04,1
1999,Blitta,Centrale,2020,218753,76.62,29,80,176,407,58.57,65,74,1815,13,1418,22,2.66,0
2000,Bassar,Kara,2020,152038,40.28,21,57,37,351,65.83,121,46,3372,42,488,58,3.45,1
2001,Tchaoudjo,Centrale,2022,240360,63.04,9,65,295,96,67.85,257,92,284,176,859,7,4.41,1
2002,Vo,Maritime,2023,224411,70.71,18,78,252,528,76.19,244,27,281,15,1762,22,2.72,0
2003,Agou,Plateaux,2020,85793,47.65,30,14,241,224,69.68,360,92,3472,191,346,13,3.81,1
2004,Dankpen,Kara,2021,184632,90.88,27,19,24,492,71.49,76,21,4912,228,638,39,3.77,1
2005,Danyi,Plateaux,2023,40240,78.3,12,39,187,302,74.29,336,98,3309,157,953,15,3.1,1
2006,Tône,Savanes,2020,388775,60.53,22,21,122,472,67.81,257,108,4411,169,669,11,4.24,1
2007,Mô,Centrale,2023,52448,46.68,16,9,264,293,85.27,323,46,3971,41,1921,54,3.59,1
2008,Cinkassé,Savanes,2020,173987,67.38,9,32,233,229,59.98,159,119,5522,89,1558,70,4.67,1
2009,Est-Mono,Plateaux,2023,164460,68.93,30,73,139,248,56.22,192,43,2243,58,1269,43,3.91,0
2010,Golfe,Maritime,2020,1305681,66.93,13,9,158,485,81.45,75,105,1570,176,1136,15,3.56,1
2011,Anié,Plateaux,2020,177188,66.52,23,57,41,160,84.95,300,78,1720,66,1319,54,3.42,0
2012,Oti-Sud,Savanes,2020,150806,56.24,12,58,214,371,74.36,250,70,293,52,363,15,2.91,1
2013,Kéran,Kara,2020,123138,58.64,17,19,106,314,69.56,69,102,2229,269,1875,16,3.09,1
2014,Mô,Centrale,2023,52448,82.83,27,27,192,142,77.09,289,63,5918,240,1805,58,4.06,1
2015,Est-Mono,Plateaux,2023,164460,85.05,10,99,249,296,70.69,207,22,1357,69,477,8,3.36,0
2016,Amou,Plateaux,2023,110948,44.57,2,78,126,582,68.52,297,70,2025,86,883,31,4.78,1
2017,Kloto,Plateaux,2023,145985,75.52,13,59,107,595,94.21,262,88,5610,110,1980,56,2.94,1
2018,Ogou,Plateaux,2023,253467,61.35,2,72,168,393,65.94,110,81,2417,136,1643,20,2.88,1
2019,Haho,Plateaux,2022,305096,76.07,12,83,248,555,93.97,273,68,1556,141,414,7,2.71,0
2020,Yoto,Maritime,2020,174451,69.47,18,19,187,245,78.9,166,104,4550,286,1740,15,3.8,1
2021,Oti,Savanes,2021,123324,44.07,27,73,107,476,95.6,359,111,223,171,1198,52,3.7,1
2022,Akébou,Plateaux,2023,73188,45.37,21,7,106,68,59.11,266,74,5635,46,1337,12,4.23,1
2023,Golfe,Maritime,2021,1305681,75.03,3,49,275,483,81.81,112,105,605,50,527,77,3.93,1
2024,Kpélé,Plateaux,2020,81620,41.84,25,17,83,174,70.87,191,83,5747,101,1387,55,3.12,1
2025,Vo,Maritime,2021,224411,71.57,7,64,292,157,58.27,303,89,2462,46,1960,68,4.44,1
2026,Tandjoaré,Savanes,2023,35537,91.16,4,84,243,392,52.74,82,111,706,91,773,7,2.59,1
2027,Kpendjal,Savanes,2021,150806,92.69,26,15,39,452,94.41,231,105,3973,90,799,63,3.23,1
2028,Kéran,Kara,2020,123138,78.46,7,73,37,468,84.15,93,92,5806,81,1407,55,2.78,1
2029,Amou,Plateaux,2023,110948,65.03,11,99,110,87,69.04,172,66,1443,99,1412,78,2.53,0
2030,Tchamba,Centrale,2021,200585,40.11,24,35,177,87,70.67,366,78,4356,167,322,29,4.47,1
2031,Tchamba,Centrale,2021,200585,85.93,7,46,255,111,76.18,361,112,5428,101,15,39,3.47,1
2032,Mô,Centrale,2022,52448,71.85,25,67,140,388,68.43,208,55,2386,221,706,14,3.47,0
2033,Golfe,Maritime,2020,1305681,89.02,16,13,213,348,79.38,297,24,5808,25,963,28,3.62,1
2034,Tandjoaré,Savanes,2021,35537,50.96,20,11,28,101,59.67,162,36,1654,228,1109,42,4.04,1
2035,Tchamba,Centrale,2022,200585,40.44,30,37,292,91,86.44,247,34,2720,245,1948,29,4.18,1
2036,Lacs,Maritime,2022,241207,86.93,18,68,203,359,58.86,286,111,3307,230,1002,50,3.1,1
2037,Tône,Savanes,2020,388775,47.27,8,38,220,237,58.62,131,118,1443,138,1010,60,4.58,1
2038,Mô,Centrale,2023,52448,93.63,4,7,235,515,58.48,188,94,710,94,1542,40,4.78,1
2039,Moyen-Mono,Plateaux,2023,90505,81.26,8,45,34,281,74.87,262,77,3777,109,86,79,4.53,0
2040,Kéran,Kara,2020,123138,61.69,7,8,49,444,86.26,52,75,1691,43,592,73,4.45,0
2041,Vo,Maritime,2023,224411,61.0,17,41,59,574,65.66,96,31,5048,39,566,80,4.24,1
2042,Oti,Savanes,2023,123324,55.46,2,17,85,518,83.77,58,81,1502,251,1981,47,3.83,1
2043,Kéran,Kara,2022,123138,76.57,23,44,55,320,65.94,266,96,3451,27,738,56,4.69,1
2044,Wawa,Plateaux,2022,101300,60.83,22,32,132,359,93.03,160,29,4599,299,957,57,3.5,1
2045,Zio,Maritime,2022,500032,42.24,14,53,247,453,59.15,53,56,1591,217,831,25,2.58,1
2046,Avé,Maritime,2021,111214,89.85,28,32,139,578,80.75,318,72,4251,244,1284,43,4.7,1
2047,Kpendjal-Ouest,Savanes,2022,120285,52.34,9,20,70,110,56.93,106,33,3513,231,1271,57,3.01,1
2048,Avé,Maritime,2020,111214,72.75,12,54,211,250,91.16,222,69,1956,10,948,44,3.77,0
2049,Doufelgou,Kara,2022,87588,86.63,2,41,110,527,97.91,300,63,2916,120,1837,78,3.82,0
2050,Anié,Plateaux,2021,177188,66.06,6,25,300,513,81.08,164,64,4916,116,1874,51,4.23,1
2051,Yoto,Maritime,2020,174451,48.05,6,31,140,330,98.0,273,100,3077,40,1518,63,4.19,1
2052,Binah,Kara,2023,84739,73.58,15,85,117,407,71.97,162,30,5068,280,338,22,3.27,1
2053,Ogou,Plateaux,2022,253467,89.63,18,45,278,550,76.67,361,70,3165,183,1124,16,3.32,0
2054,Tchamba,Centrale,2021,200585,75.58,9,27,86,102,71.51,191,92,511,57,1414,13,3.28,1
2055,Tandjoaré,Savanes,2022,35537,63.13,6,97,255,231,74.29,332,22,3884,183,1020,15,2.53,0
2056,Lacs,Maritime,2021,241207,60.17,22,10,108,284,67.12,159,115,1637,61,350,26,3.86,1
2057,Haho,Plateaux,2022,305096,59.07,29,50,159,330,55.15,213,51,5227,271,1346,72,2.93,1
2058,Kozah,Kara,2020,283738,86.58,17,87,226,286,58.32,137,56,5797,12,1972,56,4.75,1
2059,Bas-Mono,Maritime,2021,95380,78.38,15,68,272,59,95.33,118,22,5991,47,1042,33,3.66,1
2060,Moyen-Mono,Plateaux,2023,90505,79.01,21,65,34,393,55.53,173,24,2679,258,1504,66,4.58,0
2061,Oti,Savanes,2021,123324,94.88,8,8,239,442,79.16,341,112,5903,84,596,15,4.52,1
2062,Haho,Plateaux,2023,305096,88.61,9,38,61,53,75.35,81,52,338,110,1275,36,2.75,0
2063,Tandjoaré,Savanes,2023,35537,87.49,6,11,155,167,71.39,118,81,339,207,1484,67,2.51,1
2064,Vo,Maritime,2021,224411,40.5,12,83,126,588,69.29,321,85,1087,184,123,11,4.59,1
2065,Binah,Kara,2023,84739,51.53,26,51,198,112,51.52,306,87,1216,9,734,44,2.93,1
2066,Agou,Plateaux,2023,85793,77.16,20,30,168,257,79.84,311,35,3819,212,238,36,4.63,0
2067,Kpélé,Plateaux,2022,81620,62.21,28,35,268,383,58.68,55,68,1045,216,836,42,3.37,0
2068,Tône,Savanes,2020,388775,55.19,13,93,133,525,91.72,275,83,5497,237,1584,49,3.07,1
2069,Kpendjal,Savanes,2021,150806,61.54,18,36,174,340,71.67,123,102,2267,19,828,43,3.56,1
2070,Bas-Mono,Maritime,2022,95380,83.53,13,100,233,334,68.91,274,75,5968,53,1064,20,3.14,1
2071,Lacs,Maritime,2020,241207,47.71,18,37,51,288,85.71,134,71,2074,50,901,25,2.84,1
2072,Bassar,Kara,2023,152038,82.91,10,56,182,370,83.5,364,39,2319,121,1845,7,4.35,0
2073,Kéran,Kara,2020,123138,89.71,21,59,108,134,90.67,176,97,3793,72,1593,2,4.4,1
2074,Kpendjal-Ouest,Savanes,2022,120285,77.93,25,23,243,52,57.57,104,39,2120,145,731,30,3.88,0
2075,Oti,Savanes,2021,123324,41.61,30,77,104,353,92.16,73,90,4583,163,156,20,3.56,1
2076,Kloto,Plateaux,2022,145985,78.06,18,39,154,210,91.83,305,28,2727,172,107,71,4.6,0
2077,Tône,Savanes,2020,388775,41.29,4,24,176,420,59.12,197,49,864,141,1200,40,2.5,1
2078,Tchaoudjo,Centrale,2020,240360,86.37,28,6,126,225,75.95,171,109,696,163,788,25,4.09,1
2079,Haho,Plateaux,2022,305096,68.86,5,43,175,262,69.5,309,43,2370,210,903,9,2.98,0
2080,Kpendjal,Savanes,2020,150806,83.79,3,69,279,70,65.69,326,86,4596,18,1162,10,4.47,1
2081,Kloto,Plateaux,2022,145985,76.17,13,67,28,234,93.93,285,103,2256,60,276,76,3.06,1
2082,Binah,Kara,2020,84739,82.73,16,91,180,348,52.25,218,35,431,70,880,16,4.78,0
2083,Sotouboua,Centrale,2021,141404,71.12,21,99,227,181,90.47,61,72,246,153,1557,30,3.97,0
2084,Danyi,Plateaux,2020,40240,51.01,24,72,184,141,92.49,126,81,5904,177,1505,53,2.52,1
2085,Assoli,Kara,2021,66492,44.62,30,50,248,357,74.2,115,53,4372,87,1278,37,3.96,1
2086,Agoè-Nyivé,Maritime,2022,882695,48.11,13,50,32,286,66.77,291,100,2777,139,833,69,3.27,1
2087,Mô,Centrale,2022,52448,60.18,30,56,32,480,87.33,236,60,5343,66,892,20,2.99,1
2088,Kloto,Plateaux,2021,145985,70.43,16,15,31,106,78.76,175,25,4759,292,321,27,3.47,1
2089,Mô,Centrale,2023,52448,91.73,26,35,222,160,68.68,123,37,2581,179,629,28,3.52,0
2090,Est-Mono,Plateaux,2021,164460,51.8,9,44,195,100,94.29,132,72,2729,14,1391,34,4.25,1
2091,Tône,Savanes,2021,388775,66.02,15,13,258,554,65.46,268,63,4457,111,482,38,2.7,1
2092,Kpélé,Plateaux,2022,81620,61.34,14,40,150,598,68.19,164,51,227,277,1141,68,4.75,0
2093,Kpendjal,Savanes,2021,150806,80.17,30,48,288,197,68.01,52,25,5882,170,757,73,2.73,1
2094,Ogou,Plateaux,2020,253467,58.24,24,46,84,481,66.18,145,108,1919,222,1148,50,2.95,1
2095,Kpélé,Plateaux,2020,81620,55.97,30,73,245,347,91.97,211,85,3786,172,543,22,4.02,1
2096,Cinkassé,Savanes,2023,173987,54.22,16,24,178,406,90.13,332,118,329,245,287,24,4.06,1
2097,Kéran,Kara,2021,123138,92.82,25,37,233,175,57.96,80,92,4168,190,1330,54,4.15,1
2098,Zio,Maritime,2022,500032,74.25,2,10,47,183,96.51,345,67,1446,108,1195,56,4.77,0
2099,Agou,Plateaux,2021,85793,88.47,28,62,23,195,73.54,400,62,4520,249,1696,12,2.98,1
2100,Kloto,Plateaux,2022,145985,89.07,18,19,286,155,85.2,231,46,5851,156,73,65,3.78,1
2101,Wawa,Plateaux,2023,101300,87.2,18,90,103,298,94.17,145,81,1438,227,1959,20,3.66,1
2102,Tchaoudjo,Centrale,2022,240360,43.59,18,35,131,435,97.63,272,79,1057,98,123,77,3.3,1
2103,Moyen-Mono,Plateaux,2022,90505,91.73,16,90,158,483,70.64,66,73,2667,139,256,27,3.7,0
2104,Oti,Savanes,2023,123324,78.91,12,52,134,293,50.88,376,40,1443,181,1936,40,2.56,0
2105,Tandjoaré,Savanes,2022,35537,60.22,3,87,81,71,55.27,78,22,2980,2,840,62,3.21,0
2106,Zio,Maritime,2022,500032,88.32,29,16,115,562,54.28,293,106,4788,216,20,21,3.29,1
2107,Binah,Kara,2023,84739,73.97,21,44,32,343,78.08,395,74,2845,169,928,1,2.73,0
2108,Doufelgou,Kara,2022,87588,73.01,20,47,190,473,73.42,208,53,5864,99,93,60,3.92,1
2109,Avé,Maritime,2023,111214,80.27,8,63,224,498,88.39,89,77,4733,39,1287,59,4.6,1
2110,Kozah,Kara,2023,283738,47.82,6,31,85,333,72.8,70,67,5526,53,901,61,4.61,1
2111,Ogou,Plateaux,2022,253467,76.34,12,11,264,177,90.37,65,49,2889,171,829,39,4.23,0
2112,Moyen-Mono,Plateaux,2020,90505,83.21,10,55,288,559,67.61,186,111,3678,27,1045,17,2.99,1
2113,Assoli,Kara,2021,66492,78.02,25,33,250,403,70.48,133,47,5473,121,131,59,3.56,1
2114,Oti,Savanes,2022,123324,46.11,29,68,168,541,94.83,75,99,1431,170,16,78,2.77,1
2115,Doufelgou,Kara,2020,87588,87.82,19,51,254,121,82.39,277,26,1090,289,942,18,2.93,0
2116,Kpélé,Plateaux,2020,81620,82.87,19,43,126,309,54.34,135,49,5658,77,1394,33,4.59,1
2117,Golfe,Maritime,2022,1305681,69.63,20,20,240,107,63.25,177,96,2674,203,1366,26,2.64,1
2118,Sotouboua,Centrale,2022,141404,79.7,18,9,109,291,69.39,93,50,2062,258,635,4,3.18,0
2119,Dankpen,Kara,2021,184632,58.37,19,19,116,566,81.85,362,108,5579,127,1490,31,4.32,1
2120,Est-Mono,Plateaux,2021,164460,67.77,7,40,299,85,60.78,266,37,2856,88,56,70,4.19,0
2121,Haho,Plateaux,2020,305096,91.21,23,41,227,598,92.8,247,37,2561,293,1888,49,4.29,0
2122,Binah,Kara,2023,84739,71.15,24,66,126,289,86.75,185,83,2969,173,1422,16,2.72,1
2123,Kpendjal-Ouest,Savanes,2023,120285,64.32,24,38,120,595,73.99,257,68,4931,121,25,72,3.93,1
2124,Kpendjal-Ouest,Savanes,2023,120285,55.79,13,76,62,486,69.22,308,115,835,39,1899,39,3.2,1
2125,Zio,Maritime,2022,500032,86.15,4,27,44,419,58.32,70,116,5212,216,1332,30,3.59,1
2126,Ogou,Plateaux,2022,253467,41.74,9,17,219,466,81.34,74,57,1144,38,1403,65,3.35,1
2127,Bassar,Kara,2023,152038,42.95,4,75,121,83,73.3,384,71,5997,5,1629,26,4.33,1
2128,Oti-Sud,Savanes,2023,150806,41.54,23,85,98,459,77.47,261,117,493,120,1893,27,3.25,1
2129,Tône,Savanes,2020,388775,90.26,19,18,96,449,76.51,240,77,5765,289,376,77,4.18,1
2130,Mô,Centrale,2023,52448,84.82,26,39,289,576,92.31,256,92,3561,260,750,25,2.53,1
2131,Akébou,Plateaux,2020,73188,94.94,23,91,208,600,83.6,351,91,2706,259,592,24,2.66,1
2132,Cinkassé,Savanes,2020,173987,72.36,28,6,292,217,71.11,241,49,3154,261,684,7,4.41,0
2133,Bassar,Kara,2021,152038,56.89,6,27,273,245,50.32,321,36,3474,140,214,16,2.82,1
2134,Golfe,Maritime,2022,1305681,89.93,2,37,84,314,82.74,162,28,4704,54,1260,78,3.08,1
2135,Kpendjal-Ouest,Savanes,2021,120285,94.48,24,78,129,91,92.78,358,37,3321,205,1629,41,3.22,0
2136,Bassar,Kara,2021,152038,53.39,4,29,79,541,81.42,317,38,5343,218,179,41,3.52,1
2137,Bassar,Kara,2021,152038,73.29,29,65,116,423,59.76,311,101,607,267,1783,77,4.61,1
2138,Tandjoaré,Savanes,2021,35537,46.27,21,14,117,163,70.38,260,92,4967,128,514,55,3.95,1
2139,Bas-Mono,Maritime,2020,95380,54.92,7,91,185,350,78.72,298,39,1213,242,1661,20,3.59,1
2140,Amou,Plateaux,2022,110948,54.44,24,13,225,224,80.04,242,90,1172,193,623,3,3.49,1
2141,Tône,Savanes,2020,388775,78.4,3,25,54,124,92.5,316,76,5580,27,201,1,4.63,1
2142,Bas-Mono,Maritime,2022,95380,89.44,6,29,221,90,91.3,348,91,4320,118,143,30,3.96,1
2143,Yoto,Maritime,2020,174451,63.63,30,11,130,534,60.24,379,33,2033,278,433,27,4.18,0
2144,Dankpen,Kara,2023,184632,55.4,21,89,270,317,61.06,255,53,2011,207,1012,45,3.27,1
2145,Kéran,Kara,2022,123138,46.68,27,48,102,415,54.76,218,107,2312,216,1142,25,3.35,1
2146,Bas-Mono,Maritime,2021,95380,82.17,3,58,114,440,94.21,266,117,3760,99,1370,50,3.33,1
2147,Anié,Plateaux,2020,177188,63.23,29,99,176,153,79.99,171,20,4690,24,100,10,4.51,1
2148,Akébou,Plateaux,2021,73188,86.13,17,45,268,540,97.38,180,36,1108,114,308,42,2.79,0
2149,Est-Mono,Plateaux,2022,164460,51.69,19,56,185,284,63.97,370,20,5278,58,1426,22,2.98,1
2150,Tandjoaré,Savanes,2023,35537,47.34,21,18,145,87,77.27,292,109,2164,230,1663,18,4.17,1
2151,Agoè-Nyivé,Maritime,2022,882695,49.24,14,29,235,75,60.23,286,75,623,94,1110,74,3.12,1
2152,Kpélé,Plateaux,2022,81620,72.75,8,86,279,171,94.62,400,22,4228,279,1209,38,4.74,1
2153,Binah,Kara,2020,84739,75.07,25,35,208,136,90.62,59,39,1122,117,730,80,3.23,0
2154,Zio,Maritime,2021,500032,43.24,13,89,32,209,76.45,175,43,2283,244,954,60,2.94,1
2155,Ogou,Plateaux,2021,253467,78.35,24,60,191,161,89.33,397,54,5805,108,377,10,4.41,1
2156,Kpélé,Plateaux,2020,81620,70.61,19,58,187,217,77.27,316,23,968,282,1108,75,4.13,0
2157,Akébou,Plateaux,2021,73188,72.05,7,91,67,243,68.83,171,92,4766,144,451,75,4.07,1
2158,Vo,Maritime,2023,224411,67.94,19,20,211,467,81.88,273,31,4648,85,727,9,3.74,1
2159,Kpendjal-Ouest,Savanes,2022,120285,53.93,14,81,178,415,86.15,205,107,2136,49,619,78,4.78,1
2160,Amou,Plateaux,2020,110948,71.42,13,42,169,585,64.72,76,111,5831,146,353,11,2.88,1
2161,Oti-Sud,Savanes,2020,150806,79.81,25,21,283,107,97.64,265,96,2861,18,1110,55,4.21,1
2162,Sotouboua,Centrale,2021,141404,62.76,11,38,102,150,61.61,160,56,2949,75,483,44,3.37,0
2163,Doufelgou,Kara,2022,87588,77.8,20,95,39,354,51.27,214,26,2719,237,982,55,4.65,0
2164,Akébou,Plateaux,2023,73188,42.51,19,66,227,105,59.0,69,25,5855,135,159,63,4.14,1
2165,Ogou,Plateaux,2022,253467,78.71,28,61,272,538,53.41,298,62,1229,100,917,24,3.03,0
2166,Cinkassé,Savanes,2023,173987,40.74,20,55,39,470,81.74,325,48,943,38,1741,72,4.32,1
2167,Bas-Mono,Maritime,2021,95380,79.73,3,18,189,476,97.48,272,105,3462,239,1022,47,3.81,1
2168,Agoè-Nyivé,Maritime,2023,882695,40.16,27,12,45,421,66.39,181,73,4719,163,170,45,4.59,1
2169,Dankpen,Kara,2023,184632,46.78,19,61,264,204,77.27,253,116,4401,145,855,62,4.58,1
2170,Doufelgou,Kara,2021,87588,49.33,8,87,51,590,59.27,242,27,4670,68,316,44,4.64,1
2171,Vo,Maritime,2022,224411,79.47,5,71,94,78,89.88,52,44,416,20,409,42,4.71,0
2172,Kpendjal,Savanes,2021,150806,54.73,27,6,95,316,78.12,106,57,3550,269,1566,16,3.69,1
2173,Avé,Maritime,2020,111214,66.25,10,61,49,430,93.18,384,59,2804,25,1055,30,4.76,0
2174,Haho,Plateaux,2022,305096,66.42,5,22,223,266,88.29,118,105,2812,264,417,4,2.66,1
2175,Tandjoaré,Savanes,2022,35537,83.14,4,84,108,491,58.22,127,81,3629,209,1068,77,3.71,1
2176,Bas-Mono,Maritime,2020,95380,60.93,22,93,278,169,76.41,351,95,381,164,726,74,3.0,1
2177,Oti-Sud,Savanes,2022,150806,43.79,17,12,242,434,56.53,320,92,5786,260,1441,19,2.76,1
2178,Tchamba,Centrale,2021,200585,68.72,10,97,183,116,80.36,209,59,3758,156,1481,5,3.59,0
2179,Assoli,Kara,2023,66492,51.95,2,98,254,159,87.22,215,88,427,10,1544,76,4.75,1
2180,Moyen-Mono,Plateaux,2021,90505,79.89,18,67,255,362,88.01,285,113,3298,1,359,57,3.43,1
2181,Tône,Savanes,2022,388775,65.23,24,44,191,454,93.88,393,43,2308,207,1970,15,2.95,0
2182,Sotouboua,Centrale,2021,141404,80.83,10,90,83,294,80.76,72,62,4812,71,505,76,2.68,1
2183,Yoto,Maritime,2022,174451,88.68,7,56,39,593,53.17,347,38,2678,269,1948,41,2.7,0
2184,Agou,Plateaux,2023,85793,48.89,12,85,141,497,51.04,209,58,3047,23,13,59,3.15,1
2185,Kpélé,Plateaux,2020,81620,57.5,3,71,77,112,62.85,213,30,1146,241,1790,58,2.82,1
2186,Est-Mono,Plateaux,2023,164460,93.74,11,60,170,313,97.92,82,97,4471,246,305,14,3.25,1
2187,Tchamba,Centrale,2022,200585,71.12,10,24,190,226,70.48,120,70,4500,94,1529,74,4.15,1
2188,Anié,Plateaux,2020,177188,90.0,28,74,282,529,95.54,302,46,2711,135,1117,6,3.43,0
2189,Kozah,Kara,2022,283738,55.26,17,84,109,65,83.6,70,32,5348,202,945,7,4.56,1
2190,Kpendjal,Savanes,2021,150806,92.08,3,97,170,259,54.64,285,95,4066,175,162,72,4.31,1
2191,Mô,Centrale,2022,52448,76.84,28,46,128,53,73.92,208,114,4905,164,1323,78,2.86,1
2192,Assoli,Kara,2023,66492,66.33,15,27,105,226,55.97,167,80,5813,4,1931,29,3.03,1
2193,Tandjoaré,Savanes,2020,35537,61.45,28,53,74,211,70.1,134,42,5638,194,434,44,3.77,1
2194,Bassar,Kara,2021,152038,61.21,12,91,66,347,79.63,187,82,5479,75,16,75,4.76,1
2195,Blitta,Centrale,2021,218753,67.09,29,55,121,202,69.73,108,48,290,297,1900,74,4.34,0
2196,Kozah,Kara,2021,283738,85.85,13,35,282,147,76.97,113,116,3267,138,1057,80,4.59,1
2197,Kpélé,Plateaux,2021,81620,43.95,30,26,169,132,52.49,349,95,5761,147,3,68,2.58,1
2198,Ogou,Plateaux,2022,253467,67.53,25,21,180,374,75.74,128,107,4584,87,431,29,4.1,1
2199,Doufelgou,Kara,2023,87588,71.0,15,50,45,589,52.76,280,27,2044,7,190,0,3.96,0
2200,Dankpen,Kara,2021,184632,41.24,11,80,243,548,92.85,123,42,5147,222,1519,25,3.33,1
2201,Bassar,Kara,2023,152038,48.81,12,47,198,596,91.11,95,56,3022,126,1473,44,3.86,1
2202,Anié,Plateaux,2023,177188,51.64,28,25,262,367,91.18,115,76,241,57,1738,18,3.03,1
2203,Blitta,Centrale,2023,218753,89.82,24,95,88,253,56.1,75,110,203,158,1456,8,4.57,1
2204,Tandjoaré,Savanes,2021,35537,93.71,26,76,89,404,83.61,265,65,3510,98,529,78,3.82,0
2205,Zio,Maritime,2021,500032,82.01,22,54,249,336,72.61,58,33,515,118,1852,19,3.54,0
2206,Cinkassé,Savanes,2021,173987,51.68,6,13,294,546,50.52,169,45,2734,126,769,43,4.57,1
2207,Zio,Maritime,2021,500032,60.39,16,36,82,344,52.83,338,47,1831,183,1263,64,2.91,0
2208,Binah,Kara,2021,84739,72.64,14,67,231,61,58.45,221,36,5842,244,59,55,3.69,1
2209,Kpélé,Plateaux,2023,81620,50.3,2,99,28,272,63.26,228,55,2676,259,1251,57,4.18,1
2210,Akébou,Plateaux,2023,73188,75.73,25,8,71,209,85.98,322,61,5401,69,1738,76,4.47,1
2211,Kloto,Plateaux,2021,145985,54.63,13,39,231,82,60.26,360,38,5684,260,1805,50,4.49,1
2212,Akébou,Plateaux,2020,73188,51.7,4,28,277,66,96.29,107,55,5485,81,445,40,3.81,1
2213,Oti,Savanes,2023,123324,65.69,10,90,197,235,76.41,214,87,2269,16,23,57,3.52,1
2214,Agoè-Nyivé,Maritime,2022,882695,89.56,2,23,46,320,96.01,296,115,5981,175,1147,19,2.88,1
2215,Zio,Maritime,2022,500032,51.32,8,39,76,113,66.36,358,111,1241,74,452,38,2.67,1
2216,Lacs,Maritime,2021,241207,94.97,13,49,263,110,51.5,210,73,3710,7,1970,61,4.5,0
2217,Binah,Kara,2021,84739,85.66,27,24,246,582,80.02,376,23,5000,123,1304,61,4.51,1
2218,Oti-Sud,Savanes,2021,150806,56.68,29,21,141,408,56.22,97,74,4720,241,1152,13,3.85,1
2219,Dankpen,Kara,2023,184632,57.95,29,11,164,549,54.58,281,93,2378,61,72,71,4.05,1
2220,Agou,Plateaux,2021,85793,59.38,17,76,268,69,86.33,312,84,2267,42,1168,44,2.58,1
2221,Tchaoudjo,Centrale,2021,240360,58.24,16,61,245,446,84.47,321,66,360,203,1884,3,3.66,1
2222,Kozah,Kara,2020,283738,58.85,11,97,139,568,78.75,324,107,1166,143,1580,4,2.94,1
2223,Oti-Sud,Savanes,2020,150806,60.92,9,59,22,246,60.05,75,37,3273,259,1101,12,3.49,0
2224,Kpendjal-Ouest,Savanes,2023,120285,58.22,20,60,53,60,61.84,151,39,4685,258,269,24,2.75,1
2225,Agou,Plateaux,2022,85793,72.45,29,57,164,434,59.83,274,49,1042,115,438,50,2.89,0
2226,Est-Mono,Plateaux,2023,164460,94.07,8,6,44,515,50.78,298,97,2135,242,0,3,4.54,1
2227,Binah,Kara,2020,84739,47.89,19,46,59,238,81.03,149,49,550,27,628,30,4.05,1
2228,Oti,Savanes,2023,123324,52.91,16,58,167,429,56.49,99,30,4053,281,935,18,3.17,1
2229,Wawa,Plateaux,2023,101300,42.36,25,9,214,417,60.83,203,25,1015,249,529,3,2.83,1
2230,Dankpen,Kara,2022,184632,44.83,13,47,230,547,96.68,90,96,2613,105,1999,58,4.22,1
2231,Golfe,Maritime,2020,1305681,40.98,6,60,132,550,65.38,330,82,4946,245,391,27,2.63,1
2232,Amou,Plateaux,2022,110948,79.84,28,37,245,111,50.55,290,21,4527,277,472,68,3.32,1
2233,Oti,Savanes,2023,123324,65.79,19,91,274,483,79.99,227,63,2557,0,1607,78,3.72,0
2234,Kpélé,Plateaux,2021,81620,86.63,21,41,178,92,73.62,213,64,1493,102,1376,20,4.62,0
2235,Avé,Maritime,2023,111214,75.44,15,54,230,200,96.61,150,58,4069,246,1898,9,4.51,1
2236,Amou,Plateaux,2022,110948,47.22,12,91,195,104,93.51,166,98,4068,60,1787,14,4.17,1
2237,Amou,Plateaux,2022,110948,61.72,28,44,67,68,68.34,334,55,1821,98,1409,16,3.37,0
2238,Wawa,Plateaux,2022,101300,85.53,28,10,72,271,52.22,124,73,3788,93,1092,11,3.03,0
2239,Tandjoaré,Savanes,2023,35537,72.02,25,95,134,581,77.87,294,109,3588,187,451,27,3.73,1
2240,Tandjoaré,Savanes,2023,35537,73.33,20,98,112,410,85.24,177,41,496,198,797,70,4.36,0
2241,Tône,Savanes,2020,388775,86.98,22,7,88,252,50.33,346,30,4051,49,1101,66,2.81,1
2242,Oti,Savanes,2020,123324,60.23,18,23,141,496,80.98,259,69,253,110,1285,38,4.5,0
2243,Avé,Maritime,2020,111214,83.34,18,54,297,389,81.11,193,63,3882,275,1609,16,3.77,0
2244,Blitta,Centrale,2021,218753,60.84,5,57,124,264,93.56,154,70,4313,193,252,4,4.08,1
2245,Zio,Maritime,2020,500032,48.76,11,63,118,209,91.69,261,74,3282,122,1343,36,4.71,1
2246,Kozah,Kara,2020,283738,40.02,18,15,285,372,73.32,75,64,5807,96,597,0,4.51,1
2247,Anié,Plateaux,2023,177188,55.07,8,71,256,515,91.19,140,88,1263,153,1939,42,3.37,1
2248,Moyen-Mono,Plateaux,2023,90505,81.14,5,99,248,332,79.96,184,86,4973,230,1616,27,2.81,1
2249,Binah,Kara,2021,84739,44.43,11,46,207,84,94.48,53,86,3069,173,719,67,4.2,1
2250,Tône,Savanes,2023,388775,61.81,25,33,73,146,61.79,176,37,4721,187,1088,31,3.16,1
2251,Tône,Savanes,2020,388775,50.61,26,91,117,441,51.08,237,113,924,141,871,59,4.35,1
2252,Golfe,Maritime,2021,1305681,93.18,4,36,36,172,74.56,217,112,2238,172,1082,71,4.52,1
2253,Assoli,Kara,2022,66492,41.46,23,6,40,418,89.15,81,39,1706,23,1927,79,3.23,1
2254,Zio,Maritime,2021,500032,43.99,25,45,109,492,72.81,252,23,2452,242,911,63,3.85,1
2255,Bassar,Kara,2023,152038,63.44,18,42,124,250,74.75,120,64,5790,201,203,50,3.56,1
2256,Oti,Savanes,2023,123324,57.86,9,25,191,294,66.05,327,110,306,21,192,73,3.81,1
2257,Tône,Savanes,2022,388775,84.69,20,98,98,424,69.39,333,118,3073,274,529,45,4.02,1
2258,Oti,Savanes,2021,123324,59.21,25,19,56,572,68.96,216,105,3359,81,11,74,2.64,1
2259,Akébou,Plateaux,2022,73188,92.38,18,31,81,266,62.3,393,72,2352,2,1008,45,3.46,0
2260,Yoto,Maritime,2023,174451,81.28,28,53,248,129,92.34,399,76,4903,188,1000,26,3.43,1
2261,Mô,Centrale,2022,52448,90.01,17,21,257,169,56.02,305,23,5119,19,1784,13,3.55,1
2262,Cinkassé,Savanes,2020,173987,41.83,16,55,298,254,61.85,209,110,4605,297,1575,53,3.32,1
2263,Yoto,Maritime,2020,174451,57.02,24,28,31,101,71.25,198,100,3153,0,1533,6,3.06,1
2264,Binah,Kara,2020,84739,70.96,21,19,274,337,92.65,258,73,597,143,1497,32,3.91,0
2265,Kpendjal,Savanes,2020,150806,85.78,29,90,118,123,77.76,109,116,2932,196,1161,10,3.62,1
2266,Est-Mono,Plateaux,2022,164460,46.7,18,17,272,495,59.39,369,93,1634,136,1169,61,4.16,1
2267,Wawa,Plateaux,2020,101300,87.13,22,89,285,346,54.11,271,90,2844,220,1545,9,4.11,1
2268,Tandjoaré,Savanes,2022,35537,69.29,16,25,24,502,65.92,107,70,2034,220,1820,44,2.69,0
2269,Anié,Plateaux,2021,177188,40.67,29,52,175,97,95.79,317,36,5952,165,958,43,4.53,1
2270,Cinkassé,Savanes,2023,173987,86.63,5,29,20,156,70.83,344,71,4962,163,695,47,4.58,1
2271,Anié,Plateaux,2023,177188,66.68,5,27,200,71,97.23,254,38,494,124,1174,35,4.12,0
2272,Blitta,Centrale,2023,218753,89.0,14,79,235,379,90.19,153,94,4658,162,1698,32,4.44,1
2273,Yoto,Maritime,2023,174451,56.83,14,46,165,367,90.83,83,112,3189,25,1998,12,2.59,1
2274,Anié,Plateaux,2022,177188,55.49,4,94,104,184,63.17,366,20,3969,236,165,27,3.24,1
2275,Blitta,Centrale,2020,218753,72.8,7,99,233,299,75.8,117,45,5278,133,1832,2,3.9,1
2276,Vo,Maritime,2023,224411,87.0,7,30,232,109,74.22,395,24,543,161,808,76,4.66,0
2277,Kloto,Plateaux,2022,145985,73.6,27,13,297,224,77.39,235,117,515,17,1429,1,4.02,1
2278,Amou,Plateaux,2021,110948,73.99,10,66,136,199,94.08,218,36,2934,40,1242,24,4.31,0
2279,Agoè-Nyivé,Maritime,2021,882695,59.94,2,46,113,563,91.23,92,39,4889,228,1715,49,3.7,1
2280,Est-Mono,Plateaux,2021,164460,53.48,12,34,24,107,95.26,52,109,1052,207,80,48,3.82,1
2281,Bassar,Kara,2020,152038,77.87,17,83,237,552,65.66,190,104,5702,97,118,22,2.64,1
2282,Golfe,Maritime,2020,1305681,90.18,6,37,183,156,58.21,394,101,5803,183,1743,11,3.41,1
2283,Haho,Plateaux,2022,305096,59.87,30,51,232,223,77.23,383,52,2813,207,1762,77,4.73,1
2284,Assoli,Kara,2022,66492,77.14,4,11,176,351,96.74,298,104,2865,222,755,50,2.97,1
2285,Kpendjal,Savanes,2023,150806,74.95,28,16,202,391,61.82,288,75,905,233,339,29,4.66,0
2286,Anié,Plateaux,2021,177188,82.93,2,70,240,166,93.04,251,67,4212,206,789,59,2.8,1
2287,Zio,Maritime,2021,500032,85.54,6,62,46,235,73.82,354,41,1361,147,1462,25,3.12,0
2288,Kpélé,Plateaux,2020,81620,44.56,7,59,186,107,75.51,299,72,234,157,412,40,4.19,1
2289,Est-Mono,Plateaux,2022,164460,69.32,8,92,70,86,62.91,94,40,4894,206,1895,62,4.47,1
2290,Golfe,Maritime,2020,1305681,82.39,29,12,174,91,53.63,207,99,1557,114,1167,24,2.5,1
2291,Haho,Plateaux,2021,305096,61.65,11,5,182,564,68.9,90,40,5912,180,19,70,3.23,1
2292,Ogou,Plateaux,2020,253467,65.27,19,21,193,503,70.21,79,118,5921,156,941,49,3.74,1
2293,Kpélé,Plateaux,2023,81620,61.88,23,41,205,357,77.81,210,107,2761,278,106,45,3.11,1
2294,Kéran,Kara,2022,123138,92.23,18,84,231,99,61.35,276,37,3767,243,1795,49,3.76,0
2295,Avé,Maritime,2023,111214,58.16,22,87,103,497,72.09,109,107,2332,273,6,43,3.3,1
2296,Bas-Mono,Maritime,2020,95380,60.03,2,95,267,298,51.49,194,102,3668,18,1668,7,4.33,1
2297,Blitta,Centrale,2022,218753,43.77,14,22,283,563,72.63,184,80,5318,156,1746,43,4.79,1
2298,Assoli,Kara,2020,66492,45.8,15,48,144,197,59.56,164,70,962,251,1861,27,4.58,1
2299,Kpélé,Plateaux,2022,81620,53.51,26,37,156,126,75.1,69,102,609,277,742,52,2.58,1
2300,Doufelgou,Kara,2023,87588,71.93,27,9,99,412,90.31,137,85,4135,125,926,24,3.49,1
2301,Zio,Maritime,2021,500032,54.22,26,77,254,519,92.7,396,73,789,278,1961,34,4.19,1
2302,Yoto,Maritime,2022,174451,82.54,2,67,122,392,83.03,236,108,5030,275,87,37,2.85,1
2303,Lacs,Maritime,2021,241207,74.2,4,8,36,570,58.76,310,28,1373,8,1890,9,3.9,0
2304,Kpendjal,Savanes,2021,150806,92.16,18,50,137,155,64.08,183,40,3387,83,1133,54,4.18,0
2305,Yoto,Maritime,2020,174451,68.0,30,23,127,488,82.62,228,76,1400,47,624,40,3.53,0
2306,Mô,Centrale,2020,52448,43.25,20,95,175,371,92.53,374,43,1202,167,1195,9,3.56,1
2307,Est-Mono,Plateaux,2023,164460,94.73,11,57,32,105,65.64,134,93,3315,11,231,43,3.21,1
2308,Zio,Maritime,2023,500032,50.06,11,46,100,439,54.23,119,50,5565,14,1771,11,2.84,1
2309,Zio,Maritime,2022,500032,47.34,11,28,176,149,50.18,250,92,2044,0,1496,28,4.19,1
2310,Agoè-Nyivé,Maritime,2023,882695,54.26,10,9,231,446,93.59,210,111,3508,150,1672,16,3.75,1
2311,Tchaoudjo,Centrale,2020,240360,40.53,24,61,204,423,74.04,379,48,544,244,1884,0,2.8,1
2312,Kéran,Kara,2023,123138,84.83,15,28,210,444,60.4,342,35,853,108,1761,6,2.88,0
2313,Tchaoudjo,Centrale,2023,240360,71.31,3,26,190,229,64.09,265,38,2030,176,1740,0,2.86,0
2314,Est-Mono,Plateaux,2023,164460,92.73,20,68,246,444,61.22,139,32,5881,61,604,68,4.08,1
2315,Tchaoudjo,Centrale,2023,240360,46.45,27,46,145,176,50.19,190,114,4791,159,1915,47,3.76,1
2316,Oti,Savanes,2022,123324,86.16,29,94,235,360,80.42,259,35,1142,175,1700,1,4.11,0
2317,Agou,Plateaux,2020,85793,40.4,29,29,214,269,94.84,133,87,1872,141,963,61,4.65,1
2318,Akébou,Plateaux,2020,73188,83.78,28,53,257,186,69.38,77,25,213,284,1149,5,4.16,0
2319,Amou,Plateaux,2023,110948,77.45,26,36,158,535,72.36,306,44,469,116,94,31,4.8,0
2320,Agou,Plateaux,2020,85793,60.1,21,98,178,334,53.63,260,80,2696,208,1466,21,2.73,0
2321,Anié,Plateaux,2022,177188,89.48,26,36,149,218,62.54,284,112,2331,254,1913,17,3.57,1
2322,Vo,Maritime,2023,224411,56.79,13,78,251,470,82.96,141,24,2866,91,1725,3,3.63,1
2323,Tchamba,Centrale,2023,200585,47.68,27,87,152,111,58.15,233,58,5837,248,845,22,4.41,1
2324,Kpendjal,Savanes,2023,150806,88.06,21,10,146,472,93.98,99,36,1619,176,1004,78,4.64,0
2325,Vo,Maritime,2022,224411,40.05,30,89,223,293,70.79,367,85,2218,281,1805,69,4.08,1
2326,Kpendjal,Savanes,2023,150806,70.36,24,52,147,478,54.51,200,97,2540,24,873,73,4.79,1
2327,Oti-Sud,Savanes,2021,150806,42.54,19,53,188,315,90.69,170,115,878,146,1644,34,3.92,1
2328,Binah,Kara,2023,84739,50.85,28,87,299,218,60.16,193,42,1369,275,1971,36,3.12,1
2329,Est-Mono,Plateaux,2023,164460,72.07,4,52,258,214,97.61,113,82,5274,230,1701,49,4.51,1
2330,Kpélé,Plateaux,2021,81620,68.82,9,7,197,271,78.62,297,80,285,48,468,2,4.46,0
2331,Ogou,Plateaux,2022,253467,69.75,20,27,105,577,92.43,111,72,4554,103,1989,69,3.45,1
2332,Tône,Savanes,2023,388775,47.91,28,5,116,138,57.2,132,60,3460,284,207,27,3.14,1
2333,Oti-Sud,Savanes,2020,150806,52.37,12,71,117,242,54.89,190,37,2379,25,1193,4,4.04,1
2334,Wawa,Plateaux,2022,101300,79.14,4,50,34,81,60.63,83,98,2068,209,789,59,3.29,1
2335,Vo,Maritime,2021,224411,90.42,12,62,97,359,83.83,250,34,5148,245,879,20,4.27,1
2336,Akébou,Plateaux,2020,73188,83.59,18,58,234,311,81.68,323,83,1960,103,1748,58,3.67,1
2337,Blitta,Centrale,2020,218753,43.85,28,100,289,402,51.98,113,78,1903,5,1851,28,2.77,1
2338,Lacs,Maritime,2021,241207,82.52,3,27,174,219,66.65,233,114,3589,45,460,13,3.57,1
2339,Anié,Plateaux,2020,177188,64.26,15,95,75,208,79.72,385,52,2975,242,110,50,2.9,0
2340,Oti-Sud,Savanes,2021,150806,62.62,15,96,108,133,84.17,215,76,3622,2,557,63,2.61,0
2341,Oti,Savanes,2021,123324,41.82,11,75,208,98,61.33,136,51,887,34,238,50,2.85,1
2342,Anié,Plateaux,2020,177188,51.27,3,76,145,325,70.73,113,38,797,271,1158,63,3.72,1
2343,Tchaoudjo,Centrale,2020,240360,53.84,5,57,89,559,61.22,254,99,2276,54,237,67,3.3,1
2344,Anié,Plateaux,2021,177188,74.31,4,50,224,180,76.05,94,75,1510,44,678,32,2.65,0
2345,Doufelgou,Kara,2020,87588,50.47,16,49,120,575,75.15,202,110,485,299,884,55,2.92,1
2346,Agou,Plateaux,2021,85793,46.31,13,61,82,556,97.03,232,33,3058,81,222,41,2.81,1
2347,Sotouboua,Centrale,2020,141404,41.95,15,83,203,247,77.72,154,61,5242,33,264,19,3.06,1
2348,Kloto,Plateaux,2021,145985,47.32,11,70,113,268,69.77,122,117,3873,35,517,75,3.89,1
2349,Danyi,Plateaux,2022,40240,84.34,26,27,138,485,56.38,259,73,4732,160,1883,33,2.83,1
2350,Blitta,Centrale,2023,218753,76.78,5,76,48,357,74.15,60,61,1350,31,800,77,2.77,0
2351,Doufelgou,Kara,2020,87588,44.06,27,17,24,273,97.52,364,92,2959,53,1112,61,4.01,1
2352,Moyen-Mono,Plateaux,2023,90505,47.24,3,32,67,88,67.05,280,95,4193,112,1292,16,3.11,1
2353,Avé,Maritime,2021,111214,55.51,29,66,189,417,51.07,138,112,1093,199,1928,7,4.01,1
2354,Sotouboua,Centrale,2023,141404,60.25,19,60,98,181,53.9,210,63,1482,121,6,11,3.84,0
2355,Bassar,Kara,2023,152038,56.21,29,75,290,100,62.27,318,101,2510,118,1198,18,3.81,1
2356,Agoè-Nyivé,Maritime,2021,882695,69.59,10,56,256,339,92.21,224,108,203,285,1528,46,3.9,1
2357,Lacs,Maritime,2021,241207,40.81,25,97,88,200,85.08,344,84,4599,164,563,18,4.34,1
2358,Sotouboua,Centrale,2022,141404,67.47,12,52,251,372,57.85,56,60,2142,67,1836,19,2.75,0
2359,Bassar,Kara,2020,152038,50.71,5,52,206,442,80.99,302,73,4112,2,1704,66,4.26,1
2360,Golfe,Maritime,2022,1305681,87.28,5,30,216,435,59.48,117,110,4847,176,601,56,3.02,1
2361,Bas-Mono,Maritime,2022,95380,89.37,9,81,240,285,59.99,260,69,4290,198,156,67,3.39,1
2362,Kozah,Kara,2021,283738,48.44,9,36,201,231,61.37,81,60,3935,268,1432,26,4.21,1
2363,Sotouboua,Centrale,2021,141404,77.05,10,5,139,432,80.13,400,115,1970,49,54,21,2.84,1
2364,Kozah,Kara,2020,283738,72.93,5,30,231,477,58.11,144,119,4084,199,631,9,2.9,1
2365,Avé,Maritime,2023,111214,62.58,2,96,292,278,77.45,328,39,3270,182,1231,15,2.57,0
2366,Bas-Mono,Maritime,2021,95380,43.83,30,21,21,490,63.74,65,24,4855,3,1954,61,3.41,1
2367,Oti-Sud,Savanes,2020,150806,61.23,14,88,289,348,59.13,303,21,5262,269,221,50,3.28,1
2368,Anié,Plateaux,2020,177188,49.73,15,50,287,554,51.19,117,32,2799,135,152,3,3.3,1
2369,Tône,Savanes,2021,388775,83.52,9,19,51,99,78.43,268,65,1171,158,284,25,4.48,0
2370,Bassar,Kara,2021,152038,49.49,22,28,93,203,93.67,269,25,3736,69,884,52,3.13,1
2371,Kpendjal,Savanes,2023,150806,70.51,14,42,55,412,71.04,203,114,573,125,267,73,3.56,1
2372,Kloto,Plateaux,2022,145985,89.07,24,95,275,61,93.17,196,103,4882,239,1605,48,3.74,1
2373,Assoli,Kara,2020,66492,78.57,13,85,31,198,75.71,230,109,2144,61,1587,15,3.42,1
2374,Haho,Plateaux,2020,305096,82.39,4,43,73,561,66.74,123,103,4941,135,257,74,4.64,1
2375,Bassar,Kara,2020,152038,60.52,26,96,264,458,66.83,210,32,3199,213,1505,51,2.81,0
2376,Dankpen,Kara,2021,184632,73.32,27,19,175,119,86.4,226,67,882,278,1968,50,4.28,0
2377,Oti-Sud,Savanes,2022,150806,85.12,16,97,174,398,75.39,202,40,4899,43,333,33,3.05,1
2378,Danyi,Plateaux,2023,40240,65.82,4,46,141,125,77.66,356,71,3817,282,1030,7,2.5,0
2379,Tandjoaré,Savanes,2023,35537,40.07,6,85,102,402,80.72,97,93,4480,120,1116,3,3.06,1
2380,Tône,Savanes,2020,388775,48.46,2,60,137,527,85.17,327,87,3220,277,94,5,4.36,1
2381,Mô,Centrale,2023,52448,65.91,9,98,253,443,82.85,269,68,3952,273,1733,37,4.71,0
2382,Kpendjal,Savanes,2023,150806,88.06,27,7,21,166,53.27,241,90,3161,226,1520,48,3.89,1
2383,Kpendjal-Ouest,Savanes,2022,120285,86.22,2,54,186,581,67.87,227,88,3117,189,393,26,2.54,1
2384,Tchaoudjo,Centrale,2021,240360,74.26,29,72,241,280,75.52,217,96,2537,244,1908,74,4.48,1
2385,Wawa,Plateaux,2023,101300,44.03,25,94,226,209,73.13,268,114,5034,219,1506,78,2.63,1
2386,Assoli,Kara,2023,66492,73.18,4,75,116,171,58.68,63,36,2504,207,581,16,3.35,0
2387,Kpendjal-Ouest,Savanes,2020,120285,94.69,15,52,51,238,83.45,308,28,5453,134,271,4,3.98,1
2388,Kpélé,Plateaux,2021,81620,47.4,25,39,299,362,95.48,76,74,1797,213,756,41,4.29,1
2389,Est-Mono,Plateaux,2021,164460,57.38,3,78,93,537,54.3,304,74,2041,268,622,5,3.9,1
2390,Vo,Maritime,2023,224411,58.94,26,86,117,203,79.89,265,77,3723,299,1060,53,2.59,1
2391,Ogou,Plateaux,2023,253467,75.98,17,70,87,387,68.98,127,115,1817,271,874,78,3.44,1
2392,Danyi,Plateaux,2022,40240,53.89,6,71,144,340,74.52,124,37,3861,45,1531,45,3.56,1
2393,Oti,Savanes,2021,123324,45.23,14,78,272,500,75.58,298,28,4327,22,1665,57,3.97,1
2394,Kpendjal,Savanes,2023,150806,55.42,7,5,281,491,73.13,306,62,5533,95,537,53,3.47,1
2395,Kpendjal,Savanes,2021,150806,47.08,10,15,61,411,57.92,308,64,2356,11,505,72,3.38,1
2396,Haho,Plateaux,2022,305096,46.42,12,53,112,502,71.43,149,73,5824,259,340,50,3.53,1
2397,Doufelgou,Kara,2023,87588,58.76,4,28,143,561,62.23,312,90,2172,17,780,2,3.56,1
2398,Yoto,Maritime,2022,174451,49.61,14,46,299,277,89.96,359,105,4355,22,1551,50,3.69,1
2399,Tchaoudjo,Centrale,2020,240360,68.34,13,100,96,331,94.33,227,68,4572,167,909,65,2.95,1
2400,Oti,Savanes,2021,123324,83.03,13,37,193,248,97.45,113,102,3824,127,1490,39,3.04,1
2401,Danyi,Plateaux,2021,40240,42.15,30,51,217,537,62.12,391,116,293,51,1681,38,2.72,1
2402,Kloto,Plateaux,2023,145985,72.2,21,84,90,434,69.96,371,20,556,27,1854,65,3.65,0
2403,Lacs,Maritime,2023,241207,83.85,9,11,161,109,62.96,366,108,3596,73,1347,44,3.12,1
2404,Anié,Plateaux,2023,177188,93.63,17,11,54,201,56.46,263,36,4496,82,816,57,4.79,1
2405,Moyen-Mono,Plateaux,2020,90505,45.71,22,46,210,85,75.1,296,78,2870,82,1183,21,4.68,1
2406,Lacs,Maritime,2023,241207,71.14,10,13,26,346,61.51,368,102,4700,282,204,75,4.26,1
2407,Avé,Maritime,2022,111214,94.73,18,97,95,491,86.76,307,74,3278,161,683,17,3.18,0
2408,Kpendjal-Ouest,Savanes,2020,120285,51.13,15,38,137,391,94.9,338,103,3227,6,1032,32,3.71,1
2409,Bas-Mono,Maritime,2022,95380,84.54,9,85,204,80,52.53,77,71,3906,239,1679,32,3.57,0
2410,Doufelgou,Kara,2022,87588,91.23,11,61,77,209,84.0,72,72,582,257,1133,15,3.35,0
2411,Bassar,Kara,2023,152038,59.02,23,49,46,137,90.9,286,28,4867,50,1389,61,3.16,1
2412,Bassar,Kara,2023,152038,55.95,18,30,209,523,85.38,124,30,2600,21,1057,50,4.03,1
2413,Sotouboua,Centrale,2022,141404,56.78,21,56,162,79,86.89,202,61,1693,37,1036,75,3.86,1
2414,Zio,Maritime,2020,500032,93.87,5,85,234,213,89.15,258,65,2919,275,948,57,2.55,0
2415,Blitta,Centrale,2022,218753,46.33,16,80,88,123,58.73,140,111,5933,83,411,70,4.8,1
2416,Haho,Plateaux,2021,305096,41.05,19,23,232,396,72.56,329,95,1147,232,1552,45,4.22,1
2417,Akébou,Plateaux,2022,73188,88.26,7,93,68,285,88.96,73,84,3884,42,1900,76,3.45,1
2418,Assoli,Kara,2020,66492,94.89,17,17,111,342,53.52,370,94,3298,95,1390,59,3.36,1
2419,Doufelgou,Kara,2020,87588,74.04,17,20,112,490,88.18,79,79,972,300,288,74,4.53,0
2420,Oti-Sud,Savanes,2022,150806,90.25,23,68,286,536,52.53,399,39,5299,124,136,31,3.03,1
2421,Oti,Savanes,2023,123324,90.0,2,84,174,63,71.81,53,22,3274,127,1452,15,3.54,0
2422,Agou,Plateaux,2020,85793,74.28,4,21,114,450,78.13,223,105,5446,170,1234,1,3.94,1
2423,Blitta,Centrale,2021,218753,81.15,15,18,270,305,69.13,111,58,5094,17,131,38,4.41,1
2424,Est-Mono,Plateaux,2020,164460,80.93,6,82,176,523,50.55,328,86,1395,105,1848,12,4.58,1
2425,Kpendjal-Ouest,Savanes,2020,120285,87.3,21,15,253,564,74.07,168,41,4207,215,989,15,3.86,1
2426,Kpélé,Plateaux,2020,81620,89.38,21,16,209,293,50.78,211,60,755,122,1007,31,4.59,0
2427,Zio,Maritime,2021,500032,88.66,2,49,60,354,76.18,316,41,5154,128,1578,38,3.65,1
2428,Ogou,Plateaux,2021,253467,48.39,26,82,24,297,67.25,165,32,3027,193,643,46,2.54,1
2429,Wawa,Plateaux,2022,101300,81.79,25,9,271,538,97.17,222,50,1427,257,1027,59,4.69,0
2430,Tandjoaré,Savanes,2023,35537,62.47,10,85,22,594,94.56,96,113,3978,209,1390,21,2.54,1
2431,Kéran,Kara,2023,123138,44.23,8,24,31,229,63.33,110,119,716,236,1164,56,3.5,1
2432,Wawa,Plateaux,2022,101300,77.29,20,40,219,185,71.66,157,82,878,6,1519,4,4.43,1
2433,Anié,Plateaux,2023,177188,63.78,21,74,254,277,63.99,222,82,1096,104,672,65,4.09,1
2434,Amou,Plateaux,2021,110948,86.7,27,79,164,355,88.51,276,85,4771,139,1304,67,2.84,1
2435,Tchaoudjo,Centrale,2021,240360,77.08,14,46,85,369,65.94,385,37,3771,222,1557,1,4.73,0
2436,Tône,Savanes,2021,388775,59.74,16,13,117,573,83.16,261,70,589,286,1357,7,3.08,1
2437,Kéran,Kara,2022,123138,82.22,4,63,79,454,62.46,220,58,4944,261,550,37,3.9,1
2438,Anié,Plateaux,2022,177188,61.51,24,64,78,331,56.59,195,38,3000,145,1753,27,3.18,0
2439,Blitta,Centrale,2021,218753,82.57,15,80,31,130,87.97,338,98,1761,31,716,61,3.63,1
2440,Oti-Sud,Savanes,2021,150806,52.15,4,45,98,597,76.8,398,106,2694,110,1436,40,3.83,1
2441,Dankpen,Kara,2021,184632,40.01,12,16,227,294,68.77,379,39,3239,186,1732,43,3.21,1
2442,Kloto,Plateaux,2023,145985,62.24,10,49,42,305,66.05,314,81,1771,250,1516,35,2.54,1
2443,Yoto,Maritime,2022,174451,74.3,26,85,265,420,76.38,214,90,4963,4,1587,14,4.46,1
2444,Agoè-Nyivé,Maritime,2023,882695,61.94,2,6,29,124,63.32,271,32,669,260,1775,11,4.61,0
2445,Agou,Plateaux,2021,85793,48.53,6,40,47,230,91.45,220,118,2852,49,261,66,3.78,1
2446,Tône,Savanes,2023,388775,56.27,28,88,28,484,70.38,350,115,4181,202,1081,20,3.38,1
2447,Agou,Plateaux,2020,85793,62.72,17,23,278,562,53.68,145,85,1649,96,905,42,2.54,1
2448,Est-Mono,Plateaux,2021,164460,82.61,4,28,255,368,55.02,273,56,4268,106,1667,79,2.63,1
2449,Blitta,Centrale,2021,218753,47.85,22,96,193,494,59.24,59,89,3354,209,1726,23,3.6,1
2450,Anié,Plateaux,2021,177188,69.98,6,87,55,526,60.11,353,59,5282,27,1301,65,4.5,1
2451,Est-Mono,Plateaux,2023,164460,92.65,7,55,105,339,81.38,304,105,4275,274,492,8,2.98,1
2452,Dankpen,Kara,2021,184632,85.74,15,85,141,389,88.26,337,45,5228,83,1287,80,4.79,1
2453,Oti-Sud,Savanes,2020,150806,91.8,5,64,259,195,82.53,399,24,4995,230,1771,0,2.74,1
2454,Tchaoudjo,Centrale,2023,240360,71.97,19,28,71,252,79.39,238,52,4497,63,78,55,3.87,1
2455,Yoto,Maritime,2020,174451,70.5,10,11,70,112,79.05,276,90,1774,249,691,13,3.4,1
2456,Doufelgou,Kara,2022,87588,79.95,14,30,173,156,89.61,311,58,4946,215,438,31,3.55,1
2457,Avé,Maritime,2022,111214,75.0,12,16,210,256,77.5,119,48,2509,8,1674,37,2.67,0
2458,Tchamba,Centrale,2020,200585,94.23,4,9,125,554,97.78,86,39,1592,106,1016,37,4.43,0
2459,Ogou,Plateaux,2021,253467,42.52,16,79,183,447,63.57,135,94,2881,17,1847,27,2.71,1
2460,Tchaoudjo,Centrale,2022,240360,50.31,27,11,162,480,64.25,299,44,1701,239,1022,29,4.46,1
2461,Zio,Maritime,2020,500032,82.15,24,93,148,337,65.83,129,48,4052,148,783,4,3.88,1
2462,Golfe,Maritime,2021,1305681,52.32,17,100,268,132,70.42,126,90,573,118,1433,55,2.91,1
2463,Kozah,Kara,2020,283738,78.93,4,79,99,387,60.09,117,52,2798,172,1735,8,3.92,0
2464,Yoto,Maritime,2023,174451,40.51,15,73,125,566,68.35,200,109,677,37,188,6,2.76,1
2465,Kpélé,Plateaux,2021,81620,47.84,7,50,252,362,59.09,134,113,304,64,1333,78,3.21,1
2466,Oti,Savanes,2021,123324,70.81,27,37,164,415,56.63,216,55,5639,145,592,56,3.22,1
2467,Akébou,Plateaux,2020,73188,58.24,26,50,217,397,72.22,318,60,5733,286,439,1,3.8,1
2468,Mô,Centrale,2023,52448,68.62,7,13,166,505,97.66,336,107,2065,288,1898,78,3.62,1
2469,Tchaoudjo,Centrale,2022,240360,46.45,26,63,131,394,77.59,192,118,4187,144,1538,8,3.25,1
2470,Lacs,Maritime,2020,241207,73.29,21,9,293,325,63.95,305,55,2850,288,1278,69,4.09,0
2471,Kpendjal,Savanes,2022,150806,80.14,22,92,296,258,96.6,200,51,5051,106,317,52,2.53,1
2472,Agou,Plateaux,2022,85793,63.54,18,25,113,78,73.78,142,59,988,174,517,65,3.08,0
2473,Agoè-Nyivé,Maritime,2023,882695,48.87,3,45,259,520,54.92,208,23,4121,7,889,17,3.91,1
2474,Kozah,Kara,2022,283738,54.55,27,61,245,252,58.45,311,92,3556,140,675,29,3.3,1
2475,Vo,Maritime,2023,224411,87.61,9,34,297,98,82.89,78,62,5914,100,255,6,2.58,1
2476,Yoto,Maritime,2021,174451,40.83,27,55,46,562,92.99,144,72,5409,289,1906,47,3.74,1
2477,Kpendjal,Savanes,2022,150806,44.96,14,59,28,194,67.98,87,61,1156,254,49,36,4.77,1
2478,Amou,Plateaux,2023,110948,55.65,2,61,154,145,54.31,168,66,3328,229,1563,28,3.33,1
2479,Oti,Savanes,2023,123324,72.92,4,5,179,325,78.12,261,119,4198,19,396,3,4.29,1
2480,Golfe,Maritime,2021,1305681,82.45,7,28,269,275,64.79,270,98,4306,238,984,7,4.61,1
2481,Tône,Savanes,2023,388775,66.91,10,20,177,157,89.2,249,78,4941,15,54,32,4.64,1
2482,Tandjoaré,Savanes,2023,35537,45.85,5,94,151,499,63.34,54,29,5976,96,1476,3,4.31,1
2483,Yoto,Maritime,2023,174451,43.13,29,19,76,313,90.74,263,70,4598,158,809,26,4.41,1
2484,Kozah,Kara,2021,283738,67.3,19,26,250,593,72.51,300,80,986,28,83,66,4.05,0
2485,Oti,Savanes,2021,123324,85.27,23,26,271,533,91.37,398,114,4394,237,1729,16,4.01,1
2486,Doufelgou,Kara,2021,87588,92.35,3,12,268,564,54.41,50,81,2155,274,1668,58,3.87,1
2487,Binah,Kara,2023,84739,70.93,11,90,223,180,95.14,190,45,2490,170,39,28,2.95,0
2488,Ogou,Plateaux,2022,253467,61.95,2,92,158,413,62.31,389,113,358,69,1472,43,4.6,1
2489,Tandjoaré,Savanes,2020,35537,89.86,28,63,292,80,91.11,315,107,589,70,1155,8,3.72,1
2490,Oti-Sud,Savanes,2021,150806,72.95,21,39,268,138,82.18,380,75,1115,107,531,36,4.79,0
2491,Danyi,Plateaux,2021,40240,46.82,18,54,242,321,67.74,388,36,440,247,928,75,4.41,1
2492,Assoli,Kara,2020,66492,68.25,5,52,275,594,93.38,370,95,4268,145,365,2,3.82,1
2493,Oti,Savanes,2020,123324,58.04,19,21,44,98,96.13,170,60,722,17,1591,48,4.26,1
2494,Haho,Plateaux,2022,305096,47.94,25,7,54,522,78.27,154,47,5452,108,1681,21,4.11,1
2495,Assoli,Kara,2022,66492,92.49,25,81,174,514,81.19,102,50,3301,243,426,65,2.94,0
2496,Kozah,Kara,2022,283738,43.66,5,10,41,154,71.33,260,24,5264,67,1606,35,3.48,1
2497,Doufelgou,Kara,2022,87588,81.11,26,22,135,154,60.63,204,64,2017,126,976,50,3.37,0
2498,Dankpen,Kara,2022,184632,64.08,23,77,110,102,70.67,221,75,4532,202,411,78,4.14,1
2499,Vo,Maritime,2023,224411,68.52,18,30,184,381,74.32,224,39,3787,258,1477,1,3.86,0
2500,Tchamba,Centrale,2021,200585,54.02,10,76,225,112,61.65,399,64,1207,156,1298,40,2.67,1
2501,Tône,Savanes,2020,388775,91.83,28,47,103,407,78.75,76,27,4436,46,176,25,4.39,1
2502,Amou,Plateaux,2022,110948,45.97,18,74,234,142,80.49,146,68,4799,266,293,45,2.83,1
2503,Lacs,Maritime,2020,241207,40.47,2,89,265,106,97.76,285,29,442,75,555,61,2.7,1
2504,Mô,Centrale,2020,52448,51.93,7,63,145,415,63.36,121,53,5154,171,811,0,3.47,1
2505,Avé,Maritime,2020,111214,47.34,15,51,254,220,83.94,59,85,468,116,1541,35,4.72,1
2506,Kozah,Kara,2022,283738,60.89,11,14,296,186,89.6,97,72,2464,231,192,20,3.05,0
2507,Anié,Plateaux,2023,177188,93.2,26,24,282,294,96.36,98,51,5249,154,479,78,3.99,1
2508,Kloto,Plateaux,2022,145985,83.47,17,94,257,518,80.52,174,56,1088,199,275,2,3.11,0
2509,Assoli,Kara,2023,66492,61.94,19,29,251,505,70.63,230,95,3069,68,959,61,3.4,1
2510,Binah,Kara,2020,84739,92.19,27,39,296,495,92.18,249,47,5255,122,1947,73,3.27,1
2511,Tchamba,Centrale,2021,200585,59.67,29,82,218,264,79.91,341,103,4630,157,1544,69,2.83,1
2512,Haho,Plateaux,2023,305096,67.11,27,95,164,576,83.96,181,103,2093,156,349,28,3.32,1
2513,Dankpen,Kara,2020,184632,41.49,19,93,250,114,80.12,374,113,2804,290,1250,29,3.91,1
2514,Danyi,Plateaux,2021,40240,87.46,8,21,146,277,91.7,349,66,4320,70,1180,70,4.79,1
2515,Sotouboua,Centrale,2020,141404,40.07,11,36,65,90,81.78,200,21,1933,165,748,14,3.61,1
2516,Wawa,Plateaux,2021,101300,42.79,10,73,266,556,56.83,229,33,1472,293,967,15,4.66,1
2517,Golfe,Maritime,2020,1305681,42.41,10,33,161,99,75.49,250,46,2109,189,1680,32,3.52,1
2518,Haho,Plateaux,2021,305096,72.43,21,11,23,82,62.74,354,87,1244,21,702,11,3.67,1
2519,Oti-Sud,Savanes,2020,150806,80.79,12,12,115,138,89.64,51,66,4251,113,848,78,4.48,1
2520,Akébou,Plateaux,2022,73188,76.68,15,56,275,122,95.83,95,74,3745,180,140,15,2.91,0
2521,Agoè-Nyivé,Maritime,2020,882695,84.63,22,77,69,482,87.8,185,30,3283,209,1376,35,4.62,0
2522,Kpendjal,Savanes,2021,150806,92.84,6,29,120,535,55.26,327,67,3202,25,928,12,3.12,0
2523,Oti,Savanes,2022,123324,86.86,26,89,177,518,81.1,265,84,5272,229,1613,69,3.97,1
2524,Yoto,Maritime,2023,174451,86.42,28,21,130,504,51.85,266,109,1051,179,431,22,3.42,1
2525,Est-Mono,Plateaux,2023,164460,63.98,26,95,189,554,96.1,178,84,4262,159,98,13,3.29,1
2526,Golfe,Maritime,2021,1305681,78.87,18,40,30,248,51.66,327,50,4565,10,704,34,3.12,1
2527,Tchamba,Centrale,2020,200585,81.05,20,39,204,125,79.86,319,66,244,248,1881,62,2.69,0
2528,Zio,Maritime,2021,500032,89.55,23,96,103,497,71.13,236,68,672,289,1780,24,4.18,0
2529,Lacs,Maritime,2022,241207,85.57,23,32,217,524,93.64,72,62,850,299,1285,46,3.85,0
2530,Blitta,Centrale,2023,218753,52.56,3,94,124,400,69.9,216,56,4828,25,1707,29,3.7,1
2531,Assoli,Kara,2021,66492,85.37,13,58,187,402,93.34,333,113,5893,229,1110,7,2.7,1
2532,Oti,Savanes,2022,123324,67.01,17,34,266,487,80.8,73,82,5255,274,937,47,2.72,1
2533,Yoto,Maritime,2021,174451,69.03,13,11,106,312,65.33,373,29,2538,300,1297,32,4.69,0
2534,Wawa,Plateaux,2022,101300,43.46,2,53,144,276,90.22,194,42,5953,248,1081,64,4.02,1
2535,Sotouboua,Centrale,2020,141404,76.6,7,30,95,72,97.2,278,109,2745,163,1489,75,4.56,1
2536,Kpendjal-Ouest,Savanes,2021,120285,65.32,19,18,33,102,85.71,155,58,3297,34,890,4,4.23,0
2537,Agou,Plateaux,2023,85793,66.66,27,57,264,562,95.6,131,35,1745,199,1275,80,4.39,0
2538,Doufelgou,Kara,2023,87588,71.14,20,60,228,140,81.35,105,33,5191,212,1010,69,2.71,1
2539,Lacs,Maritime,2023,241207,65.19,8,58,133,110,94.8,293,101,2904,73,1454,69,4.03,1
2540,Est-Mono,Plateaux,2020,164460,42.05,11,63,283,366,95.27,60,61,4601,10,655,33,2.77,1
2541,Binah,Kara,2020,84739,79.31,14,65,52,401,64.56,187,70,525,203,1228,29,2.7,0
2542,Vo,Maritime,2022,224411,62.26,12,75,283,214,63.24,66,96,4057,194,1786,42,4.34,1
2543,Amou,Plateaux,2022,110948,75.23,26,86,183,516,73.53,228,99,868,2,860,49,3.75,1
2544,Binah,Kara,2020,84739,66.09,28,11,54,529,67.94,323,35,5144,19,659,51,4.02,1
2545,Kpendjal-Ouest,Savanes,2020,120285,79.17,14,69,176,450,53.57,143,110,3648,193,794,51,2.52,1
2546,Cinkassé,Savanes,2021,173987,94.44,14,55,201,198,58.48,170,45,2572,287,525,28,3.63,0
2547,Golfe,Maritime,2023,1305681,75.86,12,84,45,496,74.89,194,53,1455,100,419,45,4.79,0
2548,Agou,Plateaux,2020,85793,61.35,28,61,293,197,74.96,155,61,2194,106,1804,49,3.49,0
2549,Amou,Plateaux,2021,110948,66.51,2,37,200,396,61.05,315,99,1268,275,704,72,4.08,1
2550,Tône,Savanes,2022,388775,88.02,4,22,253,197,58.31,259,32,2116,237,479,37,4.23,0
2551,Moyen-Mono,Plateaux,2022,90505,78.44,6,38,282,242,94.48,395,29,1377,18,611,8,2.65,0
2552,Kpélé,Plateaux,2023,81620,83.88,17,24,224,186,54.7,277,108,2682,97,477,39,3.54,1
2553,Tône,Savanes,2022,388775,43.62,11,73,279,390,89.1,164,110,4527,280,1234,56,2.79,1
2554,Vo,Maritime,2021,224411,58.69,17,68,107,365,79.97,242,115,2759,81,1770,2,4.37,1
2555,Moyen-Mono,Plateaux,2022,90505,79.61,27,46,179,463,59.91,359,77,1998,278,946,28,4.66,0
2556,Moyen-Mono,Plateaux,2023,90505,86.54,18,26,213,184,81.05,134,70,1103,259,900,80,4.58,0
2557,Kpélé,Plateaux,2022,81620,57.96,3,55,186,380,81.8,142,89,2682,158,1110,53,4.15,1
2558,Zio,Maritime,2020,500032,70.53,5,33,84,594,61.08,304,69,715,55,1230,51,4.25,0
2559,Kloto,Plateaux,2023,145985,47.88,12,36,168,160,62.65,131,90,534,117,516,23,4.0,1
2560,Zio,Maritime,2021,500032,72.44,12,84,150,477,52.57,141,29,1730,259,720,50,3.17,0
2561,Danyi,Plateaux,2022,40240,86.44,5,25,287,369,67.82,111,57,4047,58,900,19,4.5,1
2562,Oti,Savanes,2022,123324,80.69,30,19,222,110,79.74,356,95,5560,165,759,60,4.3,1
2563,Agoè-Nyivé,Maritime,2021,882695,66.34,24,76,52,249,59.97,299,45,4344,30,548,66,2.53,1
2564,Oti-Sud,Savanes,2022,150806,77.44,6,84,183,335,72.82,288,115,1121,150,130,24,4.26,1
2565,Agoè-Nyivé,Maritime,2020,882695,85.14,26,35,194,542,62.92,375,104,5657,76,1259,66,2.7,1
2566,Lacs,Maritime,2021,241207,90.86,2,38,214,82,76.64,91,90,1981,4,1016,50,2.79,1
2567,Binah,Kara,2023,84739,68.19,29,47,169,268,56.18,277,63,2222,276,1131,37,3.99,0
2568,Moyen-Mono,Plateaux,2020,90505,59.6,12,94,85,563,89.86,254,88,672,168,1827,19,4.75,1
2569,Yoto,Maritime,2020,174451,45.58,19,22,269,226,54.85,141,87,204,177,1891,36,3.47,1
2570,Tandjoaré,Savanes,2023,35537,58.48,20,73,37,449,89.3,71,66,3887,222,1002,48,3.96,1
2571,Kpendjal,Savanes,2022,150806,88.5,12,61,66,114,63.89,221,110,2897,123,594,20,4.15,1
2572,Mô,Centrale,2021,52448,83.38,23,48,98,231,95.24,323,118,4562,124,740,16,3.41,1
2573,Est-Mono,Plateaux,2021,164460,82.26,26,65,84,70,82.58,334,116,4061,167,133,59,3.95,1
2574,Tône,Savanes,2020,388775,58.08,17,96,75,514,89.1,50,96,737,181,1717,48,4.7,1
2575,Blitta,Centrale,2023,218753,44.51,26,10,38,464,88.95,111,119,3174,96,1615,72,3.59,1
2576,Tchamba,Centrale,2020,200585,72.36,9,87,31,383,91.92,231,62,1568,110,907,38,4.74,0
2577,Kloto,Plateaux,2022,145985,85.35,12,30,61,551,71.34,264,88,3190,241,1671,1,4.76,1
2578,Est-Mono,Plateaux,2023,164460,40.68,16,77,124,372,93.55,340,106,1810,94,531,40,3.2,1
2579,Bassar,Kara,2020,152038,94.76,4,64,49,109,80.44,350,117,4182,256,862,19,3.69,1
2580,Kloto,Plateaux,2022,145985,75.64,29,83,148,75,73.81,362,54,1939,269,918,38,3.13,0
2581,Amou,Plateaux,2023,110948,44.17,11,76,38,417,83.91,98,86,2935,119,857,50,4.26,1
2582,Bas-Mono,Maritime,2023,95380,53.62,7,77,68,65,55.06,223,63,2993,103,1710,8,3.22,1
2583,Blitta,Centrale,2020,218753,68.67,16,100,44,517,58.23,269,28,5256,101,795,27,4.53,1
2584,Danyi,Plateaux,2020,40240,64.97,26,21,135,77,73.13,184,109,5800,59,1892,64,3.49,1
2585,Tchamba,Centrale,2022,200585,61.3,8,87,224,231,50.9,108,65,1163,249,1828,69,2.66,0
2586,Est-Mono,Plateaux,2020,164460,40.74,4,39,228,514,74.07,144,30,1416,86,107,79,2.66,1
2587,Kozah,Kara,2021,283738,56.95,8,38,47,417,95.25,107,113,4917,78,645,36,4.46,1
2588,Lacs,Maritime,2023,241207,52.74,11,99,191,325,73.63,95,60,942,274,83,33,3.89,1
2589,Yoto,Maritime,2021,174451,48.42,22,6,252,369,53.62,184,98,4570,230,1008,76,3.88,1
2590,Tchaoudjo,Centrale,2021,240360,54.16,20,58,103,292,85.58,307,94,1196,169,1727,54,3.41,1
2591,Agou,Plateaux,2020,85793,63.85,21,12,28,384,51.87,268,78,5226,102,1671,79,3.35,1
2592,Agou,Plateaux,2021,85793,45.38,15,81,116,188,92.44,97,114,5680,127,148,42,3.36,1
2593,Agou,Plateaux,2021,85793,83.63,25,93,197,509,56.03,350,118,1346,282,833,75,3.9,1
2594,Wawa,Plateaux,2020,101300,77.12,26,19,194,595,57.98,179,20,3459,294,1506,17,2.66,0
2595,Est-Mono,Plateaux,2020,164460,44.48,18,50,154,251,71.48,321,73,4401,57,641,44,2.94,1
2596,Tchamba,Centrale,2022,200585,48.09,13,74,85,553,59.99,204,49,1517,103,587,37,3.25,1
2597,Tchaoudjo,Centrale,2021,240360,67.14,12,18,251,284,57.6,320,31,2877,219,1996,35,4.66,0
2598,Kloto,Plateaux,2023,145985,70.27,13,16,66,54,52.35,388,109,4170,291,1730,3,2.98,1
2599,Cinkassé,Savanes,2020,173987,40.33,12,21,84,581,96.85,277,106,2430,58,668,42,4.59,1
2600,Blitta,Centrale,2020,218753,49.7,7,68,182,495,95.64,218,120,1795,16,546,62,2.66,1
2601,Anié,Plateaux,2022,177188,64.76,24,73,36,243,71.7,327,72,5582,120,1463,31,4.03,1
2602,Est-Mono,Plateaux,2023,164460,77.0,27,80,74,309,85.73,310,111,3625,250,173,68,3.61,1
2603,Kpendjal,Savanes,2020,150806,83.49,24,60,219,372,51.73,358,60,4197,268,1407,72,4.07,1
2604,Tchamba,Centrale,2021,200585,69.04,20,25,119,119,89.45,116,49,2917,201,183,23,3.34,0
2605,Kozah,Kara,2023,283738,90.94,18,86,282,291,95.86,142,112,2388,203,1187,40,3.29,1
2606,Anié,Plateaux,2023,177188,55.87,30,85,121,252,58.01,376,98,2951,90,554,36,3.7,1
2607,Kpélé,Plateaux,2020,81620,53.48,13,12,210,442,81.45,381,44,5169,82,840,74,4.77,1
2608,Amou,Plateaux,2022,110948,45.42,19,73,23,208,59.23,387,45,3156,10,1417,38,3.9,1
2609,Amou,Plateaux,2021,110948,74.8,19,20,203,95,70.07,251,83,5506,158,134,38,4.16,1
2610,Kloto,Plateaux,2023,145985,57.67,21,22,286,408,61.49,97,62,1461,249,1435,29,3.38,1
2611,Sotouboua,Centrale,2022,141404,56.12,22,41,151,235,92.04,63,77,4985,14,489,66,4.46,1
2612,Blitta,Centrale,2023,218753,86.6,27,68,198,585,93.72,97,95,1981,12,849,37,4.3,1
2613,Kloto,Plateaux,2023,145985,47.97,4,62,107,169,97.61,220,54,4959,94,435,16,3.15,1
2614,Anié,Plateaux,2020,177188,66.2,15,78,183,498,94.7,162,117,4194,4,74,40,3.72,1
2615,Akébou,Plateaux,2021,73188,83.68,15,86,202,560,80.38,308,41,5238,47,207,36,3.56,1
2616,Mô,Centrale,2022,52448,61.55,17,11,35,517,75.21,79,79,2553,219,53,33,4.64,0
2617,Tône,Savanes,2023,388775,41.45,11,95,292,562,89.97,218,29,5430,159,1524,25,3.78,1
2618,Sotouboua,Centrale,2021,141404,62.35,24,47,205,371,52.41,109,83,3877,231,1914,77,4.66,1
2619,Bas-Mono,Maritime,2022,95380,68.23,22,16,206,219,72.34,274,33,2915,26,1614,76,2.68,0
2620,Yoto,Maritime,2021,174451,69.08,16,11,265,263,68.71,349,29,1816,266,1700,30,3.77,0
2621,Sotouboua,Centrale,2020,141404,79.01,25,100,127,495,94.54,76,35,1058,24,449,4,4.23,0
2622,Doufelgou,Kara,2023,87588,77.05,15,9,233,57,96.92,398,83,3538,249,1360,43,4.43,1
2623,Binah,Kara,2022,84739,71.61,11,99,224,206,61.22,127,68,1451,293,6,0,2.98,0
2624,Tône,Savanes,2020,388775,91.05,18,66,142,477,81.47,185,60,3269,132,579,60,4.4,0
2625,Danyi,Plateaux,2023,40240,64.05,22,7,289,203,67.06,256,31,1608,277,831,36,3.61,0
2626,Haho,Plateaux,2022,305096,62.48,14,71,28,583,56.8,272,87,3545,97,230,24,2.79,1
2627,Tchamba,Centrale,2021,200585,41.28,3,77,27,239,57.04,351,69,2015,60,1312,25,3.27,1
2628,Blitta,Centrale,2023,218753,93.29,11,84,101,251,61.34,210,105,1790,191,1263,52,3.02,1
2629,Doufelgou,Kara,2021,87588,92.55,17,62,195,408,80.81,378,37,1626,90,1063,3,4.43,0
2630,Kloto,Plateaux,2022,145985,41.72,21,12,27,319,81.35,127,59,4328,102,16,25,4.73,1
2631,Binah,Kara,2021,84739,81.93,17,12,51,108,86.04,350,55,2101,1,1772,65,4.58,0
2632,Zio,Maritime,2021,500032,73.66,6,85,250,494,69.25,57,96,1825,66,1366,50,3.97,1
2633,Zio,Maritime,2021,500032,73.97,13,83,194,143,84.16,180,47,5269,96,303,62,2.83,1
2634,Assoli,Kara,2023,66492,60.46,8,21,143,180,56.76,175,79,5609,135,604,39,3.31,1
2635,Zio,Maritime,2020,500032,41.52,22,30,267,541,85.44,54,20,3082,176,1765,23,2.64,1
2636,Blitta,Centrale,2023,218753,41.2,9,95,286,209,58.75,388,49,2217,114,1526,34,4.12,1
2637,Oti,Savanes,2023,123324,67.11,23,83,237,369,67.93,184,86,3769,106,1469,4,3.16,1
2638,Zio,Maritime,2020,500032,88.63,7,31,89,380,78.37,133,85,2867,274,667,35,2.81,1
2639,Blitta,Centrale,2021,218753,40.4,27,8,69,375,87.8,51,72,2509,40,803,61,4.27,1
2640,Est-Mono,Plateaux,2020,164460,69.06,27,33,214,325,87.62,212,44,2683,37,1135,37,2.7,0
2641,Kpendjal-Ouest,Savanes,2022,120285,44.61,26,61,101,438,91.58,147,70,1288,179,514,55,4.16,1
2642,Tchaoudjo,Centrale,2020,240360,83.87,17,72,197,231,67.22,339,94,3563,249,1419,43,4.78,1
2643,Sotouboua,Centrale,2021,141404,55.59,26,81,171,108,57.81,81,112,5252,268,1673,75,3.49,1
2644,Haho,Plateaux,2022,305096,92.48,21,43,20,207,73.17,367,93,1918,50,795,64,2.61,1
2645,Kozah,Kara,2021,283738,55.75,9,25,199,494,73.42,299,24,3555,82,1592,75,3.18,1
2646,Oti,Savanes,2021,123324,52.28,17,35,171,329,76.26,170,23,1321,258,1108,28,3.28,1
2647,Lacs,Maritime,2022,241207,71.65,2,30,81,518,87.12,386,82,1294,234,1820,45,4.66,1
2648,Est-Mono,Plateaux,2022,164460,86.07,18,79,193,442,53.79,99,49,5737,72,386,46,3.62,1
2649,Bas-Mono,Maritime,2022,95380,63.05,20,15,194,132,79.37,218,42,2242,143,1592,7,2.98,0
2650,Tône,Savanes,2023,388775,94.59,29,32,182,440,91.98,196,40,487,15,281,11,4.03,0
2651,Avé,Maritime,2022,111214,46.14,8,32,300,523,64.89,126,115,4389,209,309,43,2.94,1
2652,Est-Mono,Plateaux,2023,164460,70.37,18,31,183,140,76.46,217,59,1104,149,46,45,3.88,0
2653,Tchamba,Centrale,2021,200585,86.41,20,18,195,288,86.07,396,96,674,29,354,31,4.35,1
2654,Oti,Savanes,2022,123324,60.35,23,16,178,143,82.8,153,37,2024,202,475,14,4.33,0
2655,Golfe,Maritime,2021,1305681,88.95,25,20,186,139,62.56,263,105,2286,221,904,54,4.51,1
2656,Moyen-Mono,Plateaux,2022,90505,82.16,9,6,97,217,97.83,253,117,3819,292,832,38,3.58,1
2657,Kéran,Kara,2020,123138,72.55,17,78,109,492,52.81,365,58,4662,51,1407,43,4.08,1
2658,Wawa,Plateaux,2020,101300,68.84,14,84,44,299,60.18,376,35,2592,65,1478,68,4.46,0
2659,Tchaoudjo,Centrale,2021,240360,67.65,8,7,97,225,89.98,389,67,3991,25,1263,38,3.22,0
2660,Tchaoudjo,Centrale,2020,240360,85.77,7,65,103,500,87.83,149,84,3832,36,1740,71,3.36,1
2661,Lacs,Maritime,2020,241207,49.48,22,10,287,399,92.68,161,56,4654,98,1929,19,2.91,1
2662,Mô,Centrale,2022,52448,81.02,19,58,55,592,59.88,234,97,4676,143,669,35,3.92,1
2663,Danyi,Plateaux,2020,40240,44.0,21,8,279,171,66.06,325,94,2104,243,1683,41,3.45,1
2664,Kozah,Kara,2023,283738,81.27,14,86,196,450,83.25,132,68,458,189,369,7,4.63,0
2665,Cinkassé,Savanes,2021,173987,77.68,30,97,66,244,55.18,216,55,4084,208,998,2,3.23,1
2666,Bas-Mono,Maritime,2021,95380,40.69,10,95,245,491,55.1,177,96,5530,113,1892,13,2.57,1
2667,Avé,Maritime,2022,111214,81.62,23,33,251,463,54.73,385,107,2922,2,532,48,2.77,1
2668,Wawa,Plateaux,2023,101300,66.15,11,100,199,465,88.99,72,22,2578,119,76,16,4.09,0
2669,Lacs,Maritime,2023,241207,62.13,20,40,144,209,94.68,208,65,527,122,944,14,4.03,0
2670,Golfe,Maritime,2023,1305681,84.21,14,56,118,394,65.64,305,76,2570,1,1067,6,3.34,0
2671,Wawa,Plateaux,2022,101300,86.78,13,92,225,348,83.7,282,75,2955,117,630,39,4.59,0
2672,Zio,Maritime,2023,500032,44.26,14,22,29,307,86.32,234,90,3584,27,201,34,2.58,1
2673,Bas-Mono,Maritime,2021,95380,67.34,5,80,188,534,63.18,312,113,3343,244,1473,47,4.61,1
2674,Kpendjal-Ouest,Savanes,2022,120285,41.08,4,56,141,551,82.48,289,49,1276,256,637,33,2.61,1
2675,Avé,Maritime,2021,111214,92.13,20,96,230,222,61.13,217,40,5606,39,1081,75,3.27,1
2676,Tône,Savanes,2020,388775,88.21,8,5,193,108,66.96,86,32,2793,249,1757,67,2.76,0
2677,Golfe,Maritime,2021,1305681,93.71,21,26,274,143,87.1,89,88,5519,198,1767,18,4.52,1
2678,Agoè-Nyivé,Maritime,2021,882695,73.19,10,21,163,477,88.55,227,114,3714,170,631,38,3.29,1
2679,Lacs,Maritime,2022,241207,87.76,13,9,131,585,86.43,136,92,2805,45,1029,33,4.26,1
2680,Zio,Maritime,2021,500032,62.22,5,70,38,276,52.24,240,85,664,171,635,5,3.05,1
2681,Agou,Plateaux,2022,85793,61.61,29,14,212,364,66.26,176,77,3316,223,574,53,4.58,0
2682,Agou,Plateaux,2022,85793,58.25,4,65,230,246,58.23,296,56,957,136,922,76,2.6,1
2683,Oti-Sud,Savanes,2020,150806,45.06,18,85,210,492,81.0,199,72,335,295,1172,47,4.54,1
2684,Oti,Savanes,2022,123324,93.52,2,6,57,339,96.02,150,75,1705,174,1065,31,3.42,0
2685,Doufelgou,Kara,2021,87588,82.05,10,99,47,250,53.51,94,49,4493,137,968,20,2.6,1
2686,Kpendjal-Ouest,Savanes,2022,120285,53.54,5,37,86,449,61.48,155,62,2333,73,1543,80,3.11,1
2687,Danyi,Plateaux,2020,40240,62.3,14,80,78,195,63.47,61,95,3267,87,361,58,3.16,1
2688,Ogou,Plateaux,2022,253467,81.87,23,24,105,436,90.64,373,35,2194,60,463,46,3.4,0
2689,Kéran,Kara,2020,123138,68.24,18,23,64,151,69.35,203,52,2500,48,1134,38,4.31,0
2690,Avé,Maritime,2022,111214,72.66,30,86,134,355,72.69,248,116,1194,66,1362,30,2.76,1
2691,Zio,Maritime,2022,500032,49.84,13,44,200,301,69.24,307,50,5189,139,871,28,2.65,1
2692,Oti,Savanes,2022,123324,84.5,7,92,297,134,53.51,340,23,3987,286,1160,28,2.54,0
2693,Bassar,Kara,2022,152038,83.17,25,8,207,265,51.56,312,40,839,1,33,0,2.8,0
2694,Kpendjal,Savanes,2021,150806,42.86,9,88,56,157,54.59,194,109,3253,258,1945,52,3.8,1
2695,Avé,Maritime,2022,111214,80.95,14,36,138,207,58.78,312,31,2961,56,1554,36,3.58,0
2696,Oti-Sud,Savanes,2020,150806,53.59,2,64,141,415,57.86,327,100,3886,53,267,22,4.14,1
2697,Kloto,Plateaux,2020,145985,66.15,24,97,88,588,58.13,101,97,4974,20,1793,24,4.59,1
2698,Anié,Plateaux,2020,177188,78.8,3,28,82,599,69.48,320,92,2880,286,1723,20,3.92,1
2699,Bassar,Kara,2021,152038,82.76,9,96,44,552,91.11,290,20,2488,97,1744,46,4.32,0
2700,Yoto,Maritime,2020,174451,46.87,21,45,36,233,65.27,399,63,5014,210,1211,49,3.04,1
2701,Kéran,Kara,2022,123138,63.49,30,16,139,279,71.04,257,62,5514,54,1418,34,3.46,1
2702,Tchamba,Centrale,2023,200585,91.2,11,85,50,433,72.8,70,81,3344,247,845,8,2.96,1
2703,Tône,Savanes,2022,388775,65.91,2,54,137,502,90.98,156,97,5211,200,1295,71,2.7,1
2704,Akébou,Plateaux,2023,73188,71.16,11,28,108,549,87.53,278,50,4052,264,1850,48,3.29,1
2705,Bassar,Kara,2021,152038,77.67,10,62,262,460,77.79,256,46,454,74,47,74,2.94,0
2706,Akébou,Plateaux,2022,73188,60.7,9,59,280,299,60.94,174,106,2342,135,668,8,4.47,1
2707,Avé,Maritime,2022,111214,57.21,19,80,187,446,94.44,129,35,4848,6,182,12,2.74,1
2708,Agou,Plateaux,2020,85793,41.46,26,18,48,581,90.44,125,59,4324,225,1916,77,2.98,1
2709,Agou,Plateaux,2021,85793,92.79,20,62,202,378,70.51,76,68,5871,90,832,26,2.88,1
2710,Kloto,Plateaux,2022,145985,88.07,13,24,229,90,58.31,265,40,1425,31,861,9,3.23,0
2711,Wawa,Plateaux,2021,101300,81.5,18,75,235,90,77.19,219,29,5787,258,1828,22,3.94,1
2712,Agoè-Nyivé,Maritime,2023,882695,73.94,28,52,255,261,77.13,397,60,3899,175,1614,15,3.53,0
2713,Blitta,Centrale,2021,218753,50.74,9,8,234,596,95.26,160,62,4946,252,1220,55,4.6,1
2714,Anié,Plateaux,2022,177188,46.13,15,62,220,341,88.59,122,118,3380,122,1969,68,4.03,1
2715,Avé,Maritime,2023,111214,52.77,9,59,30,344,86.74,86,41,339,291,961,69,4.75,1
2716,Zio,Maritime,2021,500032,48.67,27,79,292,583,59.7,341,28,1955,270,946,77,2.76,1
2717,Danyi,Plateaux,2020,40240,81.69,25,94,234,121,80.24,107,95,2502,71,1769,11,4.3,1
2718,Zio,Maritime,2023,500032,49.54,24,92,113,62,94.4,191,63,1792,69,552,30,3.07,1
2719,Danyi,Plateaux,2020,40240,53.04,9,30,68,133,65.6,277,31,274,28,55,72,3.23,1
2720,Tchamba,Centrale,2021,200585,52.56,10,38,190,64,94.54,126,77,2909,283,1291,75,4.58,1
2721,Golfe,Maritime,2022,1305681,71.19,26,91,25,125,92.14,398,40,249,295,974,45,3.23,0
2722,Avé,Maritime,2020,111214,61.2,23,14,173,164,69.85,61,44,4424,276,308,11,2.6,1
2723,Avé,Maritime,2023,111214,60.66,23,42,96,129,90.0,397,25,1942,117,254,25,3.44,0
2724,Golfe,Maritime,2020,1305681,44.9,24,47,230,78,57.9,297,50,1115,26,1170,62,3.08,1
2725,Akébou,Plateaux,2022,73188,68.63,26,12,222,430,94.18,350,97,5276,168,640,78,3.73,1
2726,Vo,Maritime,2021,224411,82.95,30,59,92,439,58.2,266,114,1506,102,1013,20,4.58,1
2727,Oti-Sud,Savanes,2023,150806,70.69,11,18,154,480,70.99,107,31,1698,61,1657,13,3.93,0
2728,Kpélé,Plateaux,2020,81620,67.23,22,14,108,194,68.18,308,91,3390,175,524,36,2.81,1
2729,Agou,Plateaux,2020,85793,85.99,24,71,130,219,52.49,338,37,5774,75,517,72,3.83,1
2730,Zio,Maritime,2023,500032,80.65,29,9,34,226,82.79,368,103,5142,176,222,72,4.04,1
2731,Vo,Maritime,2021,224411,93.7,7,8,59,470,73.9,60,62,3312,101,306,12,3.26,0
2732,Assoli,Kara,2023,66492,88.68,11,27,218,213,91.69,250,23,4575,230,611,17,4.5,1
2733,Golfe,Maritime,2021,1305681,76.53,5,90,239,491,54.99,301,44,1919,116,1569,23,2.67,0
2734,Tchamba,Centrale,2022,200585,78.72,10,5,272,501,85.04,322,116,2164,127,1782,9,3.38,1
2735,Vo,Maritime,2022,224411,76.29,20,32,203,223,64.87,398,88,4304,122,898,13,3.89,1
2736,Binah,Kara,2023,84739,42.53,19,53,36,148,82.13,229,35,1589,206,1934,43,3.08,1
2737,Kozah,Kara,2021,283738,43.5,21,60,174,566,89.01,91,47,1388,295,1518,63,4.53,1
2738,Cinkassé,Savanes,2021,173987,66.68,24,79,169,256,65.04,300,94,2571,163,241,70,3.92,1
2739,Zio,Maritime,2023,500032,54.98,24,81,272,419,62.07,81,106,5922,192,41,2,3.23,1
2740,Tandjoaré,Savanes,2023,35537,40.41,24,48,145,412,73.26,259,83,5215,178,22,66,4.71,1
2741,Agou,Plateaux,2021,85793,47.9,27,25,195,588,63.12,260,50,4767,185,1366,27,4.47,1
2742,Oti-Sud,Savanes,2022,150806,93.1,5,62,271,514,93.5,380,77,1182,194,301,63,4.52,0
2743,Amou,Plateaux,2023,110948,41.1,8,93,112,493,95.66,181,22,1517,124,1760,59,4.37,1
2744,Ogou,Plateaux,2022,253467,90.54,15,45,142,477,56.25,258,42,5588,20,1029,77,3.47,1
2745,Avé,Maritime,2023,111214,53.3,28,75,128,51,58.49,179,25,1008,230,799,66,4.26,1
2746,Tchamba,Centrale,2022,200585,88.91,10,19,162,549,55.09,217,85,2195,83,10,5,3.34,1
2747,Kpendjal,Savanes,2023,150806,47.63,2,10,243,315,62.09,177,45,5587,98,784,2,3.68,1
2748,Zio,Maritime,2020,500032,63.71,6,59,31,388,64.4,360,117,3029,202,1017,12,3.85,1
2749,Oti,Savanes,2022,123324,82.51,11,45,73,220,62.49,386,114,2213,111,1687,7,3.4,1
2750,Mô,Centrale,2022,52448,69.09,5,90,183,429,95.24,158,118,2314,183,620,1,4.67,1
2751,Haho,Plateaux,2020,305096,72.82,22,45,78,563,87.86,119,89,3972,31,935,17,4.75,1
2752,Moyen-Mono,Plateaux,2021,90505,41.31,11,20,64,442,50.05,227,35,1124,229,1855,6,3.64,1
2753,Kpendjal,Savanes,2022,150806,50.87,8,50,44,564,71.07,355,75,1680,206,1704,9,3.6,1
2754,Wawa,Plateaux,2022,101300,69.42,20,92,139,146,82.59,250,90,1828,173,527,67,4.24,1
2755,Kozah,Kara,2023,283738,40.37,6,95,32,324,91.19,385,117,4071,159,1276,69,3.96,1
2756,Sotouboua,Centrale,2020,141404,65.67,18,55,236,124,68.8,140,36,839,261,1230,55,3.19,0
2757,Cinkassé,Savanes,2020,173987,74.63,20,6,122,359,63.56,340,27,1888,36,1804,32,2.7,0
2758,Tchaoudjo,Centrale,2023,240360,45.88,20,96,117,336,66.33,273,119,5530,218,1124,74,3.22,1
2759,Kpendjal-Ouest,Savanes,2021,120285,60.98,23,57,238,247,81.31,217,113,449,173,665,35,4.07,1
2760,Moyen-Mono,Plateaux,2022,90505,87.44,12,37,168,263,59.58,214,62,5692,297,639,79,3.11,1
2761,Lacs,Maritime,2022,241207,40.31,21,26,297,561,85.06,228,62,5895,61,1988,59,3.24,1
2762,Blitta,Centrale,2021,218753,69.89,9,69,236,74,76.98,331,96,3406,40,675,70,4.39,1
2763,Kozah,Kara,2020,283738,81.64,2,55,281,142,75.23,57,108,2286,41,827,70,3.6,1
2764,Tchaoudjo,Centrale,2023,240360,81.76,28,28,40,98,52.78,278,43,5542,69,345,53,4.32,1
2765,Zio,Maritime,2021,500032,68.69,25,31,24,213,51.19,150,45,1908,54,279,47,2.81,0
2766,Oti-Sud,Savanes,2022,150806,79.3,22,18,161,109,91.35,102,53,1318,294,530,28,4.37,0
2767,Kpendjal-Ouest,Savanes,2023,120285,59.82,17,38,125,152,61.12,119,107,3409,68,1914,55,3.85,1
2768,Moyen-Mono,Plateaux,2022,90505,68.09,12,91,45,345,97.72,207,63,1630,257,548,70,3.36,0
2769,Akébou,Plateaux,2022,73188,49.71,3,43,251,205,66.48,290,95,1202,198,346,65,3.57,1
2770,Oti,Savanes,2023,123324,62.57,5,22,180,393,84.39,142,80,1514,46,1822,78,4.39,0
2771,Bas-Mono,Maritime,2022,95380,68.73,22,89,208,501,83.63,98,26,1344,287,1952,73,2.95,0
2772,Akébou,Plateaux,2021,73188,65.44,15,93,193,377,96.9,127,64,5364,239,1503,80,3.01,1
2773,Dankpen,Kara,2023,184632,77.71,6,17,171,478,89.14,323,57,684,136,18,5,4.24,0
2774,Bassar,Kara,2021,152038,77.93,6,34,59,546,76.01,278,69,1040,296,1006,36,3.03,0
2775,Zio,Maritime,2022,500032,63.51,13,79,40,123,50.04,84,47,5190,69,1732,53,3.88,1
2776,Anié,Plateaux,2023,177188,41.31,5,30,234,201,92.02,67,57,2592,8,1294,32,3.21,1
2777,Kéran,Kara,2022,123138,43.44,30,36,193,392,71.01,312,87,2996,111,1967,0,4.22,1
2778,Binah,Kara,2021,84739,62.32,9,20,174,165,83.36,131,109,1508,95,61,39,3.2,1
2779,Tchaoudjo,Centrale,2022,240360,84.48,18,12,227,188,56.76,236,115,5635,283,1078,18,4.16,1
2780,Avé,Maritime,2020,111214,56.02,4,92,197,320,93.28,154,29,1053,145,1384,54,3.13,1
2781,Anié,Plateaux,2020,177188,45.74,27,98,107,291,54.73,300,33,903,245,1250,26,3.75,1
2782,Ogou,Plateaux,2021,253467,83.35,17,79,117,112,59.59,336,53,5097,234,1623,42,2.55,1
2783,Wawa,Plateaux,2022,101300,94.48,4,66,31,211,63.49,285,69,2471,230,1838,41,3.58,0
2784,Est-Mono,Plateaux,2021,164460,40.47,22,30,103,363,78.63,315,86,729,22,1597,59,4.72,1
2785,Akébou,Plateaux,2022,73188,55.11,9,82,116,130,71.27,75,20,5837,30,355,61,2.84,1
2786,Avé,Maritime,2022,111214,66.92,6,17,188,288,78.31,255,44,1896,212,535,23,4.49,0
2787,Danyi,Plateaux,2022,40240,61.62,24,67,105,449,55.16,388,116,1453,107,1867,35,3.75,1
2788,Dankpen,Kara,2023,184632,76.56,29,33,186,467,68.17,60,45,515,63,708,50,2.76,0
2789,Danyi,Plateaux,2022,40240,63.9,3,47,39,556,55.36,166,78,4128,238,1406,63,4.35,1
2790,Cinkassé,Savanes,2020,173987,46.53,24,30,260,251,66.18,157,24,2613,40,1504,28,2.68,1
2791,Vo,Maritime,2021,224411,67.85,3,77,267,575,72.48,115,72,5699,62,944,60,2.62,1
2792,Vo,Maritime,2020,224411,92.17,20,53,183,596,79.04,233,38,3327,249,19,21,4.1,0
2793,Binah,Kara,2021,84739,83.99,7,50,198,146,66.44,135,117,5961,268,654,15,4.36,1
2794,Tchaoudjo,Centrale,2020,240360,83.87,13,12,211,458,60.19,361,79,4715,92,1701,67,4.67,1
2795,Zio,Maritime,2023,500032,44.2,28,44,153,254,83.96,271,42,5601,143,1404,54,2.75,1
2796,Akébou,Plateaux,2020,73188,84.08,26,9,187,458,93.02,397,115,5355,65,1019,14,2.57,1
2797,Ogou,Plateaux,2022,253467,48.36,16,72,189,302,58.57,180,40,1737,272,979,9,2.78,1
2798,Ogou,Plateaux,2023,253467,77.54,22,40,295,174,96.29,373,77,618,17,642,27,3.47,0
2799,Est-Mono,Plateaux,2020,164460,61.17,24,84,111,393,66.84,75,28,3412,131,1175,79,3.86,0
2800,Yoto,Maritime,2022,174451,73.59,29,59,265,184,88.0,185,115,4356,145,497,50,3.58,1
2801,Golfe,Maritime,2023,1305681,73.22,26,52,224,152,55.87,253,101,5679,243,1484,32,3.02,1
2802,Yoto,Maritime,2023,174451,67.61,6,26,44,455,85.56,56,35,1751,296,255,68,3.63,0
2803,Lacs,Maritime,2022,241207,47.66,21,55,184,439,86.92,218,55,5871,77,1351,36,3.09,1
2804,Yoto,Maritime,2023,174451,94.85,10,25,187,476,59.82,264,47,2542,169,1427,11,4.77,0
2805,Danyi,Plateaux,2020,40240,66.05,12,32,222,356,57.32,205,109,1606,274,1007,16,3.61,1
2806,Tône,Savanes,2023,388775,77.38,3,34,59,478,81.82,264,61,673,211,1330,76,4.09,0
2807,Ogou,Plateaux,2023,253467,43.52,26,82,23,557,79.4,144,112,4541,116,1480,49,3.5,1
2808,Assoli,Kara,2021,66492,62.73,28,59,131,259,81.3,174,87,1745,125,1848,55,4.03,1
2809,Doufelgou,Kara,2022,87588,66.63,19,92,139,70,63.42,61,39,4979,95,593,14,2.52,1
2810,Avé,Maritime,2022,111214,80.36,16,53,253,561,51.71,250,96,2940,46,202,41,4.04,1
2811,Dankpen,Kara,2022,184632,62.74,14,95,138,157,87.67,161,120,2032,225,615,58,3.21,1
2812,Agoè-Nyivé,Maritime,2022,882695,48.48,20,36,184,107,52.32,323,26,3165,94,1565,49,4.0,1
2813,Haho,Plateaux,2021,305096,93.84,30,68,267,232,87.43,274,23,3287,176,1649,34,3.01,0
2814,Lacs,Maritime,2021,241207,62.84,8,62,78,210,92.66,395,24,1664,213,32,67,3.06,0
2815,Anié,Plateaux,2020,177188,91.05,22,80,30,201,78.64,386,50,4328,29,887,65,3.86,1
2816,Yoto,Maritime,2023,174451,79.27,19,10,174,238,84.51,238,67,1834,151,1512,64,2.72,0
2817,Blitta,Centrale,2021,218753,58.97,21,38,179,223,97.2,196,30,4190,257,1578,10,4.08,1
2818,Blitta,Centrale,2021,218753,84.6,4,19,50,582,53.49,130,77,5741,218,1327,51,3.64,1
2819,Oti,Savanes,2023,123324,69.31,5,90,37,248,91.43,263,103,3653,153,363,6,4.64,1
2820,Mô,Centrale,2023,52448,90.3,25,27,238,568,78.16,371,69,4266,172,814,24,3.26,1
2821,Danyi,Plateaux,2022,40240,76.2,2,74,92,384,93.07,280,30,4494,38,1901,67,3.27,1
2822,Mô,Centrale,2023,52448,80.69,25,55,229,435,84.29,56,86,5638,93,218,62,4.69,1
2823,Tône,Savanes,2023,388775,82.02,3,54,112,132,83.61,233,40,4367,240,1444,62,2.96,1
2824,Mô,Centrale,2022,52448,71.74,18,51,270,220,95.63,174,68,5032,70,834,45,3.6,1
2825,Blitta,Centrale,2023,218753,88.89,9,59,297,398,54.95,108,105,1906,227,947,46,4.4,1
2826,Golfe,Maritime,2020,1305681,85.6,15,79,221,176,59.9,100,39,2291,74,463,33,4.14,0
2827,Danyi,Plateaux,2022,40240,92.06,12,47,65,428,55.63,144,108,2460,35,102,55,2.75,1
2828,Cinkassé,Savanes,2020,173987,77.02,14,46,141,168,89.15,292,68,5291,49,366,49,2.82,1
2829,Kpendjal-Ouest,Savanes,2023,120285,87.14,26,63,41,547,83.82,141,120,3103,47,160,22,3.46,1
2830,Sotouboua,Centrale,2020,141404,44.97,29,51,231,299,92.24,361,41,5948,194,1427,45,2.63,1
2831,Tchaoudjo,Centrale,2021,240360,76.45,26,95,138,583,58.17,62,70,5214,73,1742,57,4.05,1
2832,Yoto,Maritime,2021,174451,79.45,19,9,236,263,69.49,360,107,5514,60,78,18,4.17,1
2833,Oti-Sud,Savanes,2020,150806,76.03,10,58,270,325,79.59,106,107,2648,96,506,63,2.71,1
2834,Kéran,Kara,2022,123138,85.39,26,66,103,517,94.98,130,71,4856,284,1381,56,4.4,1
2835,Binah,Kara,2022,84739,82.74,16,36,258,567,93.2,284,44,1597,106,1237,58,4.62,0
2836,Yoto,Maritime,2023,174451,57.27,8,72,243,82,75.22,303,78,2551,200,1471,49,2.85,1
2837,Est-Mono,Plateaux,2023,164460,80.12,11,23,99,237,79.35,194,73,205,61,613,32,3.97,0
2838,Mô,Centrale,2022,52448,71.34,10,91,123,262,57.63,58,77,1043,38,708,29,3.4,0
2839,Blitta,Centrale,2021,218753,65.46,14,81,134,417,65.97,107,118,2383,16,565,60,3.55,1
2840,Vo,Maritime,2022,224411,43.7,22,24,75,388,78.16,371,30,4754,0,738,12,3.57,1
2841,Lacs,Maritime,2022,241207,56.04,6,100,84,233,60.14,143,53,2701,273,916,21,3.61,1
2842,Assoli,Kara,2023,66492,75.81,13,15,213,191,61.08,373,43,397,74,1861,26,2.95,0
2843,Bassar,Kara,2020,152038,91.9,19,47,41,230,77.02,347,23,248,99,782,53,4.55,0
2844,Kéran,Kara,2020,123138,79.85,15,72,294,588,82.52,164,25,5678,211,1632,19,3.53,1
2845,Kpendjal-Ouest,Savanes,2023,120285,92.2,12,38,292,272,64.02,387,101,1316,193,1043,27,3.97,1
2846,Kpélé,Plateaux,2020,81620,90.33,17,13,59,418,53.29,114,47,4685,46,135,0,2.84,1
2847,Mô,Centrale,2023,52448,48.92,14,24,227,549,69.97,206,75,2059,117,862,71,4.33,1
2848,Agou,Plateaux,2022,85793,57.72,4,95,266,232,91.96,78,107,537,45,239,24,3.78,1
2849,Ogou,Plateaux,2023,253467,58.65,27,22,131,53,77.31,244,100,1273,201,1742,79,4.02,1
2850,Vo,Maritime,2021,224411,81.58,2,26,150,504,63.41,190,73,2045,52,1644,51,3.12,0
2851,Kpendjal-Ouest,Savanes,2021,120285,52.97,12,99,207,99,90.3,166,34,1873,61,1548,43,3.97,1
2852,Kloto,Plateaux,2022,145985,56.48,8,57,200,110,54.45,269,26,4058,127,1917,5,3.1,1
2853,Kpélé,Plateaux,2021,81620,62.42,21,46,43,75,67.65,250,74,851,57,1729,54,2.64,0
2854,Kpélé,Plateaux,2021,81620,74.75,24,37,160,225,56.64,296,35,297,86,1442,64,3.69,0
2855,Doufelgou,Kara,2023,87588,41.32,24,100,243,226,54.51,174,49,3056,136,1587,11,2.85,1
2856,Vo,Maritime,2022,224411,48.35,15,49,134,105,69.91,117,98,857,47,873,36,3.23,1
2857,Bas-Mono,Maritime,2022,95380,69.88,6,100,199,490,95.17,96,39,1698,246,145,8,4.52,0
2858,Akébou,Plateaux,2023,73188,87.6,9,47,287,77,54.31,58,59,384,282,1413,32,2.79,0
2859,Kpélé,Plateaux,2022,81620,82.49,3,100,67,381,80.0,310,81,5345,155,425,52,2.71,1
2860,Assoli,Kara,2022,66492,73.48,18,36,226,464,64.13,101,29,2577,170,478,50,3.89,0
2861,Tchaoudjo,Centrale,2020,240360,61.62,27,44,259,526,79.72,87,120,5287,35,651,33,2.64,1
2862,Oti,Savanes,2021,123324,84.15,21,23,51,576,85.88,363,100,5693,245,292,46,2.64,1
2863,Kozah,Kara,2023,283738,53.3,13,86,35,425,83.88,71,21,2669,4,914,34,4.51,1
2864,Moyen-Mono,Plateaux,2020,90505,64.93,24,83,152,312,64.61,56,30,4624,163,629,74,2.68,1
2865,Zio,Maritime,2020,500032,78.4,14,63,277,233,61.18,331,52,1095,18,773,36,3.29,0
2866,Binah,Kara,2021,84739,81.64,26,61,161,179,90.92,292,40,4550,285,771,16,3.68,1
2867,Zio,Maritime,2022,500032,57.54,3,14,101,206,83.59,261,117,2509,87,818,63,2.59,1
2868,Tandjoaré,Savanes,2021,35537,41.6,13,60,89,581,78.22,117,120,4173,133,1860,52,3.76,1
2869,Akébou,Plateaux,2022,73188,61.16,13,84,279,175,92.22,95,62,4985,273,111,51,3.9,1
2870,Agou,Plateaux,2023,85793,54.59,21,63,67,68,58.3,268,61,1486,140,924,73,3.01,1
2871,Kpélé,Plateaux,2020,81620,81.28,20,54,71,106,90.5,160,35,5414,215,1154,8,2.51,1
2872,Moyen-Mono,Plateaux,2022,90505,61.8,23,48,288,472,97.02,369,56,387,188,724,68,3.28,0
2873,Bassar,Kara,2023,152038,80.82,13,52,278,561,83.28,118,87,280,276,1996,34,2.53,1
2874,Zio,Maritime,2022,500032,89.54,5,76,32,115,64.38,161,88,3260,152,1148,10,2.5,1
2875,Tchamba,Centrale,2021,200585,54.27,12,13,255,238,93.91,388,103,1191,86,826,2,3.91,1
2876,Tchamba,Centrale,2020,200585,86.41,3,25,92,581,63.94,281,45,1991,265,1003,3,3.67,0
2877,Kloto,Plateaux,2020,145985,60.03,18,51,95,455,80.0,386,25,3184,103,1154,48,3.78,0
2878,Haho,Plateaux,2022,305096,79.25,12,58,129,284,75.23,286,65,5031,132,1113,20,2.72,1
2879,Amou,Plateaux,2021,110948,46.78,7,49,208,532,60.17,265,112,1598,39,1194,20,3.47,1
2880,Mô,Centrale,2022,52448,73.76,25,42,167,69,63.97,367,104,1195,183,1658,29,2.84,1
2881,Doufelgou,Kara,2020,87588,52.34,22,80,142,471,84.71,108,96,4868,7,624,66,2.88,1
2882,Wawa,Plateaux,2022,101300,45.4,22,19,154,587,65.57,398,29,2075,294,1386,70,3.93,1
2883,Binah,Kara,2020,84739,55.91,14,19,236,52,55.16,338,102,2959,19,272,73,4.11,1
2884,Danyi,Plateaux,2021,40240,94.58,21,53,143,495,78.66,379,31,4469,223,429,7,3.55,1
2885,Amou,Plateaux,2021,110948,84.18,6,33,215,424,53.25,346,42,242,191,78,66,4.76,0
2886,Cinkassé,Savanes,2023,173987,50.62,18,80,266,284,74.67,214,95,964,119,1282,63,4.14,1
2887,Agoè-Nyivé,Maritime,2021,882695,86.97,21,89,291,192,58.18,81,66,5216,155,1446,73,4.3,1
2888,Wawa,Plateaux,2022,101300,50.89,6,11,156,431,56.11,309,65,2779,122,1328,14,2.84,1
2889,Kozah,Kara,2023,283738,41.55,26,41,134,285,53.61,375,45,3730,266,1338,34,3.6,1
2890,Vo,Maritime,2021,224411,56.98,28,91,34,57,69.79,213,89,602,181,950,37,3.36,1
2891,Zio,Maritime,2021,500032,59.15,26,78,103,308,51.89,81,27,1858,208,1789,18,2.81,1
2892,Moyen-Mono,Plateaux,2022,90505,79.74,23,82,77,368,83.49,224,103,2687,288,196,62,3.66,1
2893,Zio,Maritime,2023,500032,73.64,28,52,262,473,51.39,382,46,1112,36,1742,51,2.85,0
2894,Dankpen,Kara,2020,184632,41.6,4,8,214,247,83.89,150,43,2021,166,1708,77,4.09,1
2895,Tchaoudjo,Centrale,2022,240360,48.51,18,43,237,574,95.56,320,116,3934,101,101,44,3.47,1
2896,Golfe,Maritime,2023,1305681,44.62,8,72,141,292,78.78,233,90,3182,51,396,19,3.95,1
2897,Bassar,Kara,2023,152038,52.41,5,89,197,315,77.82,86,47,1182,5,645,0,3.84,1
2898,Bassar,Kara,2023,152038,89.27,9,75,21,560,84.03,178,46,4892,76,859,70,4.67,1
2899,Zio,Maritime,2023,500032,85.38,13,27,50,464,69.25,140,26,5383,208,1667,24,3.12,1
2900,Zio,Maritime,2021,500032,68.08,30,13,292,402,88.63,212,32,330,125,1915,13,3.96,0
2901,Oti-Sud,Savanes,2020,150806,68.47,6,30,139,421,59.58,301,30,1446,110,745,61,2.76,0
2902,Kloto,Plateaux,2020,145985,49.95,25,26,104,522,68.46,364,63,3778,239,1535,60,3.35,1
2903,Anié,Plateaux,2022,177188,84.39,8,81,149,444,74.07,198,109,4079,282,332,80,4.14,1
2904,Sotouboua,Centrale,2020,141404,72.9,29,50,286,234,51.52,319,51,3185,59,247,74,2.65,0
2905,Kéran,Kara,2022,123138,60.52,29,71,199,514,65.79,347,113,2942,7,205,12,3.13,1
2906,Kpendjal-Ouest,Savanes,2023,120285,76.22,13,97,144,596,72.27,93,64,532,101,1876,39,2.62,0
2907,Kloto,Plateaux,2023,145985,82.79,25,27,197,469,61.93,259,113,2620,84,621,39,4.49,1
2908,Tchaoudjo,Centrale,2022,240360,92.7,15,28,98,503,58.61,159,75,5799,113,1816,46,2.93,1
2909,Kpendjal,Savanes,2020,150806,77.9,14,8,52,305,56.89,245,86,325,207,1520,45,2.65,1
2910,Moyen-Mono,Plateaux,2021,90505,90.35,24,26,288,484,59.45,258,97,4869,201,1556,39,4.04,1
2911,Zio,Maritime,2020,500032,70.28,18,47,215,127,64.48,381,48,4420,106,1129,44,4.01,1
2912,Danyi,Plateaux,2022,40240,79.01,15,79,113,251,83.46,282,108,1174,198,1069,29,2.53,1
2913,Blitta,Centrale,2020,218753,52.74,3,72,133,227,73.15,211,113,5000,288,283,27,3.2,1
2914,Anié,Plateaux,2021,177188,42.9,21,9,276,582,66.02,56,66,2119,74,658,71,2.73,1
2915,Oti,Savanes,2023,123324,82.75,11,62,262,530,51.6,373,100,3908,72,1023,56,4.01,1
2916,Yoto,Maritime,2022,174451,41.78,5,41,216,174,97.21,251,63,3435,253,1583,52,3.26,1
2917,Amou,Plateaux,2023,110948,52.37,25,69,162,277,52.22,387,74,5160,254,40,59,2.98,1
2918,Vo,Maritime,2021,224411,63.56,11,37,246,275,59.67,350,90,4284,103,838,49,2.62,1
2919,Kpendjal-Ouest,Savanes,2020,120285,74.33,25,76,185,334,91.81,107,60,345,221,1991,21,4.6,0
2920,Assoli,Kara,2023,66492,75.73,13,86,206,590,64.53,348,90,4506,136,440,66,3.87,1
2921,Cinkassé,Savanes,2022,173987,68.18,25,34,200,514,69.04,229,48,1110,288,1905,1,3.89,0
2922,Haho,Plateaux,2020,305096,54.06,11,53,26,270,85.37,390,69,5016,143,1020,76,2.78,1
2923,Bassar,Kara,2022,152038,71.93,28,8,211,469,70.1,68,108,1445,288,263,25,4.32,1
2924,Tchamba,Centrale,2022,200585,44.06,9,42,248,382,82.28,195,103,5541,139,1388,47,3.95,1
2925,Kozah,Kara,2023,283738,40.49,3,87,124,180,50.85,300,113,4262,2,77,36,4.59,1
2926,Bas-Mono,Maritime,2023,95380,55.42,19,28,111,222,61.44,159,35,3970,35,559,47,4.19,1
2927,Akébou,Plateaux,2020,73188,61.51,2,29,44,271,67.55,148,30,5759,129,388,53,2.59,1
2928,Kéran,Kara,2023,123138,60.82,11,43,125,189,53.66,342,34,4630,8,46,72,3.47,1
2929,Vo,Maritime,2023,224411,44.39,22,9,192,463,93.74,279,119,4787,13,742,51,2.7,1
2930,Wawa,Plateaux,2020,101300,77.41,16,43,153,266,67.97,62,29,1198,95,1963,50,4.63,0
2931,Avé,Maritime,2022,111214,63.0,29,74,265,599,93.66,271,111,4149,2,46,29,4.25,1
2932,Kpendjal-Ouest,Savanes,2020,120285,82.25,26,8,245,199,60.69,349,43,5258,148,1732,25,3.75,1
2933,Binah,Kara,2020,84739,83.5,13,15,175,454,58.06,310,32,3151,16,207,31,4.22,0
2934,Zio,Maritime,2023,500032,58.95,14,11,202,99,52.88,164,51,911,252,1636,53,4.16,1
2935,Binah,Kara,2021,84739,43.93,28,34,207,116,77.6,362,114,5418,220,1217,36,3.63,1
2936,Kpendjal-Ouest,Savanes,2020,120285,92.35,13,32,234,325,60.43,282,85,1557,218,1219,77,2.56,1
2937,Est-Mono,Plateaux,2021,164460,54.21,9,57,265,546,78.78,315,50,623,84,1580,58,4.24,1
2938,Est-Mono,Plateaux,2020,164460,86.58,8,63,299,597,74.55,283,86,2965,86,798,60,2.67,1
2939,Vo,Maritime,2022,224411,60.8,30,46,249,477,66.45,157,102,2295,38,1057,34,4.62,1
2940,Agoè-Nyivé,Maritime,2021,882695,46.93,6,63,77,206,62.49,351,118,4954,10,1433,64,4.47,1
2941,Bas-Mono,Maritime,2023,95380,65.58,25,96,97,98,86.65,150,117,1990,168,880,74,4.8,1
2942,Dankpen,Kara,2023,184632,75.79,5,43,214,356,87.67,350,61,5484,252,1883,27,4.09,1
2943,Assoli,Kara,2022,66492,60.1,8,72,227,583,57.11,395,95,380,105,874,30,4.62,1
2944,Bas-Mono,Maritime,2020,95380,72.11,9,99,236,87,87.85,263,31,3970,2,1218,49,4.31,0
2945,Tandjoaré,Savanes,2021,35537,43.68,7,51,80,88,68.8,322,101,375,25,645,50,4.47,1
2946,Assoli,Kara,2021,66492,42.46,27,21,30,200,97.58,83,88,465,117,1479,64,3.78,1
2947,Amou,Plateaux,2021,110948,53.2,21,68,33,565,52.18,183,120,218,230,1640,72,3.41,1
2948,Blitta,Centrale,2021,218753,85.67,20,87,226,199,83.05,109,67,2503,129,1126,65,3.96,0
2949,Bas-Mono,Maritime,2023,95380,49.29,26,76,72,576,85.82,347,96,3855,154,281,5,2.75,1
2950,Kloto,Plateaux,2022,145985,44.69,14,23,149,224,89.74,321,30,1693,213,1516,55,3.7,1
2951,Danyi,Plateaux,2021,40240,72.85,11,89,120,522,62.39,63,70,2335,141,567,2,2.67,0
2952,Golfe,Maritime,2020,1305681,93.28,8,11,185,423,82.28,268,41,5276,109,938,79,3.04,1
2953,Haho,Plateaux,2020,305096,82.94,20,8,27,577,87.39,268,80,2329,129,636,69,4.65,0
2954,Kéran,Kara,2022,123138,69.61,13,100,148,271,62.66,149,37,3225,114,111,7,4.1,0
2955,Kpendjal,Savanes,2022,150806,45.72,13,39,291,225,64.88,166,88,3731,88,1046,34,2.66,1
2956,Tchamba,Centrale,2023,200585,88.08,28,78,198,320,85.45,310,22,4848,237,1034,15,3.45,1
2957,Wawa,Plateaux,2020,101300,90.06,14,63,276,322,86.24,198,36,5500,97,1382,60,4.31,1
2958,Dankpen,Kara,2021,184632,60.27,2,61,266,118,64.41,293,38,4225,188,1047,46,3.41,1
2959,Cinkassé,Savanes,2021,173987,74.79,6,32,82,587,62.79,385,64,4183,244,16,2,4.19,1
2960,Kpendjal,Savanes,2022,150806,88.1,15,55,233,209,93.09,124,64,3354,112,1934,3,4.24,0
2961,Sotouboua,Centrale,2021,141404,65.51,25,11,47,96,85.1,129,102,1960,104,1839,13,4.34,1
2962,Dankpen,Kara,2021,184632,88.87,14,7,151,330,62.84,328,34,4944,165,1212,28,3.03,1
2963,Kloto,Plateaux,2023,145985,87.73,3,96,221,198,87.16,385,74,5984,285,596,72,3.83,1
2964,Binah,Kara,2020,84739,44.68,18,93,252,504,59.74,51,58,5146,131,750,27,3.85,1
2965,Anié,Plateaux,2023,177188,90.91,4,73,95,578,81.11,125,23,5331,239,896,42,4.42,1
2966,Amou,Plateaux,2021,110948,77.78,28,87,181,573,76.84,376,40,4546,51,19,48,2.73,1
2967,Agou,Plateaux,2020,85793,94.95,30,93,194,299,74.85,315,115,1082,146,1976,66,2.69,1
2968,Est-Mono,Plateaux,2021,164460,53.82,22,97,81,318,89.72,176,34,1197,133,26,3,3.91,1
2969,Assoli,Kara,2023,66492,67.71,5,32,71,82,73.67,319,116,351,9,71,27,3.47,1
2970,Akébou,Plateaux,2023,73188,87.47,13,32,199,196,72.65,206,70,1691,55,722,35,3.29,0
2971,Moyen-Mono,Plateaux,2020,90505,55.04,22,37,169,533,50.92,109,100,4613,43,693,74,2.92,1
2972,Blitta,Centrale,2021,218753,92.7,25,50,284,518,59.02,384,114,291,106,455,12,4.69,1
2973,Tchamba,Centrale,2020,200585,73.18,9,72,65,196,66.52,103,63,3003,32,836,75,4.62,0
2974,Wawa,Plateaux,2022,101300,48.1,2,86,276,584,82.42,65,115,3731,296,258,10,4.2,1
2975,Avé,Maritime,2021,111214,88.13,3,27,52,537,81.39,246,39,5314,121,1465,78,4.34,1
2976,Bas-Mono,Maritime,2023,95380,80.7,5,63,93,52,74.46,197,107,5645,7,208,16,2.7,1
2977,Agoè-Nyivé,Maritime,2023,882695,79.63,2,60,46,487,70.64,245,53,4606,21,853,25,4.35,1
2978,Kpendjal-Ouest,Savanes,2021,120285,86.32,13,43,109,357,80.18,393,106,5429,112,1494,73,2.77,1
2979,Agoè-Nyivé,Maritime,2020,882695,48.92,28,81,278,499,76.42,95,110,3001,286,1231,20,3.85,1
2980,Tchamba,Centrale,2022,200585,44.55,4,90,290,314,64.36,214,80,5772,269,1555,22,4.75,1
2981,Bassar,Kara,2022,152038,77.52,27,62,46,75,73.99,75,33,768,226,1437,61,3.25,0
2982,Assoli,Kara,2020,66492,49.13,6,76,287,294,84.87,191,25,3155,220,18,30,3.71,1
2983,Dankpen,Kara,2020,184632,61.19,5,38,278,183,63.6,273,63,2807,63,451,74,3.66,0
2984,Anié,Plateaux,2020,177188,46.98,26,50,254,525,67.11,368,31,4416,151,1917,45,3.26,1
2985,Bas-Mono,Maritime,2022,95380,84.25,13,85,183,111,88.29,63,63,1310,51,1684,17,4.3,0
2986,Zio,Maritime,2021,500032,74.25,13,47,184,97,82.32,186,85,1962,259,158,50,3.35,1
2987,Bassar,Kara,2022,152038,65.56,9,62,81,276,89.69,353,102,1712,226,526,55,4.54,1
2988,Amou,Plateaux,2020,110948,66.68,27,100,67,439,60.43,168,22,2352,293,1606,73,3.67,0
2989,Danyi,Plateaux,2021,40240,82.43,18,40,83,323,91.83,180,104,4771,177,791,8,3.22,1
2990,Doufelgou,Kara,2023,87588,63.48,23,100,242,130,58.84,391,90,3711,187,1864,17,3.62,1
2991,Avé,Maritime,2023,111214,72.14,29,8,240,545,68.16,244,33,2612,90,522,2,3.83,0
2992,Avé,Maritime,2021,111214,78.0,20,70,57,133,65.25,278,65,1246,36,197,55,4.66,0
2993,Sotouboua,Centrale,2022,141404,75.05,26,93,89,441,72.25,260,37,5860,148,464,7,2.61,1
2994,Sotouboua,Centrale,2020,141404,51.83,12,11,80,222,58.97,396,29,2031,51,771,30,4.23,1
2995,Agoè-Nyivé,Maritime,2022,882695,76.34,11,96,287,240,96.38,270,74,2083,249,623,73,4.54,0
2996,Kpendjal,Savanes,2021,150806,83.36,7,78,154,82,85.98,59,49,3755,52,1810,58,3.54,0
2997,Avé,Maritime,2021,111214,44.88,23,23,217,255,62.67,388,100,3917,233,386,18,4.34,1
2998,Kloto,Plateaux,2021,145985,92.87,13,85,140,53,96.46,57,100,229,14,1628,63,2.74,1
2999,Tandjoaré,Savanes,2022,35537,59.72,6,25,33,385,50.16,318,61,1448,44,136,16,2.6,1
3000,Tône,Savanes,2020,388775,84.09,26,91,275,69,95.33,221,55,5805,231,1722,60,3.15,1
3001,Agou,Plateaux,2020,85793,47.95,25,64,182,223,80.93,88,103,4078,25,229,74,3.78,1
3002,Blitta,Centrale,2020,218753,61.35,4,26,213,450,92.23,167,114,1123,52,960,51,2.72,1
3003,Kpendjal-Ouest,Savanes,2023,120285,83.64,23,70,139,63,68.69,331,80,1490,176,145,39,3.35,0
3004,Oti-Sud,Savanes,2021,150806,66.32,26,14,80,131,84.24,367,115,2105,278,497,80,3.46,1
3005,Agoè-Nyivé,Maritime,2021,882695,60.52,13,42,102,84,57.96,235,65,3797,291,1160,64,2.5,0
3006,Yoto,Maritime,2020,174451,73.44,5,15,199,104,56.46,106,104,678,23,328,71,4.57,1
3007,Sotouboua,Centrale,2021,141404,60.99,26,33,170,251,50.88,345,21,3708,151,1159,61,4.31,0
3008,Mô,Centrale,2021,52448,56.59,10,72,161,100,70.86,65,73,4233,260,261,58,4.42,1
3009,Lacs,Maritime,2023,241207,47.41,30,50,294,420,59.33,232,47,5985,221,1029,35,4.1,1
3010,Amou,Plateaux,2022,110948,54.13,16,34,262,459,80.33,196,97,3763,15,1527,4,4.67,1
3011,Tchaoudjo,Centrale,2020,240360,81.75,30,5,194,128,61.06,202,66,3838,85,115,6,3.6,0
3012,Tchamba,Centrale,2022,200585,81.58,8,34,133,354,64.71,247,72,3050,177,1902,1,4.65,0
3013,Kpendjal,Savanes,2023,150806,62.6,13,7,255,162,52.26,261,50,5213,188,1802,55,4.07,1
3014,Moyen-Mono,Plateaux,2021,90505,72.15,2,6,158,299,96.25,144,54,5848,170,126,54,4.68,1
3015,Oti,Savanes,2020,123324,49.31,10,33,208,240,93.87,368,100,3756,244,1767,31,4.17,1
3016,Blitta,Centrale,2021,218753,55.97,21,69,114,597,56.55,175,94,4431,159,1114,42,4.32,1
3017,Tchaoudjo,Centrale,2021,240360,52.4,28,5,257,448,64.65,339,65,1409,54,302,46,3.06,1
3018,Kpélé,Plateaux,2020,81620,82.21,18,76,210,485,63.47,280,31,2922,266,940,62,3.12,0
3019,Kpélé,Plateaux,2021,81620,49.61,25,38,72,497,79.83,226,27,4187,115,980,45,2.82,1
3020,Zio,Maritime,2021,500032,82.3,29,79,192,330,85.46,197,104,360,262,915,25,3.88,1
3021,Amou,Plateaux,2022,110948,53.06,8,13,234,595,90.39,263,42,762,237,799,61,4.14,1
3022,Agoè-Nyivé,Maritime,2021,882695,90.89,29,15,299,189,66.89,112,110,2657,215,1275,47,4.32,1
3023,Zio,Maritime,2023,500032,81.45,14,41,123,250,64.91,71,93,3056,273,1425,76,2.8,1
3024,Yoto,Maritime,2020,174451,52.03,4,76,262,534,83.63,217,80,5792,279,1815,15,3.9,1
3025,Kloto,Plateaux,2020,145985,86.16,17,92,228,325,77.53,54,108,1330,298,838,47,4.71,1
3026,Assoli,Kara,2022,66492,72.53,6,56,106,577,89.47,133,116,3448,155,1494,76,2.91,1
3027,Lacs,Maritime,2020,241207,58.08,7,65,192,315,70.58,171,88,5814,91,610,60,4.64,1
3028,Est-Mono,Plateaux,2022,164460,93.02,15,23,44,335,89.19,356,51,539,277,439,38,4.37,0
3029,Tchamba,Centrale,2020,200585,53.36,6,87,277,555,74.39,338,67,3824,173,715,23,4.03,1
3030,Dankpen,Kara,2023,184632,79.97,4,19,161,592,51.34,300,119,3489,126,782,61,3.49,1
3031,Yoto,Maritime,2022,174451,86.16,23,40,183,533,82.75,380,105,4121,261,375,56,4.69,1
3032,Dankpen,Kara,2020,184632,80.7,29,52,254,530,77.17,122,105,1801,9,1162,54,3.73,1
3033,Sotouboua,Centrale,2022,141404,66.37,16,57,188,79,82.58,336,65,2338,269,1165,62,3.76,0
3034,Golfe,Maritime,2021,1305681,56.45,29,28,87,109,51.87,95,51,5701,249,676,80,3.67,1
3035,Haho,Plateaux,2023,305096,66.76,20,60,182,115,93.17,73,94,1499,267,1869,50,2.96,1
3036,Assoli,Kara,2021,66492,85.83,15,32,20,228,92.16,270,97,1091,108,165,2,3.67,1
3037,Agoè-Nyivé,Maritime,2021,882695,83.63,23,44,25,166,69.45,251,115,3460,133,638,52,4.15,1
3038,Danyi,Plateaux,2020,40240,80.31,13,93,85,320,70.86,230,65,1081,42,952,73,3.82,0
3039,Est-Mono,Plateaux,2020,164460,88.59,18,63,283,517,72.01,154,101,1506,296,506,28,3.4,1
3040,Kloto,Plateaux,2021,145985,58.96,30,53,55,579,91.62,138,71,2690,51,589,75,4.16,1
3041,Binah,Kara,2023,84739,66.87,19,65,95,598,83.58,336,120,3523,44,111,49,3.5,1
3042,Doufelgou,Kara,2020,87588,53.97,30,84,192,365,60.62,339,62,5662,207,1354,76,3.3,1
3043,Oti-Sud,Savanes,2020,150806,82.82,17,38,84,52,57.24,141,53,2884,294,660,37,4.77,0
3044,Avé,Maritime,2022,111214,43.6,19,56,203,206,86.91,108,29,4220,7,861,51,4.66,1
3045,Wawa,Plateaux,2022,101300,43.35,7,34,287,554,81.54,377,79,5877,82,1943,18,3.11,1
3046,Zio,Maritime,2023,500032,59.31,13,49,265,257,67.1,167,56,1672,33,1827,44,3.48,1
3047,Lacs,Maritime,2021,241207,73.57,21,94,149,507,92.18,217,67,3190,22,832,29,2.68,0
3048,Oti-Sud,Savanes,2020,150806,67.28,3,53,213,232,58.19,63,23,2177,32,1102,78,2.85,0
3049,Oti-Sud,Savanes,2020,150806,53.51,27,43,32,517,53.18,325,84,5458,104,1602,27,3.12,1
3050,Agoè-Nyivé,Maritime,2020,882695,78.16,9,73,221,243,84.31,311,99,2348,65,233,68,4.59,1
3051,Oti,Savanes,2022,123324,48.6,3,36,216,241,59.36,326,58,2909,217,1902,1,2.54,1
3052,Tône,Savanes,2020,388775,41.24,24,68,95,334,85.47,106,96,3736,35,326,44,4.35,1
3053,Kpendjal-Ouest,Savanes,2021,120285,72.26,18,19,269,178,69.91,52,94,5583,268,219,6,3.06,1
3054,Tandjoaré,Savanes,2023,35537,68.04,6,54,271,591,96.44,114,53,3671,165,872,25,3.18,0
3055,Bas-Mono,Maritime,2022,95380,94.94,28,43,124,544,97.11,59,70,3605,171,32,19,2.56,0
3056,Zio,Maritime,2020,500032,70.43,8,100,141,501,57.89,71,93,202,70,931,54,3.64,1
3057,Mô,Centrale,2022,52448,50.08,16,64,145,118,70.77,195,47,1248,277,283,32,4.51,1
3058,Agou,Plateaux,2022,85793,44.28,4,52,138,506,94.97,215,61,1476,158,233,5,3.84,1
3059,Lacs,Maritime,2021,241207,91.87,3,59,252,553,71.6,50,35,1664,145,786,16,3.16,0
3060,Oti-Sud,Savanes,2020,150806,44.91,19,99,159,238,86.65,157,97,5143,7,1267,11,4.25,1
3061,Agou,Plateaux,2020,85793,81.69,4,31,140,183,53.51,247,35,4316,35,1236,46,4.03,1
3062,Zio,Maritime,2022,500032,74.76,2,91,139,524,92.4,387,78,2438,251,500,26,4.8,0
3063,Amou,Plateaux,2020,110948,71.96,11,26,226,353,92.4,301,36,3048,183,1390,44,3.8,0
3064,Kpendjal,Savanes,2021,150806,93.99,5,30,159,515,56.73,190,30,4780,122,79,49,4.64,1
3065,Kozah,Kara,2021,283738,94.6,10,40,272,215,53.95,61,47,3867,62,1401,32,2.88,0
3066,Wawa,Plateaux,2023,101300,94.78,5,97,40,206,86.99,384,64,2330,76,1036,80,4.41,0
3067,Yoto,Maritime,2021,174451,72.42,25,67,121,471,52.38,231,116,2774,3,1703,77,4.69,1
3068,Agou,Plateaux,2021,85793,40.1,4,27,121,178,52.67,86,64,4482,279,487,32,3.14,1
3069,Haho,Plateaux,2020,305096,75.91,27,61,242,113,72.24,113,30,4796,159,51,45,3.07,1
3070,Assoli,Kara,2023,66492,67.16,16,91,185,475,93.71,252,28,4013,66,373,46,3.23,1
3071,Bas-Mono,Maritime,2020,95380,74.44,14,13,256,587,75.55,237,70,5005,104,487,38,4.01,1
3072,Zio,Maritime,2022,500032,40.5,10,31,275,594,65.08,222,101,4764,75,1988,53,3.0,1
3073,Zio,Maritime,2020,500032,49.39,18,64,84,274,91.52,307,21,4792,271,1308,21,3.53,1
3074,Amou,Plateaux,2023,110948,50.83,22,32,164,310,58.88,290,91,2848,42,119,9,2.85,1
3075,Agou,Plateaux,2020,85793,69.59,6,60,112,449,95.0,258,24,4618,33,410,10,4.17,1
3076,Binah,Kara,2022,84739,53.32,16,57,119,82,83.94,304,120,1052,92,110,51,2.57,1
3077,Avé,Maritime,2021,111214,70.95,25,58,38,411,92.25,63,22,606,158,1661,0,3.19,0
3078,Tône,Savanes,2023,388775,58.26,21,47,62,496,55.11,176,29,4334,290,1216,71,3.94,1
3079,Binah,Kara,2023,84739,62.8,28,53,120,112,50.65,294,23,1235,155,1635,80,4.42,0
3080,Cinkassé,Savanes,2021,173987,69.11,2,84,25,225,82.6,154,42,4475,216,772,5,3.29,1
3081,Amou,Plateaux,2020,110948,82.57,18,33,97,97,69.53,99,37,4273,72,1253,46,4.77,1
3082,Tône,Savanes,2020,388775,47.84,29,78,102,474,74.59,98,72,5928,49,1445,13,3.92,1
3083,Kéran,Kara,2021,123138,79.63,19,92,181,101,67.02,182,90,3888,177,487,17,4.22,1
3084,Akébou,Plateaux,2021,73188,54.53,2,79,86,541,75.1,248,82,2254,224,718,53,4.47,1
3085,Wawa,Plateaux,2023,101300,52.03,15,20,54,366,51.88,383,81,2588,108,1468,61,3.82,1
3086,Anié,Plateaux,2021,177188,48.72,8,72,125,467,65.09,128,33,2210,222,1372,16,3.79,1
3087,Ogou,Plateaux,2022,253467,67.05,24,58,59,50,73.11,58,54,3416,69,1766,3,3.99,0
3088,Bassar,Kara,2023,152038,58.37,15,67,68,96,52.62,218,74,5510,67,1931,34,4.36,1
3089,Kloto,Plateaux,2023,145985,82.23,11,13,111,118,82.64,225,75,4141,151,1435,76,4.69,1
3090,Cinkassé,Savanes,2020,173987,43.98,22,26,122,517,61.45,331,97,248,3,369,0,4.02,1
3091,Golfe,Maritime,2022,1305681,69.07,5,80,289,220,57.36,227,54,1875,127,1862,23,4.38,0
3092,Haho,Plateaux,2023,305096,91.95,2,33,262,545,57.72,298,46,1482,25,32,40,3.37,0
3093,Yoto,Maritime,2022,174451,87.23,24,88,117,498,91.31,175,87,2225,140,1840,54,3.12,1
3094,Lacs,Maritime,2021,241207,89.04,16,28,33,428,93.52,76,34,3487,181,1028,31,4.03,0
3095,Tchamba,Centrale,2020,200585,41.63,9,56,237,551,63.15,166,119,5517,141,1013,9,3.57,1
3096,Binah,Kara,2022,84739,53.69,22,95,215,460,82.97,325,33,4900,90,942,41,2.84,1
3097,Kloto,Plateaux,2020,145985,76.99,4,33,185,125,72.12,258,92,1398,9,1749,68,4.32,1
3098,Anié,Plateaux,2022,177188,63.9,8,29,297,552,73.17,229,72,4082,13,125,21,4.56,1
3099,Sotouboua,Centrale,2021,141404,87.76,10,84,155,195,81.52,192,114,4957,240,1316,43,4.77,1
3100,Avé,Maritime,2022,111214,66.71,5,95,170,348,56.49,125,85,1133,155,1729,5,4.18,1
3101,Haho,Plateaux,2020,305096,69.54,15,8,62,529,78.13,190,55,4315,82,303,69,4.36,1
3102,Tchamba,Centrale,2023,200585,75.98,15,71,52,71,63.23,256,64,4252,206,291,31,2.71,1
3103,Agoè-Nyivé,Maritime,2023,882695,40.49,17,5,272,68,61.58,285,80,3784,12,899,40,4.23,1
3104,Tandjoaré,Savanes,2021,35537,87.05,20,32,77,341,90.41,189,82,4799,150,648,45,4.33,1
3105,Anié,Plateaux,2022,177188,71.08,7,87,135,402,79.47,312,112,2998,280,521,75,4.19,1
3106,Oti-Sud,Savanes,2020,150806,88.22,17,73,195,123,73.39,58,76,1195,239,737,8,3.8,0
3107,Assoli,Kara,2021,66492,61.53,11,7,259,234,71.09,177,103,2854,1,383,52,4.61,1
3108,Tchamba,Centrale,2020,200585,51.26,10,90,299,536,76.21,184,43,4826,266,1465,17,4.21,1
3109,Cinkassé,Savanes,2023,173987,70.48,18,13,164,190,72.55,192,34,1326,13,1330,67,2.66,0
3110,Amou,Plateaux,2022,110948,65.98,11,28,98,483,62.44,364,50,2210,286,1834,64,4.61,0
3111,Anié,Plateaux,2020,177188,91.79,14,9,100,66,50.67,315,65,1759,134,224,27,3.39,0
3112,Est-Mono,Plateaux,2022,164460,81.56,4,95,268,553,58.49,313,48,4347,285,1855,48,3.74,1
3113,Oti-Sud,Savanes,2023,150806,81.88,11,41,92,566,63.18,168,25,452,75,10,70,3.59,0
3114,Tône,Savanes,2022,388775,85.64,7,16,167,131,62.85,167,28,2638,221,1862,36,3.58,0
3115,Binah,Kara,2023,84739,77.91,20,6,180,401,91.21,311,71,3480,114,812,36,4.42,0
3116,Tchamba,Centrale,2022,200585,88.83,14,61,77,328,62.14,319,60,5796,116,703,35,3.04,1
3117,Haho,Plateaux,2022,305096,50.11,16,12,241,419,57.06,159,30,1205,260,1689,29,4.61,1
3118,Agoè-Nyivé,Maritime,2020,882695,56.43,4,94,115,580,62.1,304,68,3716,251,318,22,3.71,1
3119,Lacs,Maritime,2023,241207,64.46,16,61,107,65,74.75,57,111,4704,212,653,10,2.6,1
3120,Binah,Kara,2023,84739,81.45,25,21,252,377,87.77,53,116,302,45,340,24,2.72,1
3121,Moyen-Mono,Plateaux,2020,90505,71.18,26,93,102,373,80.88,105,104,4717,221,859,7,3.79,1
3122,Kloto,Plateaux,2020,145985,60.75,30,57,88,568,61.79,260,84,1821,209,613,16,3.89,1
3123,Zio,Maritime,2022,500032,67.84,10,88,260,563,75.94,195,67,2102,69,1463,30,3.27,0
3124,Assoli,Kara,2022,66492,73.67,4,94,24,242,92.73,347,26,951,25,1817,5,2.53,0
3125,Lacs,Maritime,2023,241207,47.41,9,38,63,509,96.31,187,42,2947,178,213,48,2.57,1
3126,Zio,Maritime,2020,500032,94.39,29,34,239,177,67.7,52,38,4714,150,1830,75,4.64,1
3127,Tandjoaré,Savanes,2021,35537,70.44,19,53,37,280,55.92,208,34,3567,299,477,59,2.79,0
3128,Haho,Plateaux,2020,305096,61.47,6,20,150,389,91.52,80,118,3444,181,1648,13,3.88,1
3129,Dankpen,Kara,2022,184632,63.21,25,16,201,341,79.1,135,54,4546,15,871,15,2.58,1
3130,Agoè-Nyivé,Maritime,2021,882695,69.77,27,79,231,92,62.53,277,86,2729,33,1410,41,4.27,1
3131,Dankpen,Kara,2021,184632,43.54,13,99,279,421,61.93,331,102,1251,20,630,1,4.16,1
3132,Est-Mono,Plateaux,2023,164460,91.12,2,67,174,389,65.11,105,79,443,246,980,31,4.17,0
3133,Moyen-Mono,Plateaux,2020,90505,74.82,23,95,232,395,83.42,106,86,1225,78,178,68,4.05,1
3134,Avé,Maritime,2022,111214,58.29,12,31,48,313,69.5,120,61,2485,152,865,54,2.85,1
3135,Oti,Savanes,2021,123324,80.94,11,12,40,179,57.09,323,74,5162,39,1617,10,3.24,1
3136,Avé,Maritime,2023,111214,63.67,16,24,158,405,63.09,179,95,4054,156,1237,8,3.6,1
3137,Tône,Savanes,2020,388775,66.63,21,81,110,302,65.31,283,55,1418,286,1431,61,4.73,0
3138,Bassar,Kara,2023,152038,44.53,11,48,140,180,80.37,212,57,854,196,780,57,4.19,1
3139,Amou,Plateaux,2022,110948,51.48,4,72,33,251,87.58,213,21,4289,224,1569,52,4.73,1
3140,Sotouboua,Centrale,2022,141404,85.27,10,95,241,178,93.59,113,21,3502,256,1324,64,3.49,0
3141,Agoè-Nyivé,Maritime,2021,882695,56.68,16,69,152,526,56.87,293,111,1966,165,507,31,3.5,1
3142,Est-Mono,Plateaux,2021,164460,47.07,13,68,254,209,68.48,207,120,2788,81,112,9,4.01,1
3143,Akébou,Plateaux,2022,73188,71.76,6,62,76,179,66.63,230,115,1714,44,1903,19,4.23,1
3144,Avé,Maritime,2022,111214,79.85,21,82,81,169,51.54,163,73,5822,52,1661,55,4.48,1
3145,Cinkassé,Savanes,2023,173987,87.61,27,91,59,89,60.13,221,44,3009,86,1219,1,3.32,0
3146,Kpendjal-Ouest,Savanes,2021,120285,69.76,4,38,223,349,94.5,340,54,1702,152,1373,76,2.71,0
3147,Tchamba,Centrale,2023,200585,63.94,8,23,242,228,64.68,312,115,5822,248,724,24,2.78,1
3148,Yoto,Maritime,2020,174451,78.5,14,33,124,269,55.99,278,35,5095,104,1309,76,4.77,1
3149,Oti,Savanes,2022,123324,49.33,22,22,270,204,95.64,369,96,5284,38,1246,39,3.02,1
3150,Haho,Plateaux,2022,305096,56.93,12,21,283,531,76.91,153,29,462,107,1278,28,4.14,1
3151,Tchamba,Centrale,2021,200585,83.51,30,56,182,546,97.9,208,64,3088,97,365,63,3.21,0
3152,Tchaoudjo,Centrale,2020,240360,64.7,13,24,72,224,70.31,287,35,5586,207,1030,79,3.42,1
3153,Danyi,Plateaux,2022,40240,55.72,5,25,170,421,63.56,164,109,507,6,1865,7,2.77,1
3154,Kéran,Kara,2020,123138,45.32,26,91,136,246,97.01,281,110,4095,133,1891,48,4.19,1
3155,Anié,Plateaux,2023,177188,92.91,3,70,112,432,75.7,214,72,312,179,1451,61,3.36,0
3156,Danyi,Plateaux,2023,40240,83.0,29,100,45,320,70.26,252,102,605,107,1385,34,4.73,1
3157,Moyen-Mono,Plateaux,2022,90505,66.04,24,96,253,213,56.36,313,43,5613,197,1135,13,4.26,1
3158,Kpendjal-Ouest,Savanes,2022,120285,93.9,5,11,240,414,76.26,161,38,322,203,1988,40,4.62,0
3159,Cinkassé,Savanes,2023,173987,65.17,22,43,126,583,63.87,88,88,4963,262,831,10,2.77,1
3160,Kéran,Kara,2022,123138,66.02,12,76,213,549,90.97,372,23,631,197,1946,80,3.39,0
3161,Kpendjal,Savanes,2020,150806,75.84,9,76,126,353,80.6,64,116,4916,56,974,61,3.34,1
3162,Agou,Plateaux,2021,85793,68.28,18,21,233,102,84.79,151,68,2304,230,762,56,4.25,0
3163,Vo,Maritime,2021,224411,54.01,30,14,202,502,97.09,263,47,5299,130,365,19,4.28,1
3164,Cinkassé,Savanes,2022,173987,69.53,9,9,253,112,64.88,310,25,5490,175,174,46,3.52,1
3165,Kpélé,Plateaux,2022,81620,90.57,18,32,29,310,81.25,377,52,2467,98,112,64,4.63,0
3166,Doufelgou,Kara,2021,87588,76.21,3,46,113,78,83.13,378,48,2725,186,1346,67,4.13,0
3167,Yoto,Maritime,2022,174451,59.46,22,47,122,262,93.3,120,114,2476,275,294,59,4.54,1
3168,Oti,Savanes,2023,123324,65.2,22,84,290,352,68.01,222,102,3582,246,280,67,3.96,1
3169,Dankpen,Kara,2022,184632,84.09,18,15,147,301,67.26,93,25,3083,80,1137,80,2.96,0
3170,Vo,Maritime,2022,224411,72.0,29,78,77,164,76.15,391,69,4139,233,1047,80,4.71,1
3171,Kpendjal-Ouest,Savanes,2020,120285,89.61,11,22,162,384,58.84,267,74,2310,47,739,21,3.21,0
3172,Zio,Maritime,2021,500032,81.46,11,22,62,374,89.07,360,86,2232,48,261,22,4.45,1
3173,Kéran,Kara,2021,123138,90.11,14,43,122,73,63.32,181,81,1771,284,54,33,2.55,1
3174,Moyen-Mono,Plateaux,2021,90505,47.34,22,34,221,486,62.55,304,92,3193,67,1747,41,3.57,1
3175,Golfe,Maritime,2021,1305681,73.23,13,8,127,285,79.37,183,99,2287,23,1273,9,2.54,1
3176,Zio,Maritime,2020,500032,56.88,6,80,175,112,65.72,161,104,569,254,1500,69,4.58,1
3177,Binah,Kara,2022,84739,59.4,7,27,243,353,69.46,102,94,5814,83,1162,59,4.32,1
3178,Tône,Savanes,2020,388775,87.86,24,62,203,191,74.03,291,44,5229,240,1143,45,3.24,1
3179,Assoli,Kara,2023,66492,58.65,26,49,203,259,88.64,159,26,3900,133,1372,30,4.02,1
3180,Doufelgou,Kara,2023,87588,59.62,16,92,56,450,73.36,136,101,1848,88,603,3,3.56,1
3181,Kloto,Plateaux,2023,145985,68.03,27,67,249,447,94.06,306,65,5158,66,244,37,3.23,1
3182,Tchamba,Centrale,2022,200585,64.39,12,18,217,53,50.18,198,50,4559,7,1382,74,4.22,1
3183,Amou,Plateaux,2021,110948,47.97,4,90,47,112,93.37,352,85,4859,9,1258,10,3.62,1
3184,Cinkassé,Savanes,2020,173987,44.74,24,63,86,475,92.74,276,115,5262,280,1349,7,2.82,1
3185,Mô,Centrale,2020,52448,75.36,23,72,232,326,85.35,233,62,5709,5,1256,28,3.23,1
3186,Mô,Centrale,2021,52448,44.49,12,45,277,375,70.73,147,58,3875,12,1908,7,3.2,1
3187,Kpendjal-Ouest,Savanes,2023,120285,59.61,2,28,195,469,78.44,338,34,1207,94,514,60,2.82,1
3188,Golfe,Maritime,2022,1305681,57.89,24,93,224,461,86.1,296,39,4234,110,1486,47,2.69,1
3189,Cinkassé,Savanes,2021,173987,67.85,2,47,262,278,91.85,370,63,4813,165,1202,40,2.88,1
3190,Kpendjal,Savanes,2022,150806,67.02,6,79,255,283,87.91,371,119,5460,165,365,27,3.7,1
3191,Zio,Maritime,2022,500032,77.55,18,13,110,261,50.99,328,82,5454,65,154,50,4.31,1
3192,Kpendjal-Ouest,Savanes,2022,120285,76.41,10,90,189,157,96.89,398,36,5809,61,151,30,4.72,1
3193,Golfe,Maritime,2023,1305681,87.45,4,53,189,468,57.72,190,21,4513,22,1968,61,3.27,1
3194,Akébou,Plateaux,2023,73188,92.39,6,20,49,223,91.39,171,77,1413,53,862,41,3.56,0
3195,Sotouboua,Centrale,2022,141404,74.45,22,44,114,139,97.14,75,103,1499,122,193,28,4.67,1
3196,Cinkassé,Savanes,2020,173987,46.82,14,27,203,288,89.91,102,64,1739,2,753,3,4.31,1
3197,Lacs,Maritime,2023,241207,41.11,23,37,90,560,74.23,349,99,2202,289,418,6,4.79,1
3198,Amou,Plateaux,2023,110948,61.23,2,72,43,539,61.79,235,77,5551,49,892,59,4.52,1
3199,Wawa,Plateaux,2023,101300,58.73,25,60,263,255,61.67,334,22,4897,190,1263,40,4.45,1
3200,Kloto,Plateaux,2023,145985,56.74,14,53,74,359,81.84,169,69,3009,137,902,41,4.12,1
3201,Avé,Maritime,2021,111214,56.86,11,26,161,204,76.68,126,118,2183,0,706,65,3.47,1
3202,Ogou,Plateaux,2022,253467,86.1,12,86,129,483,84.87,63,29,490,182,194,0,3.53,0
3203,Vo,Maritime,2021,224411,89.73,7,44,155,338,93.71,160,87,4413,105,1626,13,4.58,1
3204,Bas-Mono,Maritime,2021,95380,75.83,28,49,60,223,67.19,322,24,3629,14,130,36,3.38,0
3205,Tône,Savanes,2023,388775,81.4,16,20,260,385,72.43,252,40,1626,31,1069,60,3.97,0
3206,Danyi,Plateaux,2023,40240,94.96,3,32,157,114,74.65,98,80,1524,132,1293,12,4.54,0
3207,Oti,Savanes,2023,123324,61.8,12,39,204,133,61.93,253,44,3142,93,31,46,3.69,0
3208,Haho,Plateaux,2021,305096,55.15,4,61,201,572,87.75,262,71,2590,251,623,31,4.5,1
3209,Kpendjal-Ouest,Savanes,2023,120285,94.54,10,64,276,480,81.72,244,85,474,223,1784,21,3.76,1
3210,Zio,Maritime,2020,500032,70.98,23,76,296,380,78.24,388,100,5737,286,1321,23,3.41,1
3211,Golfe,Maritime,2023,1305681,59.06,7,47,210,311,74.9,233,95,1902,285,622,30,4.66,1
3212,Kpendjal-Ouest,Savanes,2021,120285,91.68,15,92,157,148,71.69,335,49,2093,91,1370,44,3.64,0
3213,Golfe,Maritime,2021,1305681,47.01,27,45,273,455,57.69,95,31,2256,36,964,4,4.06,1
3214,Bassar,Kara,2022,152038,41.83,11,11,136,286,54.73,382,96,3205,291,1884,0,2.5,1
3215,Akébou,Plateaux,2023,73188,93.48,20,68,189,140,85.39,213,117,3834,39,1029,56,4.24,1
3216,Agou,Plateaux,2023,85793,64.68,6,19,142,304,96.83,373,63,5238,86,979,9,4.7,1
3217,Mô,Centrale,2022,52448,78.34,16,70,261,547,58.48,305,94,4840,126,54,41,2.63,1
3218,Kpendjal,Savanes,2022,150806,59.01,22,95,271,396,77.89,53,102,1987,298,1818,0,2.62,1
3219,Dankpen,Kara,2021,184632,65.32,5,97,29,83,71.89,207,58,3083,168,1528,78,4.51,0
3220,Agou,Plateaux,2022,85793,51.73,25,20,273,507,70.85,260,97,5170,278,1142,61,3.7,1
3221,Lacs,Maritime,2020,241207,61.21,21,93,146,215,65.06,59,48,3364,88,1432,11,2.57,0
3222,Haho,Plateaux,2023,305096,51.26,19,38,162,129,94.81,391,87,2675,57,314,46,4.27,1
3223,Zio,Maritime,2021,500032,87.1,24,76,67,520,82.02,131,80,1502,230,617,10,3.89,0
3224,Tône,Savanes,2020,388775,90.35,3,78,276,328,85.66,123,109,2553,143,1709,3,3.24,1
3225,Est-Mono,Plateaux,2023,164460,60.12,18,98,89,283,83.23,279,68,1734,190,205,59,2.5,0
3226,Avé,Maritime,2020,111214,54.26,30,7,28,590,81.9,289,61,674,170,898,13,2.56,1
3227,Kpendjal-Ouest,Savanes,2023,120285,80.79,3,38,79,589,54.79,351,99,1785,206,1283,16,3.91,1
3228,Assoli,Kara,2021,66492,43.18,20,47,83,516,62.91,268,37,1119,14,1951,41,4.76,1
3229,Kozah,Kara,2020,283738,91.83,24,10,69,211,83.67,66,24,3215,125,961,37,2.7,0
3230,Wawa,Plateaux,2020,101300,80.27,3,64,211,347,66.24,291,37,291,188,1313,76,2.88,0
3231,Zio,Maritime,2020,500032,89.12,22,70,160,514,51.14,268,103,5217,114,1769,54,4.38,1
3232,Bas-Mono,Maritime,2022,95380,64.03,13,33,279,511,79.31,315,54,5829,232,1538,48,3.92,1
3233,Kpendjal,Savanes,2020,150806,71.41,21,91,68,565,56.86,139,42,5401,43,1039,49,2.7,1
3234,Sotouboua,Centrale,2021,141404,80.53,17,20,183,351,94.47,98,114,2002,161,786,31,4.35,1
3235,Mô,Centrale,2023,52448,94.97,11,55,20,582,50.39,231,27,238,149,1325,79,2.98,0
3236,Avé,Maritime,2023,111214,51.48,5,58,242,119,83.4,227,88,226,246,809,14,4.68,1
3237,Assoli,Kara,2021,66492,60.09,18,69,212,282,54.96,397,116,738,186,1601,35,4.11,1
3238,Bas-Mono,Maritime,2020,95380,71.42,13,79,94,271,85.04,64,29,4035,139,565,69,3.63,1
3239,Akébou,Plateaux,2021,73188,77.51,29,50,159,206,94.46,58,20,4904,166,993,22,2.75,1
3240,Oti-Sud,Savanes,2022,150806,54.94,16,45,80,146,65.84,369,107,4103,92,1975,7,3.91,1
3241,Agou,Plateaux,2021,85793,74.11,23,90,207,489,60.79,362,71,434,34,1030,73,3.44,0
3242,Agou,Plateaux,2021,85793,55.02,12,10,29,555,73.08,349,73,3584,81,829,64,3.06,1
3243,Lacs,Maritime,2023,241207,54.27,10,75,184,313,76.63,268,25,5138,30,1421,74,2.78,1
3244,Bassar,Kara,2021,152038,67.4,12,94,152,548,66.95,202,84,1889,39,1940,78,2.81,1
3245,Bassar,Kara,2022,152038,70.82,6,20,31,62,71.87,327,29,3345,248,256,77,4.58,0
3246,Binah,Kara,2020,84739,63.83,5,56,175,245,77.59,198,32,5199,147,1669,34,2.9,1
3247,Doufelgou,Kara,2021,87588,69.83,22,66,103,335,91.54,364,91,3002,188,548,59,4.42,1
3248,Danyi,Plateaux,2021,40240,94.81,19,19,31,415,83.82,111,104,1230,25,1945,40,3.4,1
3249,Kpélé,Plateaux,2020,81620,89.98,25,82,42,552,51.07,296,73,5233,173,1415,8,3.17,1
3250,Haho,Plateaux,2020,305096,89.59,15,71,249,308,96.67,327,37,4234,91,1576,16,3.67,1
3251,Cinkassé,Savanes,2020,173987,46.13,9,77,70,582,63.78,139,61,962,85,644,43,2.57,1
3252,Ogou,Plateaux,2020,253467,89.43,19,20,150,156,73.14,74,120,3752,66,1938,76,4.67,1
3253,Tchaoudjo,Centrale,2021,240360,55.66,19,25,269,376,53.21,283,117,4627,151,1303,42,3.16,1
3254,Tône,Savanes,2023,388775,92.35,17,62,252,99,65.04,324,105,703,140,893,26,3.22,1
3255,Tandjoaré,Savanes,2020,35537,82.84,19,14,87,340,60.86,215,89,3608,158,1768,77,4.37,1
3256,Vo,Maritime,2022,224411,56.09,14,62,164,582,55.42,397,74,3457,300,36,24,4.45,1
3257,Lacs,Maritime,2020,241207,57.49,28,73,276,252,96.82,73,73,2868,240,305,54,3.95,1
3258,Moyen-Mono,Plateaux,2021,90505,72.6,9,93,137,443,52.4,283,53,1515,246,83,51,4.71,0
3259,Amou,Plateaux,2020,110948,59.13,17,72,84,279,96.31,50,64,4212,118,1798,28,3.79,1
3260,Mô,Centrale,2020,52448,61.89,4,91,57,332,67.63,226,73,4922,22,1935,75,3.12,1
3261,Assoli,Kara,2023,66492,70.45,13,27,90,295,57.99,112,41,3076,78,1955,68,3.33,0
3262,Agou,Plateaux,2023,85793,78.46,16,99,49,123,53.28,341,44,283,229,1171,63,3.09,0
3263,Agoè-Nyivé,Maritime,2023,882695,41.83,22,21,269,498,93.81,225,102,4345,233,870,57,4.34,1
3264,Oti,Savanes,2020,123324,88.93,26,34,220,475,83.2,151,60,2535,125,1068,72,4.51,0
3265,Assoli,Kara,2020,66492,63.09,22,27,273,219,87.38,133,102,3157,235,289,73,4.29,1
3266,Binah,Kara,2022,84739,65.07,6,81,185,551,82.54,249,56,3272,156,612,58,3.17,0
3267,Sotouboua,Centrale,2022,141404,41.02,25,6,239,410,72.72,122,113,5337,217,1217,60,4.75,1
3268,Akébou,Plateaux,2022,73188,43.93,26,90,50,280,52.17,347,99,3328,248,292,42,3.71,1
3269,Tchamba,Centrale,2023,200585,55.32,10,11,245,303,66.48,118,65,551,38,719,29,3.37,1
3270,Kloto,Plateaux,2021,145985,77.11,20,90,160,423,87.92,185,99,1929,158,452,12,3.0,1
3271,Kozah,Kara,2020,283738,89.82,21,57,104,89,83.01,388,91,2194,174,1381,10,3.9,1
3272,Tchamba,Centrale,2021,200585,68.89,11,49,143,178,58.35,309,108,5441,280,1920,60,2.72,1
3273,Doufelgou,Kara,2023,87588,50.17,14,12,234,141,79.33,332,57,884,139,1242,36,3.93,1
3274,Wawa,Plateaux,2023,101300,74.86,4,49,129,216,84.55,121,68,3120,298,6,23,4.8,0
3275,Bas-Mono,Maritime,2020,95380,64.96,10,59,269,435,74.71,332,101,2994,134,92,22,3.88,1
3276,Akébou,Plateaux,2022,73188,51.93,14,87,131,58,90.05,92,69,2685,89,618,35,2.79,1
3277,Tône,Savanes,2021,388775,66.31,6,81,205,279,88.71,97,74,5935,32,1327,80,3.75,1
3278,Bas-Mono,Maritime,2023,95380,67.82,30,83,34,327,81.99,146,67,4775,34,811,38,4.36,1
3279,Amou,Plateaux,2023,110948,49.27,23,62,124,533,91.87,239,71,1420,42,263,52,3.28,1
3280,Haho,Plateaux,2023,305096,94.52,29,60,294,285,63.06,154,91,1975,241,993,22,4.42,1
3281,Kozah,Kara,2022,283738,69.52,5,18,139,456,84.18,384,22,2461,59,1064,15,3.85,0
3282,Ogou,Plateaux,2021,253467,43.18,5,57,33,158,93.33,132,84,1551,293,1559,64,4.13,1
3283,Agou,Plateaux,2020,85793,78.94,29,11,117,255,60.19,82,99,1604,8,929,46,3.16,1
3284,Wawa,Plateaux,2020,101300,40.54,7,83,125,395,50.62,155,56,4827,280,1963,75,4.78,1
3285,Akébou,Plateaux,2020,73188,66.67,13,91,44,380,83.53,255,50,5392,164,1271,21,2.63,1
3286,Sotouboua,Centrale,2021,141404,85.96,6,65,50,317,71.17,143,104,4176,110,947,62,3.91,1
3287,Wawa,Plateaux,2022,101300,42.44,18,70,216,145,57.84,330,82,4054,226,1752,76,3.81,1
3288,Est-Mono,Plateaux,2022,164460,77.59,22,64,201,568,85.5,387,86,4750,122,1548,51,2.85,1
3289,Dankpen,Kara,2021,184632,75.74,23,76,24,163,88.16,66,120,2165,185,147,69,4.16,1
3290,Cinkassé,Savanes,2022,173987,47.9,2,50,206,251,90.75,357,67,3056,164,564,63,4.71,1
3291,Tchamba,Centrale,2021,200585,41.3,17,64,261,344,97.88,158,119,2118,117,1084,70,4.07,1
3292,Golfe,Maritime,2023,1305681,70.54,5,84,29,183,63.19,388,92,3062,47,790,73,4.21,1
3293,Amou,Plateaux,2021,110948,71.87,5,53,281,547,87.58,302,39,5765,49,999,13,4.56,1
3294,Oti,Savanes,2022,123324,66.88,14,49,171,315,86.99,160,87,2494,25,261,34,3.56,1
3295,Zio,Maritime,2022,500032,49.8,23,34,197,571,57.63,143,26,4208,7,1994,29,3.26,1
3296,Golfe,Maritime,2021,1305681,46.32,12,36,62,390,71.4,95,23,671,270,1548,15,3.46,1
3297,Avé,Maritime,2022,111214,80.96,12,84,114,157,76.97,71,26,4775,149,376,19,3.21,1
3298,Akébou,Plateaux,2021,73188,84.72,13,6,174,452,97.43,211,72,3675,30,1587,19,4.23,0
3299,Agou,Plateaux,2023,85793,66.27,13,12,44,566,73.8,330,33,5815,208,882,4,3.71,1
3300,Oti-Sud,Savanes,2022,150806,67.04,19,46,256,547,72.6,176,29,678,53,1638,79,4.37,0
3301,Ogou,Plateaux,2022,253467,81.66,15,71,205,530,52.39,180,20,5518,298,1353,65,4.05,1
3302,Moyen-Mono,Plateaux,2022,90505,85.5,5,34,178,69,73.17,87,30,1253,134,1555,15,3.4,0
3303,Zio,Maritime,2023,500032,57.49,11,66,237,502,70.89,193,109,5717,60,1608,37,3.41,1
3304,Yoto,Maritime,2021,174451,90.75,26,41,165,598,95.55,241,24,1794,5,884,10,3.74,0
3305,Est-Mono,Plateaux,2023,164460,73.83,24,57,189,428,86.08,198,83,5560,221,1518,55,4.19,1
3306,Est-Mono,Plateaux,2020,164460,56.19,7,59,66,167,73.59,199,71,3199,207,486,32,4.68,1
3307,Dankpen,Kara,2021,184632,57.81,25,43,44,52,64.35,110,20,743,190,225,13,3.15,1
3308,Blitta,Centrale,2021,218753,94.91,24,53,84,474,90.77,396,74,1393,124,1707,73,2.99,0
3309,Tchaoudjo,Centrale,2023,240360,45.0,29,15,30,170,72.5,144,43,5536,50,1426,54,3.04,1
3310,Mô,Centrale,2021,52448,89.48,11,5,53,69,88.4,362,42,1449,269,1704,50,4.54,0
3311,Bas-Mono,Maritime,2020,95380,60.3,24,15,27,419,90.57,399,105,2889,267,961,43,4.58,1
3312,Vo,Maritime,2023,224411,46.47,8,25,241,218,70.57,114,114,1030,24,411,46,3.19,1
3313,Mô,Centrale,2022,52448,53.22,3,83,64,356,55.87,225,114,3437,144,496,80,3.57,1
3314,Amou,Plateaux,2020,110948,85.42,19,29,54,142,73.1,134,43,4372,1,393,42,4.65,1
3315,Kloto,Plateaux,2023,145985,67.8,20,97,285,244,65.62,251,45,1913,129,36,60,4.02,0
3316,Binah,Kara,2023,84739,82.74,6,36,24,431,86.68,200,75,4127,288,1166,68,4.17,1
3317,Cinkassé,Savanes,2021,173987,50.68,7,21,207,215,58.81,245,57,2404,137,1192,49,2.83,1
3318,Kpendjal,Savanes,2022,150806,67.74,27,57,82,392,68.99,216,38,1347,201,60,28,4.61,0
3319,Binah,Kara,2021,84739,72.76,4,84,143,494,76.55,110,32,3011,23,626,49,3.59,0
3320,Oti-Sud,Savanes,2023,150806,69.18,9,82,122,369,85.72,239,105,2192,43,92,67,3.89,1
3321,Sotouboua,Centrale,2022,141404,63.1,20,93,266,127,93.31,232,76,4114,297,1730,66,4.19,1
3322,Dankpen,Kara,2023,184632,86.34,30,52,212,166,63.27,246,102,2147,87,725,2,3.17,1
3323,Bassar,Kara,2023,152038,57.15,11,68,89,301,55.19,291,94,3662,268,429,16,3.4,1
3324,Sotouboua,Centrale,2022,141404,67.29,7,77,248,210,54.86,278,61,5381,49,150,36,2.78,1
3325,Tchaoudjo,Centrale,2020,240360,65.14,16,78,69,510,59.52,389,83,4218,134,861,54,4.59,1
3326,Sotouboua,Centrale,2020,141404,76.41,4,72,84,570,65.14,249,79,3556,292,518,61,4.75,0
3327,Est-Mono,Plateaux,2022,164460,65.34,17,9,285,501,81.14,54,113,3679,51,778,16,2.8,1
3328,Doufelgou,Kara,2020,87588,83.68,2,83,140,308,71.19,213,94,4850,21,632,74,3.42,1
3329,Kéran,Kara,2021,123138,94.36,10,30,221,356,51.14,242,114,4480,227,1090,63,4.34,1
3330,Kpélé,Plateaux,2020,81620,41.22,29,64,43,396,82.01,58,92,1309,135,795,72,3.14,1
3331,Kéran,Kara,2021,123138,68.44,27,21,285,144,68.79,236,63,2131,56,963,17,4.62,0
3332,Tchamba,Centrale,2023,200585,85.79,20,17,117,121,59.25,377,74,5696,173,1739,59,4.31,1
3333,Akébou,Plateaux,2021,73188,64.2,7,83,228,269,90.59,375,72,927,299,1788,64,4.23,0
3334,Agou,Plateaux,2022,85793,51.89,11,11,108,516,53.05,179,64,4681,229,72,42,3.94,1
3335,Yoto,Maritime,2021,174451,43.69,8,81,136,54,97.87,345,86,3449,267,9,25,3.82,1
3336,Agoè-Nyivé,Maritime,2023,882695,92.84,3,81,236,82,54.59,281,45,3786,292,184,79,2.88,0
3337,Danyi,Plateaux,2023,40240,45.68,28,69,290,258,80.02,327,75,3575,256,1394,57,3.82,1
3338,Kpendjal-Ouest,Savanes,2020,120285,84.98,6,83,204,256,89.02,130,58,1522,62,1201,66,4.14,0
3339,Moyen-Mono,Plateaux,2021,90505,76.42,7,14,36,107,94.94,152,110,5058,85,1563,24,4.63,1
3340,Agoè-Nyivé,Maritime,2020,882695,69.03,6,41,168,237,73.96,267,99,445,153,1749,51,4.2,1
3341,Anié,Plateaux,2021,177188,71.09,10,57,92,275,85.44,395,56,4353,202,1694,15,4.18,1
3342,Bassar,Kara,2021,152038,88.09,21,48,279,257,97.77,268,37,1914,262,983,18,3.77,0
3343,Doufelgou,Kara,2022,87588,42.46,9,71,127,218,58.75,363,80,4264,147,1986,57,2.85,1
3344,Avé,Maritime,2020,111214,82.53,15,48,148,112,64.73,302,37,3929,0,238,78,2.58,0
3345,Kpendjal-Ouest,Savanes,2020,120285,92.21,9,59,295,50,86.71,310,35,5748,228,894,39,3.93,1
3346,Tchaoudjo,Centrale,2023,240360,88.36,5,72,109,596,54.78,180,65,208,125,1320,67,2.79,0
3347,Zio,Maritime,2022,500032,67.05,4,49,237,326,79.45,81,43,1356,97,1864,26,2.88,0
3348,Tône,Savanes,2022,388775,65.81,25,44,256,507,94.68,328,61,3828,27,1124,6,4.76,0
3349,Tchaoudjo,Centrale,2022,240360,72.27,16,39,220,234,95.09,172,34,1780,268,1192,32,2.64,0
3350,Amou,Plateaux,2023,110948,86.42,11,71,46,600,72.5,80,60,4703,231,234,59,4.6,1
3351,Kpendjal-Ouest,Savanes,2020,120285,43.47,26,14,113,203,95.23,338,115,5284,32,49,33,4.69,1
3352,Tchaoudjo,Centrale,2021,240360,92.66,25,8,133,459,64.0,357,112,2601,270,79,51,4.18,1
3353,Sotouboua,Centrale,2022,141404,52.3,10,60,90,66,64.89,279,63,4378,131,1868,1,3.67,1
3354,Kloto,Plateaux,2020,145985,91.11,2,43,151,451,57.05,284,68,2039,277,882,20,2.65,0
3355,Kpendjal,Savanes,2021,150806,90.22,13,44,50,300,50.27,339,117,1486,289,1132,16,2.68,1
3356,Yoto,Maritime,2023,174451,72.77,12,23,246,64,84.02,208,80,4092,134,1140,76,2.59,1
3357,Est-Mono,Plateaux,2021,164460,72.4,17,41,41,65,52.79,216,110,5452,86,1537,57,4.1,1
3358,Akébou,Plateaux,2022,73188,86.6,2,27,53,141,85.31,243,61,5497,84,621,39,3.53,1
3359,Vo,Maritime,2021,224411,43.6,16,92,186,53,71.87,71,112,5492,64,916,44,3.92,1
3360,Kpendjal,Savanes,2023,150806,48.32,12,42,40,165,76.22,187,49,1563,139,1768,47,4.13,1
3361,Dankpen,Kara,2023,184632,81.9,27,79,28,311,79.73,240,73,1523,91,1449,40,4.51,0
3362,Kloto,Plateaux,2022,145985,68.87,15,32,168,53,69.58,330,88,590,160,587,56,3.5,1
3363,Binah,Kara,2020,84739,58.01,4,42,283,336,93.76,278,100,1543,53,955,55,3.14,1
3364,Tchamba,Centrale,2023,200585,79.68,15,76,182,130,73.13,132,71,4269,23,1833,4,4.57,1
3365,Tandjoaré,Savanes,2021,35537,75.74,18,9,21,129,57.31,75,108,1912,126,364,20,3.04,1
3366,Vo,Maritime,2022,224411,63.93,9,46,50,316,53.02,59,118,5141,26,112,76,2.57,1
3367,Tandjoaré,Savanes,2021,35537,69.98,19,62,110,92,72.43,80,80,3472,152,1781,28,4.1,0
3368,Blitta,Centrale,2020,218753,92.25,7,73,29,371,61.47,363,57,5761,250,1517,54,3.71,1
3369,Agoè-Nyivé,Maritime,2022,882695,41.17,16,32,59,551,80.32,277,84,4235,220,619,42,4.25,1
3370,Golfe,Maritime,2022,1305681,59.04,4,33,195,55,64.7,155,52,907,218,22,42,3.23,1
3371,Zio,Maritime,2021,500032,59.17,19,36,37,205,76.16,261,88,5451,181,1295,72,3.72,1
3372,Kpendjal,Savanes,2021,150806,78.66,7,30,103,320,70.69,181,98,1245,40,1666,68,4.27,1
3373,Wawa,Plateaux,2021,101300,40.31,19,12,214,178,90.49,228,34,5168,97,1125,25,4.63,1
3374,Oti-Sud,Savanes,2022,150806,82.52,6,67,295,477,86.64,269,109,1570,25,880,74,4.54,1
3375,Avé,Maritime,2020,111214,77.93,28,82,181,184,57.62,383,94,5815,244,1228,44,3.86,1
3376,Vo,Maritime,2023,224411,57.55,15,46,169,515,92.03,127,85,4311,113,551,78,3.36,1
3377,Binah,Kara,2023,84739,72.95,2,96,41,345,69.8,81,112,1896,238,1595,65,4.72,1
3378,Kozah,Kara,2022,283738,67.82,9,68,43,581,60.82,93,86,5393,80,1695,59,2.61,1
3379,Tchamba,Centrale,2021,200585,78.03,10,8,232,171,88.59,144,118,4197,189,768,35,3.07,1
3380,Kloto,Plateaux,2021,145985,70.69,2,14,46,452,58.32,368,59,749,76,1067,55,3.28,0
3381,Kéran,Kara,2021,123138,88.86,13,10,142,525,95.29,268,113,451,116,915,44,2.52,1
3382,Haho,Plateaux,2022,305096,71.88,20,98,205,419,67.05,55,67,4617,185,100,16,3.29,1
3383,Wawa,Plateaux,2023,101300,43.06,25,28,45,434,58.66,320,96,1727,240,765,51,3.33,1
3384,Zio,Maritime,2023,500032,40.29,29,75,61,566,66.99,213,64,5061,158,1359,29,4.31,1
3385,Golfe,Maritime,2021,1305681,73.02,3,95,59,139,65.19,134,22,2203,222,504,80,4.28,0
3386,Bassar,Kara,2021,152038,56.18,3,58,55,296,76.47,199,56,1412,222,1250,0,3.53,1
3387,Golfe,Maritime,2020,1305681,73.73,5,16,288,122,82.51,202,119,373,21,1000,0,2.94,1
3388,Agou,Plateaux,2022,85793,65.25,2,33,21,238,68.78,199,109,4362,3,1016,9,3.19,1
3389,Kpendjal,Savanes,2022,150806,60.22,16,66,208,239,97.35,232,100,1640,254,1898,29,4.37,1
3390,Zio,Maritime,2022,500032,44.52,22,78,209,156,96.75,115,67,5692,8,1178,59,4.46,1
3391,Assoli,Kara,2021,66492,65.16,28,84,196,502,93.71,180,64,5309,134,1881,23,3.15,1
3392,Zio,Maritime,2022,500032,64.48,21,99,256,349,56.41,85,55,379,129,1063,44,3.87,0
3393,Agoè-Nyivé,Maritime,2021,882695,42.03,13,58,245,541,85.35,163,117,3679,28,874,60,4.1,1
3394,Vo,Maritime,2020,224411,68.33,7,66,182,413,86.84,301,82,2216,246,1102,18,4.64,1
3395,Kpélé,Plateaux,2022,81620,89.04,20,71,280,297,85.69,144,116,5327,151,1704,56,4.51,1
3396,Kozah,Kara,2021,283738,89.31,5,13,108,454,78.08,371,87,315,29,1528,58,4.33,1
3397,Oti,Savanes,2022,123324,45.16,7,6,89,513,50.63,122,37,5740,122,1692,4,3.58,1
3398,Kpendjal,Savanes,2021,150806,55.68,2,91,233,269,51.18,252,63,3800,288,1627,33,4.59,1
3399,Kpélé,Plateaux,2020,81620,67.73,7,32,188,239,59.54,340,58,5049,21,55,42,3.66,1
3400,Danyi,Plateaux,2021,40240,46.14,18,22,50,598,72.08,398,64,1663,75,1097,70,3.86,1
3401,Tandjoaré,Savanes,2022,35537,46.44,26,29,266,195,51.59,110,68,4850,186,1230,29,2.92,1
3402,Mô,Centrale,2023,52448,71.99,3,22,41,215,53.52,340,114,2620,203,373,11,3.66,1
3403,Avé,Maritime,2020,111214,80.43,30,52,130,349,92.34,236,113,4526,122,556,68,4.02,1
3404,Haho,Plateaux,2020,305096,93.09,22,36,86,206,70.83,51,60,769,144,1618,49,2.87,0
3405,Tandjoaré,Savanes,2022,35537,89.68,27,62,143,287,91.42,228,87,5259,232,684,40,4.7,1
3406,Cinkassé,Savanes,2023,173987,90.87,8,73,273,342,54.48,177,30,209,110,1782,75,3.07,0
3407,Avé,Maritime,2021,111214,45.07,17,42,34,203,77.06,163,94,2943,294,473,71,3.35,1
3408,Golfe,Maritime,2021,1305681,79.17,15,77,218,156,65.09,279,39,1084,173,1422,13,3.98,0
3409,Kpendjal,Savanes,2022,150806,71.85,22,43,246,170,75.17,390,67,1451,126,1932,8,3.68,0
3410,Ogou,Plateaux,2022,253467,81.46,11,9,283,284,75.69,249,105,5776,223,540,22,3.03,1
3411,Amou,Plateaux,2022,110948,78.93,22,88,273,507,64.23,316,105,1584,87,39,57,3.42,1
3412,Tchaoudjo,Centrale,2023,240360,54.65,29,54,127,243,58.83,279,61,4770,95,1893,13,4.42,1
3413,Amou,Plateaux,2021,110948,81.55,29,6,215,571,96.32,330,117,2625,47,1962,53,2.5,1
3414,Est-Mono,Plateaux,2020,164460,77.09,27,90,259,143,78.12,60,109,1386,233,12,45,3.25,1
3415,Kloto,Plateaux,2023,145985,85.91,23,65,177,264,91.64,311,71,5161,1,1125,44,4.54,1
3416,Yoto,Maritime,2021,174451,81.69,3,96,186,166,59.41,357,24,4398,235,1562,77,3.06,1
3417,Haho,Plateaux,2021,305096,90.25,16,22,259,424,81.74,331,113,2702,270,25,52,4.28,1
3418,Kozah,Kara,2022,283738,75.08,6,13,105,462,77.64,376,22,2333,211,1330,25,3.98,0
3419,Zio,Maritime,2023,500032,94.34,8,97,245,108,64.34,257,68,3374,38,1478,16,4.43,0
3420,Dankpen,Kara,2020,184632,88.76,27,44,47,154,52.37,359,106,5958,61,1494,30,2.81,1
3421,Oti-Sud,Savanes,2021,150806,69.08,29,11,69,223,67.09,363,113,3086,121,1210,65,4.32,1
3422,Agou,Plateaux,2020,85793,71.62,12,21,135,140,76.91,257,57,3992,8,1333,64,4.04,0
3423,Bassar,Kara,2021,152038,40.27,16,49,82,400,94.52,261,114,3276,234,110,38,2.86,1
3424,Tandjoaré,Savanes,2022,35537,93.24,26,22,256,283,62.39,202,54,3828,29,361,71,3.3,0
3425,Bassar,Kara,2023,152038,45.64,29,39,92,358,90.93,334,88,2394,18,1577,76,3.31,1
3426,Oti,Savanes,2023,123324,52.4,17,12,204,194,57.98,99,97,5589,276,258,8,4.12,1
3427,Avé,Maritime,2023,111214,89.22,5,23,244,548,85.25,127,44,4096,99,1760,30,4.04,1
3428,Akébou,Plateaux,2021,73188,45.22,24,45,27,449,66.75,389,97,4299,236,1645,56,2.53,1
3429,Golfe,Maritime,2022,1305681,74.81,9,94,293,69,89.9,229,92,3501,132,1131,15,4.17,1
3430,Cinkassé,Savanes,2021,173987,86.66,3,19,90,348,85.33,319,82,2262,225,939,25,4.1,1
3431,Ogou,Plateaux,2021,253467,58.82,26,92,208,518,79.64,52,61,3951,150,1491,79,2.77,1
3432,Blitta,Centrale,2022,218753,75.3,29,42,179,263,87.01,81,74,3775,253,1347,25,3.7,0
3433,Bas-Mono,Maritime,2022,95380,59.66,22,23,197,312,72.88,151,47,4147,91,1417,78,3.52,1
3434,Sotouboua,Centrale,2023,141404,76.18,16,99,193,334,82.92,345,69,1682,44,758,78,3.53,0
3435,Lacs,Maritime,2022,241207,62.26,20,38,169,237,64.5,53,117,2148,238,1897,27,2.92,1
3436,Agoè-Nyivé,Maritime,2020,882695,50.96,20,34,66,245,94.96,101,117,4484,114,1856,33,3.61,1
3437,Wawa,Plateaux,2021,101300,88.65,12,16,168,405,52.45,147,84,5481,261,869,26,2.82,1
3438,Bassar,Kara,2021,152038,74.27,28,9,58,257,59.53,210,38,2280,212,1834,14,3.81,0
3439,Anié,Plateaux,2022,177188,43.91,11,36,200,378,73.66,244,119,262,297,1653,36,3.75,1
3440,Yoto,Maritime,2020,174451,49.57,19,89,286,253,61.23,368,34,3200,150,774,34,2.92,1
3441,Bas-Mono,Maritime,2023,95380,85.82,17,79,279,143,82.67,383,119,4517,84,562,41,4.77,1
3442,Binah,Kara,2022,84739,46.31,13,48,55,242,56.04,270,48,536,220,253,77,3.15,1
3443,Haho,Plateaux,2022,305096,52.6,10,20,139,346,50.07,310,114,1070,99,1851,66,3.36,1
3444,Dankpen,Kara,2021,184632,76.96,12,37,115,343,66.07,162,31,4456,125,867,79,3.35,1
3445,Binah,Kara,2023,84739,94.03,20,47,127,544,97.71,333,53,4083,250,834,55,4.34,1
3446,Bassar,Kara,2023,152038,69.84,21,31,87,542,96.77,388,44,3785,94,1054,19,2.97,0
3447,Mô,Centrale,2020,52448,47.25,20,90,170,178,86.48,305,107,2397,117,1878,9,3.41,1
3448,Wawa,Plateaux,2021,101300,41.16,13,25,28,110,53.7,187,31,805,32,547,13,4.63,1
3449,Agou,Plateaux,2020,85793,42.58,15,96,175,539,71.98,341,43,3192,143,1990,37,2.66,1
3450,Tchamba,Centrale,2021,200585,52.0,4,73,269,598,62.76,152,66,741,247,985,5,3.77,1
3451,Golfe,Maritime,2022,1305681,83.35,18,6,125,371,78.9,290,102,276,235,737,27,3.53,1
3452,Binah,Kara,2020,84739,50.31,23,51,269,548,60.47,239,75,1529,212,809,59,2.66,1
3453,Bassar,Kara,2023,152038,90.81,25,97,141,64,61.26,208,99,1903,10,1128,62,2.85,1
3454,Bassar,Kara,2021,152038,75.07,15,71,28,268,74.87,153,105,3121,16,1627,16,4.05,1
3455,Kpendjal,Savanes,2023,150806,80.01,20,46,250,442,74.71,244,70,3139,130,1409,66,4.39,0
3456,Mô,Centrale,2023,52448,89.84,25,20,259,264,68.37,209,71,3046,13,32,73,3.56,0
3457,Assoli,Kara,2021,66492,56.57,15,39,76,367,76.63,252,109,1255,196,1036,11,2.74,1
3458,Sotouboua,Centrale,2022,141404,50.61,11,12,145,435,66.02,241,117,4988,286,1610,41,3.08,1
3459,Bas-Mono,Maritime,2023,95380,90.56,10,38,107,366,88.28,225,111,1629,50,1919,40,3.95,1
3460,Kpendjal,Savanes,2022,150806,86.58,10,32,217,568,53.8,379,34,1797,127,333,12,4.04,0
3461,Wawa,Plateaux,2020,101300,94.44,25,19,292,525,73.28,355,42,287,213,1674,54,4.38,0
3462,Kpélé,Plateaux,2021,81620,85.6,19,68,116,553,58.36,307,51,4946,264,155,56,3.99,1
3463,Yoto,Maritime,2023,174451,49.99,27,51,297,208,66.0,294,46,1307,58,160,25,4.36,1
3464,Zio,Maritime,2022,500032,45.53,20,31,31,397,95.94,301,34,396,264,581,31,4.18,1
3465,Kpendjal-Ouest,Savanes,2022,120285,69.74,25,82,228,453,76.85,388,72,5260,72,1132,10,3.3,1
3466,Kpendjal-Ouest,Savanes,2021,120285,80.05,16,12,92,330,76.05,295,90,3595,230,466,78,3.53,1
3467,Cinkassé,Savanes,2021,173987,44.72,2,67,244,597,55.49,70,95,5669,58,1725,42,2.79,1
3468,Kozah,Kara,2022,283738,45.64,25,98,276,296,70.24,86,80,5141,140,958,67,3.49,1
3469,Yoto,Maritime,2022,174451,79.32,25,78,231,374,51.18,96,87,5255,268,1624,6,2.67,1
3470,Lacs,Maritime,2021,241207,83.57,12,73,263,424,52.9,128,74,1191,101,997,58,3.8,0
3471,Kéran,Kara,2022,123138,73.4,10,38,137,543,97.89,155,34,1705,18,1112,53,4.12,0
3472,Sotouboua,Centrale,2020,141404,57.29,15,99,189,333,66.88,366,104,2136,290,1328,77,3.56,1
3473,Oti,Savanes,2020,123324,69.63,16,9,273,233,84.29,135,39,2601,109,1250,75,3.77,0
3474,Ogou,Plateaux,2020,253467,73.07,15,91,281,68,83.47,144,52,1061,52,450,28,3.19,0
3475,Kpendjal-Ouest,Savanes,2023,120285,73.31,24,61,89,331,71.15,215,46,2048,2,1362,58,3.87,0
3476,Tandjoaré,Savanes,2022,35537,69.17,2,85,128,74,57.59,208,22,3474,254,608,53,4.53,0
3477,Tchamba,Centrale,2023,200585,76.83,27,45,108,350,91.48,185,97,3534,30,783,24,3.53,1
3478,Danyi,Plateaux,2023,40240,94.18,5,66,163,141,76.18,97,88,452,228,284,47,3.38,1
3479,Blitta,Centrale,2022,218753,56.29,27,7,250,468,73.01,125,24,3836,216,1467,68,3.04,1
3480,Wawa,Plateaux,2020,101300,70.37,19,34,281,382,60.71,246,68,5559,127,1900,3,4.51,1
3481,Oti,Savanes,2023,123324,61.46,12,13,259,289,56.64,266,114,4088,85,529,39,2.97,1
3482,Kéran,Kara,2023,123138,53.23,26,41,219,568,63.04,192,99,3534,177,559,43,3.11,1
3483,Doufelgou,Kara,2022,87588,76.87,22,94,37,202,84.26,377,67,3386,151,1855,58,3.79,0
3484,Zio,Maritime,2023,500032,69.67,21,59,97,428,65.93,106,102,2173,218,121,64,4.46,1
3485,Kpélé,Plateaux,2023,81620,88.64,17,30,40,503,77.92,64,117,2878,300,213,19,3.35,1
3486,Danyi,Plateaux,2021,40240,77.72,18,43,249,521,55.66,287,75,1847,183,1349,38,4.06,0
3487,Bassar,Kara,2020,152038,86.6,20,24,201,152,56.5,364,49,5287,112,528,44,2.67,1
3488,Assoli,Kara,2021,66492,50.32,4,99,20,201,53.17,395,104,4792,148,1793,39,2.81,1
3489,Wawa,Plateaux,2021,101300,86.57,23,45,108,64,81.57,372,29,1110,298,1962,59,3.25,0
3490,Bas-Mono,Maritime,2020,95380,81.88,21,46,161,386,51.81,358,112,797,76,1215,78,3.81,1
3491,Binah,Kara,2022,84739,57.95,27,71,139,138,76.35,181,68,3201,14,887,50,3.39,1
3492,Kpendjal,Savanes,2023,150806,54.44,11,59,278,129,62.75,199,110,1713,96,649,40,4.58,1
3493,Anié,Plateaux,2021,177188,77.12,16,73,129,395,96.92,282,105,2653,246,1204,34,3.64,1
3494,Kpendjal-Ouest,Savanes,2020,120285,53.98,2,5,218,255,96.4,186,64,1989,240,1772,71,3.67,1
3495,Anié,Plateaux,2020,177188,62.54,10,34,47,74,79.2,289,98,1140,287,173,40,2.69,1
3496,Kloto,Plateaux,2022,145985,43.22,28,34,288,95,70.81,314,66,1180,233,471,46,3.87,1
3497,Akébou,Plateaux,2023,73188,75.79,2,35,37,204,85.31,123,74,3653,194,687,55,3.53,0
3498,Wawa,Plateaux,2022,101300,77.02,29,9,224,178,51.84,207,60,3669,223,1445,15,4.55,0
3499,Golfe,Maritime,2023,1305681,51.76,10,97,167,531,66.26,68,22,4207,15,877,0,3.09,1
3500,Cinkassé,Savanes,2020,173987,41.96,20,6,181,141,88.77,154,40,5119,103,501,63,3.11,1
3501,Kéran,Kara,2022,123138,52.75,27,10,224,149,82.69,204,43,1192,99,463,48,4.55,1
3502,Bas-Mono,Maritime,2023,95380,47.01,26,99,137,401,77.46,267,90,4927,115,184,52,4.33,1
3503,Kozah,Kara,2023,283738,41.73,4,13,90,163,78.68,370,34,1324,173,938,43,3.76,1
3504,Ogou,Plateaux,2023,253467,51.74,8,80,174,108,97.66,266,89,2216,225,978,17,4.24,1
3505,Haho,Plateaux,2021,305096,45.96,12,23,185,481,51.45,126,58,2864,95,429,69,4.06,1
3506,Avé,Maritime,2023,111214,84.95,30,48,113,164,60.94,102,20,4659,244,1637,65,4.65,1
3507,Danyi,Plateaux,2020,40240,74.47,13,37,96,570,54.08,335,48,1559,193,15,37,3.98,0
3508,Tône,Savanes,2023,388775,66.46,26,15,175,163,85.54,265,114,1492,271,566,10,4.5,1
3509,Vo,Maritime,2022,224411,46.86,9,87,270,57,75.75,78,117,1962,104,1076,76,3.09,1
3510,Tchaoudjo,Centrale,2022,240360,41.99,28,89,61,307,50.04,373,69,5875,118,1361,12,3.68,1
3511,Tône,Savanes,2023,388775,83.18,29,57,45,314,74.26,69,25,2995,215,595,71,2.81,0
3512,Mô,Centrale,2021,52448,92.46,28,74,38,491,84.53,168,42,5992,83,560,45,2.6,1
3513,Akébou,Plateaux,2023,73188,76.4,13,51,172,178,91.97,231,115,575,217,948,37,4.77,1
3514,Doufelgou,Kara,2020,87588,44.03,22,53,278,555,72.18,164,70,1367,36,871,53,2.76,1
3515,Oti-Sud,Savanes,2020,150806,58.51,29,80,243,489,95.71,73,77,2604,98,701,51,4.48,1
3516,Kpendjal,Savanes,2021,150806,85.05,10,84,119,315,75.41,263,36,837,54,1850,11,3.2,0
3517,Anié,Plateaux,2021,177188,41.22,17,64,149,159,95.68,143,43,2952,242,1540,71,2.55,1
3518,Oti,Savanes,2021,123324,76.8,5,79,244,478,89.61,208,93,555,143,1796,33,4.07,1
3519,Lacs,Maritime,2021,241207,48.39,23,91,289,314,62.3,278,52,2213,268,413,13,2.8,1
3520,Vo,Maritime,2020,224411,86.03,20,82,172,325,94.08,284,24,3229,65,1590,55,4.27,0
3521,Yoto,Maritime,2022,174451,69.41,22,72,209,161,77.35,251,50,3247,62,910,51,2.68,0
3522,Avé,Maritime,2020,111214,60.69,11,42,109,146,87.81,369,38,1815,215,852,78,4.32,0
3523,Kozah,Kara,2020,283738,84.91,21,53,258,529,68.31,366,33,587,188,787,42,3.69,0
3524,Oti,Savanes,2020,123324,45.28,7,61,38,304,67.06,229,102,1792,63,1352,14,3.63,1
3525,Agoè-Nyivé,Maritime,2022,882695,73.93,18,83,180,223,74.55,71,87,2467,29,1926,58,3.47,1
3526,Kéran,Kara,2022,123138,62.47,13,14,128,553,79.54,75,21,5704,184,994,79,2.83,1
3527,Ogou,Plateaux,2022,253467,53.81,7,84,27,342,76.6,153,53,2657,9,364,11,4.02,1
3528,Kpélé,Plateaux,2020,81620,57.63,9,48,103,84,66.26,268,111,1076,249,1265,30,3.96,1
3529,Avé,Maritime,2023,111214,51.85,15,17,94,189,74.9,319,57,1262,39,206,11,4.34,1
3530,Kpendjal,Savanes,2020,150806,88.71,6,14,81,76,67.1,380,59,1060,277,810,52,3.68,0
3531,Tchamba,Centrale,2022,200585,67.48,10,70,98,296,80.72,142,68,624,135,5,50,2.53,0
3532,Assoli,Kara,2020,66492,76.37,18,52,250,452,87.83,388,57,5358,220,209,4,4.55,1
3533,Tchaoudjo,Centrale,2020,240360,83.86,3,24,112,183,56.49,55,95,885,283,1970,45,4.65,1
3534,Amou,Plateaux,2022,110948,94.76,27,90,67,238,87.19,173,100,5060,144,58,67,2.58,1
3535,Sotouboua,Centrale,2023,141404,43.65,9,100,275,173,94.91,152,82,229,267,590,3,4.09,1
3536,Binah,Kara,2022,84739,85.13,8,74,120,576,90.92,276,92,5085,264,1663,29,3.26,1
3537,Tône,Savanes,2021,388775,63.29,25,97,93,117,63.68,252,85,5957,60,1605,52,4.67,1
3538,Bassar,Kara,2023,152038,86.91,7,78,207,479,79.82,317,101,5618,106,129,32,2.87,1
3539,Yoto,Maritime,2021,174451,62.56,21,36,72,522,89.4,304,116,1650,17,1007,11,2.71,1
3540,Moyen-Mono,Plateaux,2023,90505,52.14,17,98,161,593,55.32,156,71,3834,191,171,63,3.91,1
3541,Zio,Maritime,2023,500032,65.23,28,26,237,500,75.03,386,95,1913,82,1577,35,4.75,1
3542,Kloto,Plateaux,2020,145985,83.83,30,21,182,518,52.74,263,75,313,220,797,41,2.64,0
3543,Tchamba,Centrale,2020,200585,86.11,11,54,53,445,95.43,380,21,2926,98,574,79,3.1,0
3544,Bas-Mono,Maritime,2023,95380,85.55,29,84,274,420,73.65,397,53,3079,101,1270,43,4.15,0
3545,Haho,Plateaux,2021,305096,87.0,17,77,194,554,78.99,214,86,5008,251,506,63,4.19,1
3546,Kéran,Kara,2023,123138,84.82,12,96,290,562,66.86,195,85,4598,283,431,71,3.08,1
3547,Avé,Maritime,2021,111214,81.05,12,53,57,434,60.35,135,62,5227,185,1386,43,4.17,1
3548,Tchaoudjo,Centrale,2023,240360,67.78,11,49,233,557,93.07,187,35,2438,277,662,31,3.21,0
3549,Sotouboua,Centrale,2022,141404,77.54,29,99,146,564,53.2,234,37,5922,31,955,11,3.37,1
3550,Tchaoudjo,Centrale,2022,240360,40.11,6,68,209,165,86.6,348,92,1755,99,1748,26,3.89,1
3551,Anié,Plateaux,2021,177188,93.75,30,56,58,167,89.61,366,67,1335,199,1235,15,4.18,0
3552,Akébou,Plateaux,2020,73188,43.7,17,55,76,115,73.89,162,45,3304,111,1901,33,2.78,1
3553,Binah,Kara,2020,84739,68.45,14,12,76,468,62.26,163,100,545,286,32,49,3.82,1
3554,Ogou,Plateaux,2021,253467,92.03,2,95,56,215,74.53,282,79,619,218,1847,40,3.34,0
3555,Mô,Centrale,2020,52448,72.69,30,76,30,286,57.45,228,111,5309,82,711,60,4.56,1
3556,Danyi,Plateaux,2021,40240,57.82,21,35,225,83,85.03,86,83,2920,217,1007,4,4.33,1
3557,Haho,Plateaux,2022,305096,76.57,17,76,109,278,88.19,194,108,5742,15,1527,8,4.38,1
3558,Kpendjal,Savanes,2023,150806,43.73,22,86,239,260,76.27,287,55,4932,283,817,49,2.91,1
3559,Mô,Centrale,2020,52448,82.68,25,12,185,69,84.48,357,56,1036,153,258,30,3.79,0
3560,Lacs,Maritime,2021,241207,46.81,12,49,22,468,87.75,280,44,2646,48,958,36,3.88,1
3561,Avé,Maritime,2023,111214,77.58,19,95,108,214,95.01,346,51,1112,171,1811,53,2.68,0
3562,Vo,Maritime,2020,224411,61.2,20,38,169,278,86.35,392,33,2538,193,690,59,2.56,0
3563,Wawa,Plateaux,2020,101300,72.79,20,59,206,200,97.29,276,103,2583,173,1004,26,3.15,1
3564,Vo,Maritime,2020,224411,78.7,11,42,104,182,80.9,59,65,1305,96,227,29,4.56,0
3565,Avé,Maritime,2023,111214,50.91,25,42,266,139,82.34,166,44,4957,54,1546,79,3.11,1
3566,Lacs,Maritime,2023,241207,93.91,3,15,89,106,87.62,246,27,1616,63,1789,27,4.44,0
3567,Vo,Maritime,2020,224411,81.5,13,95,142,203,96.16,390,88,1888,64,59,25,3.83,1
3568,Tône,Savanes,2022,388775,87.59,9,38,220,95,72.52,69,49,4898,61,1651,75,4.54,1
3569,Dankpen,Kara,2022,184632,68.06,24,92,213,145,93.82,115,97,5645,39,1127,67,4.25,1
3570,Moyen-Mono,Plateaux,2020,90505,47.0,9,77,205,87,74.98,246,23,5927,214,1504,56,3.43,1
3571,Moyen-Mono,Plateaux,2022,90505,55.94,2,90,236,60,73.11,176,37,5288,96,1426,70,3.38,1
3572,Vo,Maritime,2021,224411,54.85,10,98,131,275,58.3,140,36,2817,149,343,23,3.78,1
3573,Avé,Maritime,2021,111214,93.87,24,70,49,89,56.03,340,75,739,72,15,74,4.27,0
3574,Mô,Centrale,2022,52448,73.17,27,49,202,213,56.06,106,97,4270,201,41,20,2.98,1
3575,Oti-Sud,Savanes,2020,150806,57.41,8,64,143,83,73.99,349,44,3089,100,1896,24,4.61,1
3576,Kloto,Plateaux,2020,145985,69.7,10,76,200,115,52.5,88,23,3809,46,183,43,4.04,0
3577,Mô,Centrale,2023,52448,89.54,8,45,132,118,65.05,76,66,4237,122,1311,58,2.6,1
3578,Ogou,Plateaux,2022,253467,92.13,26,58,124,293,55.67,359,45,904,190,159,0,4.42,0
3579,Dankpen,Kara,2023,184632,81.81,16,16,296,554,89.53,359,43,2623,27,438,14,4.69,0
3580,Lacs,Maritime,2021,241207,83.57,15,70,165,326,76.87,208,51,3633,20,876,6,3.83,0
3581,Kpendjal,Savanes,2020,150806,63.53,27,83,122,471,97.56,265,47,4702,132,937,47,3.69,1
3582,Sotouboua,Centrale,2020,141404,61.31,4,11,288,400,61.26,270,86,4653,145,611,60,3.71,1
3583,Kpendjal-Ouest,Savanes,2022,120285,51.74,21,98,172,405,75.77,284,75,213,156,1073,67,2.62,1
3584,Kpendjal,Savanes,2023,150806,56.01,18,42,67,311,91.28,332,93,4269,146,1141,54,2.66,1
3585,Mô,Centrale,2020,52448,47.29,13,49,86,155,70.22,116,26,3905,3,1316,30,3.86,1
3586,Zio,Maritime,2023,500032,44.06,29,64,226,324,50.62,387,66,1480,278,139,2,2.84,1
3587,Kpendjal-Ouest,Savanes,2021,120285,57.26,19,58,66,166,72.25,366,104,3159,161,1253,7,4.63,1
3588,Tchaoudjo,Centrale,2021,240360,82.52,26,64,78,412,73.62,220,94,3594,152,290,49,2.93,1
3589,Tchaoudjo,Centrale,2021,240360,90.38,18,75,234,447,78.9,122,75,3977,198,1423,57,3.32,0
3590,Kozah,Kara,2022,283738,49.61,29,56,202,283,81.41,174,96,3942,104,1082,28,3.51,1
3591,Kpendjal,Savanes,2023,150806,87.44,29,51,27,243,66.97,191,102,4030,294,1818,34,3.27,1
3592,Kéran,Kara,2022,123138,48.1,21,45,219,238,72.88,213,50,702,20,968,35,2.83,1
3593,Avé,Maritime,2020,111214,57.14,30,16,72,496,52.19,191,24,5072,223,1670,14,2.58,1
3594,Binah,Kara,2021,84739,76.25,11,15,130,210,55.54,150,101,2525,230,864,60,3.58,1
3595,Tchamba,Centrale,2021,200585,84.95,9,50,95,239,68.56,116,89,4258,230,1826,49,2.5,1
3596,Bassar,Kara,2020,152038,75.41,16,59,270,421,73.83,202,48,5613,147,1112,9,2.97,1
3597,Danyi,Plateaux,2020,40240,52.84,7,80,217,245,88.57,207,98,3677,159,1664,71,2.91,1
3598,Kozah,Kara,2022,283738,71.57,21,50,291,481,64.52,121,27,3826,61,1579,26,3.4,0
3599,Tchaoudjo,Centrale,2021,240360,55.64,5,79,118,398,68.25,337,31,3080,60,163,31,4.79,1
3600,Yoto,Maritime,2022,174451,55.89,15,99,252,416,97.78,222,91,277,69,590,50,4.77,1
3601,Kpélé,Plateaux,2021,81620,72.21,10,82,61,481,58.33,150,51,5975,63,356,24,4.67,1
3602,Golfe,Maritime,2022,1305681,49.89,4,59,281,259,74.86,197,48,946,44,209,30,3.39,1
3603,Tandjoaré,Savanes,2022,35537,57.19,15,91,201,164,71.36,120,56,1786,196,608,56,2.57,1
3604,Kpendjal,Savanes,2020,150806,43.25,15,17,23,338,60.28,145,76,1290,42,980,73,3.52,1
3605,Ogou,Plateaux,2021,253467,76.52,29,39,261,580,53.53,181,116,965,142,496,32,2.5,1
3606,Bassar,Kara,2022,152038,70.99,13,99,268,195,85.89,69,64,2483,29,1849,26,4.54,0
3607,Cinkassé,Savanes,2023,173987,74.29,24,23,134,162,72.15,248,97,5152,138,351,70,3.01,1
3608,Blitta,Centrale,2022,218753,45.39,3,21,183,588,75.21,176,107,2102,21,1249,46,3.68,1
3609,Tchaoudjo,Centrale,2022,240360,45.95,18,18,102,334,86.43,334,83,4779,90,1865,1,3.12,1
3610,Oti-Sud,Savanes,2022,150806,66.99,10,36,286,143,76.25,352,114,2210,46,937,18,4.69,1
3611,Blitta,Centrale,2023,218753,78.71,10,22,150,94,96.42,185,49,5191,126,697,35,3.65,1
3612,Mô,Centrale,2021,52448,69.17,16,87,184,160,90.89,233,38,647,80,201,66,2.7,0
3613,Lacs,Maritime,2023,241207,58.74,2,33,70,391,81.06,220,40,3350,65,122,77,2.55,1
3614,Kloto,Plateaux,2023,145985,88.95,27,94,300,575,92.19,357,54,5651,230,1889,28,2.91,1
3615,Agou,Plateaux,2020,85793,94.18,17,47,73,78,66.26,369,56,2046,151,208,52,2.72,0
3616,Golfe,Maritime,2020,1305681,56.57,8,8,231,80,96.04,123,63,205,49,1718,9,3.03,1
3617,Bassar,Kara,2023,152038,50.73,10,63,107,521,81.51,156,68,5550,290,1691,70,4.7,1
3618,Yoto,Maritime,2021,174451,93.27,27,55,276,428,74.04,258,74,824,48,1507,56,4.64,0
3619,Sotouboua,Centrale,2021,141404,53.48,28,34,201,563,73.54,299,84,2808,262,232,6,4.29,1
3620,Yoto,Maritime,2022,174451,61.0,19,44,282,542,69.31,58,81,772,221,1740,45,4.77,1
3621,Bas-Mono,Maritime,2023,95380,68.29,3,13,64,446,57.88,122,106,3346,272,1496,47,3.41,1
3622,Kéran,Kara,2023,123138,89.94,8,33,230,587,81.29,227,85,5326,198,1701,17,2.61,1
3623,Est-Mono,Plateaux,2021,164460,86.76,12,60,71,396,80.61,352,65,2009,20,16,69,3.52,0
3624,Assoli,Kara,2021,66492,84.41,26,13,163,440,94.14,62,77,4957,300,143,55,2.58,1
3625,Avé,Maritime,2021,111214,45.53,6,57,252,61,89.42,287,75,366,125,741,64,4.41,1
3626,Wawa,Plateaux,2020,101300,53.52,4,62,258,419,81.86,277,119,1511,7,1259,22,2.6,1
3627,Tchamba,Centrale,2023,200585,70.29,24,41,191,353,88.68,210,110,5654,195,1031,54,3.11,1
3628,Haho,Plateaux,2023,305096,72.74,19,68,278,218,72.15,313,31,231,138,19,13,2.68,0
3629,Kéran,Kara,2020,123138,54.14,22,41,93,51,67.98,373,35,4887,280,628,33,3.48,1
3630,Wawa,Plateaux,2020,101300,79.52,28,96,188,446,84.8,178,79,4929,34,1909,2,4.69,1
3631,Yoto,Maritime,2021,174451,85.64,26,6,84,328,87.54,388,68,977,109,1610,31,4.33,0
3632,Zio,Maritime,2023,500032,45.04,10,32,136,554,85.76,89,54,2044,8,1571,44,2.89,1
3633,Bassar,Kara,2020,152038,55.54,6,8,293,497,68.46,250,99,2533,254,462,28,4.76,1
3634,Tône,Savanes,2021,388775,78.4,14,82,50,119,81.06,252,27,2955,259,277,11,3.08,0
3635,Bas-Mono,Maritime,2023,95380,90.59,8,67,215,76,94.0,333,111,1391,149,357,75,4.22,1
3636,Est-Mono,Plateaux,2020,164460,60.91,22,40,288,202,97.93,232,74,845,263,687,59,3.46,0
3637,Tône,Savanes,2021,388775,49.91,9,22,112,463,97.09,343,103,3622,261,1406,6,3.46,1
3638,Sotouboua,Centrale,2022,141404,93.08,22,28,217,475,50.48,50,74,4043,275,355,62,4.74,1
3639,Binah,Kara,2021,84739,83.32,25,37,34,136,78.69,307,86,3141,286,1429,80,4.6,1
3640,Est-Mono,Plateaux,2020,164460,79.89,25,84,237,165,70.27,224,120,4148,111,1324,71,2.78,1
3641,Agoè-Nyivé,Maritime,2023,882695,88.65,22,9,104,425,80.29,82,98,984,22,363,76,4.0,1
3642,Binah,Kara,2023,84739,90.21,14,100,37,329,58.8,371,74,3785,168,1404,63,3.49,0
3643,Zio,Maritime,2022,500032,91.45,13,79,30,584,61.25,395,74,964,300,1892,4,3.72,0
3644,Haho,Plateaux,2021,305096,73.64,12,33,146,234,55.73,82,81,646,274,431,0,3.86,1
3645,Bassar,Kara,2020,152038,88.14,25,8,203,514,53.2,248,54,4514,198,970,18,3.72,1
3646,Est-Mono,Plateaux,2021,164460,66.96,26,45,107,434,58.25,113,38,3752,107,1929,20,3.99,0
3647,Est-Mono,Plateaux,2021,164460,94.17,4,11,107,357,63.23,113,66,5240,96,1745,23,4.01,1
3648,Kéran,Kara,2022,123138,40.11,26,77,264,484,59.3,370,85,1089,166,1034,72,3.85,1
3649,Binah,Kara,2023,84739,62.42,7,48,25,490,52.88,107,32,4471,278,719,9,2.97,1
3650,Moyen-Mono,Plateaux,2020,90505,57.18,22,70,75,174,83.87,207,68,1178,46,559,59,2.55,1
3651,Moyen-Mono,Plateaux,2023,90505,56.51,10,45,192,556,58.25,73,96,697,268,1164,43,3.39,1
3652,Tchaoudjo,Centrale,2023,240360,41.08,21,89,280,171,84.67,350,47,1995,238,590,67,2.73,1
3653,Lacs,Maritime,2022,241207,66.59,18,47,298,283,72.84,213,31,607,221,882,0,4.71,0
3654,Danyi,Plateaux,2022,40240,81.26,19,8,195,470,71.22,336,80,3595,109,1034,17,4.6,0
3655,Kpendjal,Savanes,2020,150806,52.05,4,81,197,427,58.9,306,96,2686,168,673,15,2.81,1
3656,Anié,Plateaux,2021,177188,81.6,6,12,78,226,84.85,319,74,1122,110,517,59,2.72,0
3657,Mô,Centrale,2022,52448,62.86,17,86,118,530,56.02,93,90,837,70,1593,26,4.72,1
3658,Blitta,Centrale,2020,218753,81.23,19,30,27,497,56.64,226,74,1174,8,1066,74,2.81,0
3659,Amou,Plateaux,2020,110948,44.45,9,18,150,104,82.52,390,59,2585,23,1393,64,4.04,1
3660,Agoè-Nyivé,Maritime,2020,882695,80.86,5,57,27,531,94.71,278,78,3092,209,969,51,3.23,0
3661,Blitta,Centrale,2020,218753,56.6,6,35,277,231,51.1,59,66,4208,199,1794,66,2.77,1
3662,Agou,Plateaux,2022,85793,90.84,13,84,187,269,83.43,115,58,705,177,1728,12,3.21,0
3663,Blitta,Centrale,2023,218753,63.9,8,98,280,597,91.54,173,107,2307,63,1014,41,4.4,1
3664,Dankpen,Kara,2022,184632,86.1,20,38,236,491,60.16,58,89,3923,177,1678,20,3.26,1
3665,Anié,Plateaux,2021,177188,41.08,4,8,81,490,85.09,72,24,2918,147,1054,16,3.66,1
3666,Kpendjal,Savanes,2020,150806,64.72,25,49,129,470,69.09,61,52,3643,114,790,15,2.74,0
3667,Kpendjal,Savanes,2022,150806,61.33,25,62,122,50,68.21,209,91,5296,14,980,34,2.72,1
3668,Golfe,Maritime,2020,1305681,46.55,26,78,55,526,80.22,175,109,5779,154,140,68,4.35,1
3669,Agoè-Nyivé,Maritime,2023,882695,44.57,11,32,25,131,66.8,106,92,3430,251,69,30,3.88,1
3670,Ogou,Plateaux,2020,253467,44.21,23,78,185,128,77.2,365,80,1457,112,557,80,2.58,1
3671,Tchamba,Centrale,2021,200585,91.57,27,52,287,579,89.84,153,23,2473,77,53,65,2.83,0
3672,Kpélé,Plateaux,2020,81620,55.53,7,26,264,160,88.2,193,83,273,106,1397,72,3.71,1
3673,Doufelgou,Kara,2021,87588,88.28,11,70,29,540,51.35,369,120,2337,233,1671,78,3.05,1
3674,Agoè-Nyivé,Maritime,2022,882695,71.47,10,72,22,425,72.21,145,38,1655,62,393,58,4.2,0
3675,Tchaoudjo,Centrale,2021,240360,54.04,19,53,242,106,86.15,176,57,3567,261,1191,57,3.75,1
3676,Kpendjal-Ouest,Savanes,2020,120285,52.86,28,44,138,82,81.17,194,108,2576,144,72,49,2.87,1
3677,Agoè-Nyivé,Maritime,2023,882695,79.23,7,36,29,196,83.13,129,74,1876,113,451,74,4.57,0
3678,Agoè-Nyivé,Maritime,2023,882695,54.97,25,6,177,176,53.6,61,38,2378,184,674,11,3.44,1
3679,Kozah,Kara,2022,283738,70.82,19,94,65,184,86.92,95,44,5399,124,1015,74,3.02,1
3680,Kpendjal,Savanes,2023,150806,52.63,20,37,59,281,97.14,392,84,3042,238,407,25,3.33,1
3681,Binah,Kara,2021,84739,80.7,16,86,27,218,50.68,336,98,2599,230,1355,38,3.66,1
3682,Moyen-Mono,Plateaux,2022,90505,89.42,2,65,146,504,82.68,174,110,1629,12,1990,58,4.51,1
3683,Bas-Mono,Maritime,2020,95380,81.37,26,32,294,362,83.41,288,79,3312,37,763,77,3.3,0
3684,Dankpen,Kara,2022,184632,66.18,20,21,212,554,52.63,130,71,5755,216,1246,55,3.03,1
3685,Agou,Plateaux,2023,85793,88.56,26,81,259,386,91.74,257,80,4734,182,1561,47,3.36,1
3686,Haho,Plateaux,2023,305096,54.15,15,19,21,460,88.37,306,113,5576,240,1286,48,3.09,1
3687,Mô,Centrale,2020,52448,50.66,22,66,32,180,67.25,298,62,1049,82,821,65,3.28,1
3688,Zio,Maritime,2023,500032,51.58,9,66,189,465,64.62,355,101,2105,167,778,35,2.9,1
3689,Moyen-Mono,Plateaux,2023,90505,89.62,20,62,192,331,63.57,303,102,1920,180,1413,20,3.45,1
3690,Binah,Kara,2023,84739,70.21,23,51,165,196,96.69,202,77,217,257,1901,54,3.79,0
3691,Amou,Plateaux,2020,110948,86.12,30,40,109,542,53.78,141,59,3534,299,1476,63,4.24,0
3692,Oti,Savanes,2022,123324,43.18,2,93,215,473,59.89,169,28,5728,271,679,51,3.37,1
3693,Agou,Plateaux,2023,85793,62.45,13,82,268,188,91.15,95,23,2396,160,1271,53,2.95,0
3694,Sotouboua,Centrale,2021,141404,44.12,15,45,200,127,88.94,77,70,1424,172,1349,56,4.75,1
3695,Avé,Maritime,2020,111214,71.86,6,33,220,298,67.81,175,110,1168,3,309,39,3.64,1
3696,Assoli,Kara,2023,66492,81.37,28,40,89,139,85.84,50,82,3233,234,1627,35,3.07,1
3697,Cinkassé,Savanes,2020,173987,56.76,16,22,69,590,76.77,299,107,450,111,1786,33,3.8,1
3698,Kloto,Plateaux,2022,145985,59.64,26,73,50,87,91.06,372,63,660,184,1299,22,4.03,1
3699,Moyen-Mono,Plateaux,2020,90505,71.86,14,87,131,243,91.09,354,37,2343,112,1056,14,3.13,0
3700,Akébou,Plateaux,2022,73188,45.34,18,24,58,257,73.92,237,34,4343,156,918,62,3.37,1
3701,Haho,Plateaux,2022,305096,57.21,12,18,34,181,51.12,146,51,3157,102,1844,9,2.63,1
3702,Bassar,Kara,2023,152038,53.85,5,62,276,380,85.59,335,115,2598,243,1801,60,3.96,1
3703,Cinkassé,Savanes,2023,173987,45.36,22,45,135,177,53.59,142,76,5235,158,1439,80,3.39,1
3704,Bassar,Kara,2023,152038,94.05,7,100,287,268,84.46,187,77,4856,25,308,22,4.57,1
3705,Tandjoaré,Savanes,2021,35537,45.12,3,38,160,432,85.55,172,53,888,276,1969,49,2.95,1
3706,Kpendjal,Savanes,2020,150806,72.16,17,57,208,583,85.74,218,83,982,178,1213,30,3.21,1
3707,Lacs,Maritime,2020,241207,68.2,13,41,106,600,77.0,65,27,4717,217,632,75,2.53,1
3708,Assoli,Kara,2022,66492,78.5,26,43,288,311,94.92,159,31,675,199,1245,57,3.52,0
3709,Kéran,Kara,2023,123138,84.09,27,52,172,377,79.39,50,39,954,67,1581,30,2.82,0
3710,Binah,Kara,2020,84739,81.03,30,9,29,369,65.17,99,86,5338,148,495,78,3.68,1
3711,Tchamba,Centrale,2023,200585,79.94,17,59,253,295,67.54,133,55,4032,86,1423,43,4.13,1
3712,Haho,Plateaux,2022,305096,52.75,16,53,186,366,64.79,330,66,1578,72,84,78,3.72,1
3713,Akébou,Plateaux,2020,73188,47.07,12,33,248,136,74.14,98,94,1883,169,1966,66,4.36,1
3714,Binah,Kara,2023,84739,71.02,18,89,23,534,67.82,208,77,5835,123,1886,65,2.55,1
3715,Kpendjal,Savanes,2023,150806,65.16,9,9,32,375,61.83,199,28,5651,127,1955,47,3.74,1
3716,Wawa,Plateaux,2020,101300,91.7,19,32,129,107,59.54,60,109,4020,262,1292,19,3.95,1
3717,Kéran,Kara,2022,123138,48.56,2,31,87,203,63.4,54,49,2207,154,1526,42,3.48,1
3718,Avé,Maritime,2021,111214,56.57,18,85,73,212,58.19,83,120,2070,110,975,53,4.27,1
3719,Tandjoaré,Savanes,2020,35537,54.91,7,83,53,373,94.55,157,73,3953,122,811,40,4.54,1
3720,Yoto,Maritime,2020,174451,81.57,17,83,48,477,66.19,105,56,1848,237,518,45,2.96,0
3721,Oti-Sud,Savanes,2020,150806,51.85,24,31,94,510,65.69,289,115,258,149,26,31,4.72,1
3722,Kozah,Kara,2022,283738,55.16,28,16,41,248,80.15,236,39,877,106,1375,63,3.84,1
3723,Binah,Kara,2020,84739,93.97,7,22,245,96,61.25,394,86,936,198,1897,5,4.29,1
3724,Akébou,Plateaux,2023,73188,52.47,3,99,103,313,75.18,369,45,3210,277,1321,52,4.56,1
3725,Yoto,Maritime,2020,174451,63.14,14,95,264,577,53.56,247,27,3740,89,186,45,2.87,0
3726,Vo,Maritime,2021,224411,88.13,10,79,239,545,57.91,366,32,787,9,741,11,4.05,0
3727,Kpendjal-Ouest,Savanes,2023,120285,69.34,23,31,195,466,59.48,384,65,5429,79,1041,76,3.7,1
3728,Tchaoudjo,Centrale,2022,240360,54.67,13,42,49,110,53.06,337,35,5608,56,801,17,2.96,1
3729,Oti,Savanes,2021,123324,94.8,3,33,125,184,83.97,223,53,5786,236,933,41,2.93,1
3730,Yoto,Maritime,2022,174451,41.83,10,82,117,600,65.25,274,90,817,198,1515,69,4.17,1
3731,Cinkassé,Savanes,2022,173987,80.38,9,97,50,401,79.3,218,33,3024,212,27,8,4.11,0
3732,Mô,Centrale,2020,52448,68.17,14,7,137,571,52.58,319,67,2059,107,1360,59,3.99,0
3733,Agou,Plateaux,2020,85793,62.61,3,30,65,434,77.33,288,78,4880,28,682,66,3.39,1
3734,Avé,Maritime,2020,111214,67.24,18,53,46,370,56.71,77,119,1789,63,1759,55,4.53,1
3735,Kpendjal-Ouest,Savanes,2020,120285,91.85,3,20,227,292,59.6,371,92,2214,292,701,2,4.39,1
3736,Est-Mono,Plateaux,2021,164460,49.76,27,48,175,446,79.53,310,65,2931,225,1553,57,4.51,1
3737,Tchaoudjo,Centrale,2022,240360,66.74,30,95,58,480,65.24,295,47,3541,155,1201,16,3.34,0
3738,Tchamba,Centrale,2020,200585,77.86,11,52,203,584,93.83,290,39,1708,154,66,79,3.41,0
3739,Tandjoaré,Savanes,2022,35537,75.99,9,22,124,315,94.55,282,103,5103,78,1448,65,3.66,1
3740,Kpélé,Plateaux,2021,81620,79.52,17,24,269,512,92.94,168,53,4981,206,1674,34,3.53,1
3741,Haho,Plateaux,2020,305096,92.51,28,13,238,334,75.88,71,75,4518,291,1290,43,3.81,1
3742,Kéran,Kara,2022,123138,51.81,29,75,126,76,70.38,122,47,1882,51,1495,16,4.64,1
3743,Agou,Plateaux,2023,85793,53.61,18,74,63,567,73.87,382,33,5468,204,353,47,4.3,1
3744,Sotouboua,Centrale,2020,141404,57.77,25,49,132,158,81.16,177,83,3013,117,670,16,4.45,1
3745,Doufelgou,Kara,2023,87588,53.42,18,29,133,69,51.13,78,53,3455,13,1621,18,2.84,1
3746,Anié,Plateaux,2020,177188,70.33,21,45,30,274,55.63,210,57,2162,244,727,75,2.8,0
3747,Agou,Plateaux,2021,85793,42.67,18,77,88,249,88.17,143,55,3944,257,1643,69,3.3,1
3748,Sotouboua,Centrale,2021,141404,74.16,21,68,119,443,62.29,295,29,1683,114,372,69,4.29,0
3749,Ogou,Plateaux,2021,253467,59.01,28,61,86,275,69.9,349,105,3018,93,769,54,3.46,1
3750,Yoto,Maritime,2021,174451,90.25,11,58,296,315,91.52,53,80,2902,259,1255,58,4.09,0
3751,Golfe,Maritime,2020,1305681,55.81,26,19,264,495,68.55,393,60,4709,180,606,1,3.18,1
3752,Tchaoudjo,Centrale,2023,240360,84.16,24,55,67,173,81.43,381,101,4136,127,1631,37,2.84,1
3753,Sotouboua,Centrale,2020,141404,90.89,24,35,44,110,55.11,87,56,1467,94,668,15,2.59,0
3754,Agou,Plateaux,2020,85793,70.37,17,37,163,228,85.22,243,119,1510,157,1313,12,4.1,1
3755,Tchamba,Centrale,2020,200585,89.21,17,34,240,240,50.43,345,108,837,199,386,6,2.99,1
3756,Agou,Plateaux,2022,85793,54.52,13,27,206,53,51.21,256,107,1308,292,967,69,4.58,1
3757,Lacs,Maritime,2020,241207,72.15,7,23,175,530,85.61,158,47,5080,249,1523,47,4.33,1
3758,Tandjoaré,Savanes,2022,35537,75.43,25,93,143,86,50.44,63,49,1101,38,1645,4,4.77,0
3759,Akébou,Plateaux,2022,73188,59.45,20,61,296,512,53.13,398,49,409,129,10,61,3.77,1
3760,Kpendjal-Ouest,Savanes,2023,120285,66.89,14,41,178,74,86.78,251,80,3193,223,1181,68,4.51,0
3761,Kozah,Kara,2023,283738,58.38,9,35,212,73,81.22,356,111,3045,258,229,27,4.24,1
3762,Tône,Savanes,2021,388775,41.78,6,73,163,89,68.99,218,104,2529,125,1655,44,3.97,1
3763,Kloto,Plateaux,2020,145985,51.65,10,7,83,306,57.66,233,35,1766,251,232,75,4.31,1
3764,Vo,Maritime,2022,224411,67.2,10,84,145,334,95.42,153,49,3709,293,89,56,3.52,0
3765,Assoli,Kara,2020,66492,83.97,22,45,160,221,58.77,183,112,5365,51,247,1,2.94,1
3766,Oti,Savanes,2023,123324,72.52,26,37,125,501,88.82,121,111,1762,278,1843,76,3.6,1
3767,Bassar,Kara,2023,152038,40.92,15,83,196,514,68.42,379,37,3349,83,1019,62,3.45,1
3768,Bas-Mono,Maritime,2022,95380,94.13,14,22,243,440,65.84,210,59,967,286,1976,9,3.83,0
3769,Bassar,Kara,2021,152038,65.38,21,49,137,213,56.91,257,51,3818,188,1870,4,2.8,0
3770,Amou,Plateaux,2021,110948,45.62,5,40,195,320,85.78,93,79,1619,193,1909,44,3.79,1
3771,Tandjoaré,Savanes,2022,35537,69.4,15,50,52,555,94.16,157,87,4792,110,1347,26,3.99,1
3772,Haho,Plateaux,2023,305096,92.24,25,51,176,534,81.17,245,25,746,42,555,59,4.78,0
3773,Kpendjal,Savanes,2023,150806,70.76,24,28,46,145,79.29,91,28,3858,204,480,17,4.51,0
3774,Assoli,Kara,2021,66492,61.31,14,62,28,206,53.31,323,104,609,280,499,18,3.69,1
3775,Amou,Plateaux,2022,110948,45.75,14,38,187,410,76.36,194,35,4310,41,824,44,3.27,1
3776,Haho,Plateaux,2023,305096,89.48,16,89,225,475,56.9,258,31,3231,258,1352,65,3.42,0
3777,Agoè-Nyivé,Maritime,2021,882695,45.88,16,35,271,481,92.87,118,73,1788,177,1038,14,4.06,1
3778,Vo,Maritime,2023,224411,49.79,6,17,86,239,67.11,83,89,3456,186,36,14,2.55,1
3779,Zio,Maritime,2023,500032,93.58,23,9,201,75,96.38,100,110,4376,200,1906,29,4.17,1
3780,Danyi,Plateaux,2023,40240,58.01,24,9,144,308,74.74,63,78,5747,11,1220,17,2.71,1
3781,Kpélé,Plateaux,2022,81620,72.02,28,56,49,252,67.22,124,42,3274,111,667,11,4.75,0
3782,Kozah,Kara,2023,283738,46.92,17,5,37,333,85.82,202,56,886,139,266,30,4.01,1
3783,Haho,Plateaux,2022,305096,74.37,27,39,37,277,79.24,358,89,748,217,43,58,3.33,1
3784,Oti-Sud,Savanes,2023,150806,63.46,10,56,139,148,83.84,102,115,1205,169,1340,73,4.03,1
3785,Tône,Savanes,2022,388775,66.88,15,98,78,155,82.38,294,107,1736,28,456,75,4.16,1
3786,Dankpen,Kara,2023,184632,60.52,25,20,260,215,79.77,393,28,5489,7,1058,26,4.59,1
3787,Oti,Savanes,2021,123324,60.05,18,8,256,519,50.18,165,97,988,120,1053,49,3.05,1
3788,Tchamba,Centrale,2023,200585,54.19,30,11,158,443,92.07,222,52,2664,54,345,60,4.54,1
3789,Wawa,Plateaux,2020,101300,47.37,22,21,82,156,63.77,255,58,2063,296,449,72,3.1,1
3790,Tchamba,Centrale,2023,200585,86.4,25,30,34,362,94.19,373,99,1193,179,922,61,4.21,1
3791,Oti-Sud,Savanes,2022,150806,90.0,23,81,207,306,63.97,124,32,3267,133,178,27,3.75,0
3792,Bassar,Kara,2022,152038,72.37,21,97,194,397,97.97,220,102,3230,179,13,55,4.74,1
3793,Tchaoudjo,Centrale,2023,240360,55.01,7,79,36,90,53.16,210,117,921,12,1411,54,4.56,1
3794,Est-Mono,Plateaux,2023,164460,88.32,23,10,250,445,59.44,244,28,201,57,1425,10,4.2,0
3795,Tchaoudjo,Centrale,2023,240360,53.77,16,54,147,519,84.02,338,79,5623,127,1765,20,3.19,1
3796,Tône,Savanes,2020,388775,83.98,30,41,60,155,51.44,133,91,745,103,1781,23,3.96,1
3797,Tchamba,Centrale,2023,200585,55.84,26,54,255,520,85.04,66,27,5498,144,1915,61,4.47,1
3798,Tchaoudjo,Centrale,2021,240360,78.37,13,92,224,330,79.92,362,39,1488,114,1037,25,4.79,0
3799,Avé,Maritime,2021,111214,69.92,24,76,43,412,95.38,77,43,2726,17,79,68,3.83,0
3800,Amou,Plateaux,2022,110948,46.91,27,66,170,568,91.74,164,61,3731,214,184,57,2.69,1
3801,Tchamba,Centrale,2020,200585,85.39,23,87,225,97,86.46,284,47,5959,251,1685,7,4.12,1
3802,Sotouboua,Centrale,2023,141404,68.16,19,70,280,485,53.42,228,87,1750,224,888,34,3.7,1
3803,Tône,Savanes,2023,388775,77.39,29,87,291,341,59.62,50,29,5508,270,1098,67,4.5,1
3804,Tône,Savanes,2022,388775,58.66,8,24,248,293,84.87,383,45,1962,87,780,0,4.51,1
3805,Zio,Maritime,2020,500032,94.91,27,88,166,473,82.73,345,42,2117,12,1201,46,4.46,0
3806,Bassar,Kara,2020,152038,69.73,22,85,259,413,91.65,378,64,326,85,1798,47,4.16,0
3807,Avé,Maritime,2023,111214,63.85,28,60,42,474,58.66,196,107,4643,75,596,3,2.57,1
3808,Moyen-Mono,Plateaux,2022,90505,66.65,26,91,210,281,78.32,180,115,4867,141,792,4,2.64,1
3809,Assoli,Kara,2020,66492,76.18,2,20,248,228,89.33,305,83,5752,198,1771,11,3.82,1
3810,Haho,Plateaux,2022,305096,88.76,30,67,47,371,96.28,61,57,5981,267,1038,26,4.4,1
3811,Bassar,Kara,2022,152038,68.38,20,45,196,118,95.93,331,59,3979,112,276,65,4.73,0
3812,Avé,Maritime,2022,111214,93.26,24,19,131,96,71.1,204,70,2564,123,1347,18,3.71,0
3813,Oti,Savanes,2021,123324,52.76,22,48,137,219,96.78,349,66,5457,43,1251,60,4.42,1
3814,Kpélé,Plateaux,2020,81620,61.55,28,41,252,357,79.05,55,108,664,255,1976,14,3.39,1
3815,Wawa,Plateaux,2020,101300,80.84,30,34,271,239,52.98,197,50,2702,262,1908,22,3.13,0
3816,Kpélé,Plateaux,2020,81620,54.46,12,67,182,153,96.32,263,52,3748,101,1319,53,4.34,1
3817,Kpendjal-Ouest,Savanes,2023,120285,71.88,20,90,68,348,77.1,326,67,2251,45,1432,75,3.37,0
3818,Blitta,Centrale,2021,218753,83.45,2,85,236,376,68.99,337,33,3708,112,1895,56,4.75,0
3819,Blitta,Centrale,2021,218753,82.27,22,74,97,164,78.46,290,105,3926,73,698,73,3.43,1
3820,Bas-Mono,Maritime,2022,95380,70.75,18,78,111,548,77.73,205,39,3119,242,247,40,3.55,0
3821,Tône,Savanes,2021,388775,72.17,9,27,165,342,62.04,227,99,525,51,1065,5,3.63,1
3822,Anié,Plateaux,2020,177188,66.63,20,69,101,510,85.25,187,87,3526,137,1999,64,4.72,1
3823,Haho,Plateaux,2021,305096,40.49,4,60,283,330,87.62,111,62,4440,163,151,49,4.34,1
3824,Blitta,Centrale,2020,218753,66.05,25,19,105,569,58.05,83,108,4305,122,1695,30,2.75,1
3825,Assoli,Kara,2020,66492,81.72,25,90,207,270,73.26,123,39,5900,0,1493,25,4.04,1
3826,Kpendjal,Savanes,2021,150806,66.21,23,35,283,238,83.97,50,82,1935,1,1064,10,2.77,1
3827,Kéran,Kara,2022,123138,55.52,23,16,100,222,67.08,184,31,1643,13,1147,55,4.09,1
3828,Wawa,Plateaux,2020,101300,64.33,28,27,259,584,88.76,262,89,3039,118,695,49,4.62,1
3829,Amou,Plateaux,2021,110948,72.16,21,30,270,597,71.36,325,116,5049,176,563,30,4.36,1
3830,Kozah,Kara,2022,283738,61.16,28,24,272,174,78.16,195,71,887,146,43,63,4.09,0
3831,Oti-Sud,Savanes,2020,150806,47.96,21,31,280,68,83.87,210,69,4422,189,1108,33,4.29,1
3832,Doufelgou,Kara,2021,87588,41.6,7,53,241,545,52.1,163,36,1430,30,624,72,3.5,1
3833,Avé,Maritime,2022,111214,58.56,24,9,230,122,66.66,85,44,4988,52,950,5,3.34,1
3834,Haho,Plateaux,2023,305096,53.21,19,24,158,585,60.65,191,82,1425,24,868,17,4.38,1
3835,Est-Mono,Plateaux,2020,164460,52.84,19,36,127,560,55.87,163,66,4628,27,1931,13,3.99,1
3836,Bassar,Kara,2022,152038,85.74,21,33,221,355,91.45,90,40,4642,179,553,21,4.64,1
3837,Ogou,Plateaux,2023,253467,92.78,26,60,214,124,73.74,127,27,5784,32,1331,5,3.55,1
3838,Doufelgou,Kara,2023,87588,61.32,20,63,156,472,78.87,333,35,4864,175,450,80,4.62,1
3839,Binah,Kara,2023,84739,81.49,14,94,23,324,72.76,148,35,3578,123,1837,32,4.38,0
3840,Mô,Centrale,2020,52448,87.42,20,16,32,491,57.78,377,80,1323,68,1204,68,3.42,0
3841,Oti,Savanes,2023,123324,66.02,13,46,188,103,56.68,62,61,1788,35,608,70,3.27,0
3842,Tône,Savanes,2021,388775,47.97,13,73,176,73,89.48,188,35,3189,263,1138,76,2.68,1
3843,Blitta,Centrale,2021,218753,66.4,11,55,27,298,55.05,105,73,5092,289,1794,69,2.54,1
3844,Kpendjal,Savanes,2023,150806,58.32,4,56,169,506,61.02,254,78,4684,53,504,2,3.74,1
3845,Kpélé,Plateaux,2022,81620,52.88,20,90,109,516,90.37,202,55,4353,3,1739,69,3.53,1
3846,Dankpen,Kara,2023,184632,49.57,28,7,71,207,74.88,217,43,2621,234,331,36,4.77,1
3847,Oti-Sud,Savanes,2021,150806,44.96,13,61,149,399,86.02,177,57,4753,274,359,63,4.04,1
3848,Bassar,Kara,2022,152038,54.04,19,94,70,386,95.63,385,79,3010,62,510,24,3.73,1
3849,Kozah,Kara,2021,283738,64.57,5,59,69,331,62.0,393,108,2191,208,8,38,3.52,1
3850,Kozah,Kara,2022,283738,66.68,21,77,240,128,68.6,380,63,5601,22,271,42,3.54,1
3851,Golfe,Maritime,2022,1305681,87.43,19,17,129,59,97.46,138,66,3226,84,569,72,2.57,0
3852,Avé,Maritime,2020,111214,65.53,5,66,117,340,82.01,195,58,5106,188,427,58,3.02,1
3853,Anié,Plateaux,2021,177188,46.05,9,14,252,244,53.09,386,26,263,233,149,64,3.02,1
3854,Zio,Maritime,2020,500032,88.04,13,5,121,207,88.86,270,48,1871,107,1753,25,4.64,0
3855,Yoto,Maritime,2020,174451,49.11,5,18,128,271,94.94,383,98,5167,277,1014,70,4.75,1
3856,Kloto,Plateaux,2023,145985,60.53,6,9,241,572,65.11,140,93,3588,203,978,58,4.27,1
3857,Tchamba,Centrale,2021,200585,79.79,26,27,25,152,55.97,58,21,1040,219,1210,78,2.87,0
3858,Oti,Savanes,2023,123324,56.89,11,11,139,473,80.54,198,107,2906,200,1830,72,2.7,1
3859,Tchaoudjo,Centrale,2020,240360,88.44,8,41,236,482,86.33,386,74,2236,227,1566,47,3.18,0
3860,Zio,Maritime,2020,500032,57.41,14,44,215,379,84.63,231,33,5774,32,844,10,2.93,1
3861,Akébou,Plateaux,2022,73188,70.99,14,27,247,371,66.13,331,75,2701,210,1991,48,3.12,0
3862,Bassar,Kara,2023,152038,92.03,2,24,225,68,84.26,243,81,1789,268,108,79,4.54,1
3863,Zio,Maritime,2020,500032,91.32,8,6,159,74,51.4,392,74,4172,138,1787,56,2.87,1
3864,Avé,Maritime,2023,111214,73.26,7,11,125,598,58.1,265,105,1095,18,1544,7,2.57,1
3865,Haho,Plateaux,2020,305096,50.46,17,75,166,135,72.19,91,46,1756,292,1158,33,4.74,1
3866,Bas-Mono,Maritime,2020,95380,53.63,18,20,54,447,71.91,183,31,5515,30,1180,49,3.58,1
3867,Agoè-Nyivé,Maritime,2020,882695,76.06,2,19,187,536,80.21,247,43,2109,254,1949,44,3.89,0
3868,Est-Mono,Plateaux,2020,164460,92.3,17,70,181,348,68.25,52,55,2968,160,553,56,3.41,0
3869,Mô,Centrale,2020,52448,49.49,7,12,59,413,79.06,349,57,3015,130,155,56,4.26,1
3870,Cinkassé,Savanes,2020,173987,66.94,22,46,36,314,89.34,398,20,5480,267,1540,73,2.84,1
3871,Golfe,Maritime,2020,1305681,85.86,13,100,146,588,51.62,270,80,3654,61,187,51,3.41,0
3872,Dankpen,Kara,2023,184632,80.71,27,85,22,261,82.94,253,117,3137,89,49,32,4.26,1
3873,Golfe,Maritime,2022,1305681,45.97,15,15,179,390,86.07,146,40,1114,114,31,58,3.79,1
3874,Kloto,Plateaux,2020,145985,73.27,30,25,90,552,95.39,208,33,1796,84,1297,71,4.13,0
3875,Kpélé,Plateaux,2021,81620,44.1,25,5,292,374,77.73,82,54,5891,59,893,32,4.7,1
3876,Golfe,Maritime,2022,1305681,64.93,4,40,60,390,71.88,382,103,738,151,1341,28,4.23,1
3877,Amou,Plateaux,2022,110948,79.17,11,88,87,498,75.7,182,68,3015,112,874,78,2.81,0
3878,Assoli,Kara,2020,66492,70.74,6,15,161,65,61.89,254,59,3155,197,730,9,2.96,0
3879,Assoli,Kara,2021,66492,58.69,22,84,26,538,77.59,293,102,3913,77,607,20,3.55,1
3880,Kpendjal-Ouest,Savanes,2023,120285,58.81,3,46,290,404,84.19,143,47,884,266,637,59,4.13,1
3881,Kéran,Kara,2023,123138,59.04,14,38,105,311,89.81,129,37,4629,107,49,32,3.6,1
3882,Tône,Savanes,2020,388775,87.55,18,96,229,280,63.44,196,46,3973,26,648,2,3.84,0
3883,Kpendjal,Savanes,2021,150806,48.69,6,79,283,344,91.33,78,75,1902,85,934,40,2.59,1
3884,Kpélé,Plateaux,2023,81620,71.72,13,87,229,533,89.79,64,115,1811,201,1891,15,2.61,1
3885,Golfe,Maritime,2020,1305681,58.15,3,48,141,126,96.06,137,101,2683,215,1270,41,3.89,1
3886,Oti,Savanes,2022,123324,46.23,15,94,79,359,94.61,324,102,3170,1,1167,75,4.25,1
3887,Kpélé,Plateaux,2023,81620,69.66,6,24,182,494,95.39,127,31,2258,136,115,72,3.88,0
3888,Agoè-Nyivé,Maritime,2022,882695,50.79,18,10,227,218,61.08,286,34,3648,48,598,32,3.15,1
3889,Oti,Savanes,2020,123324,80.4,30,44,123,544,68.08,193,60,2636,206,58,49,2.58,0
3890,Kpélé,Plateaux,2021,81620,42.65,12,37,239,591,69.78,166,108,653,32,577,19,4.63,1
3891,Bassar,Kara,2020,152038,44.31,5,43,207,455,74.55,135,113,797,70,1218,25,4.16,1
3892,Dankpen,Kara,2020,184632,70.36,20,76,79,441,78.6,158,72,5143,209,899,76,3.47,1
3893,Anié,Plateaux,2021,177188,68.57,9,20,103,493,80.71,133,41,5315,166,1900,42,2.65,1
3894,Bas-Mono,Maritime,2020,95380,48.25,16,9,255,207,58.43,335,117,1472,300,1029,13,4.28,1
3895,Agoè-Nyivé,Maritime,2022,882695,94.29,11,90,25,515,59.96,345,20,2786,251,1342,58,2.68,0
3896,Kozah,Kara,2021,283738,55.52,23,30,134,382,62.49,381,104,749,231,1218,36,2.94,1
3897,Kpélé,Plateaux,2021,81620,68.84,25,59,285,560,80.12,278,28,3337,188,1410,48,4.07,0
3898,Est-Mono,Plateaux,2020,164460,87.44,17,8,49,476,85.03,252,64,3110,25,1979,72,4.47,0
3899,Moyen-Mono,Plateaux,2020,90505,92.89,10,12,67,124,74.18,148,94,5954,19,1249,16,3.56,1
3900,Oti,Savanes,2020,123324,61.67,13,5,140,367,87.84,359,41,2540,96,346,77,4.67,0
3901,Kpélé,Plateaux,2022,81620,73.76,22,49,276,164,52.27,144,51,4401,76,946,40,3.07,1
3902,Tandjoaré,Savanes,2020,35537,45.13,16,62,50,519,56.38,383,57,2773,90,1241,50,2.98,1
3903,Blitta,Centrale,2022,218753,84.08,18,17,271,113,68.32,126,30,679,219,1212,43,3.55,0
3904,Haho,Plateaux,2022,305096,67.49,21,49,91,351,76.02,396,79,3030,92,832,33,3.51,0
3905,Est-Mono,Plateaux,2020,164460,83.93,3,11,267,524,84.83,374,107,2375,215,644,78,3.25,1
3906,Blitta,Centrale,2022,218753,42.98,5,77,256,169,57.03,212,41,4368,46,1651,72,4.11,1
3907,Avé,Maritime,2022,111214,71.05,16,42,123,393,93.86,387,108,3131,26,441,30,2.61,1
3908,Sotouboua,Centrale,2021,141404,82.62,27,30,267,86,91.49,349,85,5395,131,55,45,3.47,1
3909,Doufelgou,Kara,2022,87588,80.96,14,41,276,208,60.19,251,92,796,198,0,13,2.92,1
3910,Anié,Plateaux,2023,177188,70.61,13,80,267,113,66.96,235,112,3918,72,1545,25,4.36,1
3911,Est-Mono,Plateaux,2020,164460,60.9,24,32,84,191,70.68,346,63,3419,198,1728,75,2.56,0
3912,Mô,Centrale,2023,52448,94.54,27,50,190,313,51.48,109,119,5196,48,1579,65,3.58,1
3913,Binah,Kara,2020,84739,53.22,16,9,292,401,56.01,361,120,487,189,806,62,3.91,1
3914,Bassar,Kara,2023,152038,86.86,3,39,111,558,69.57,241,114,5052,190,266,12,4.62,1
3915,Oti,Savanes,2022,123324,51.02,12,72,142,311,50.22,251,60,534,161,536,37,2.56,1
3916,Avé,Maritime,2022,111214,70.53,7,98,168,260,78.11,150,66,5324,134,1136,9,4.06,1
3917,Golfe,Maritime,2020,1305681,49.47,27,84,157,388,57.97,114,117,1141,177,1381,57,2.98,1
3918,Sotouboua,Centrale,2022,141404,64.81,4,77,124,75,87.66,160,89,3264,173,273,23,4.45,1
3919,Tchamba,Centrale,2023,200585,48.4,8,60,152,180,66.58,392,66,3934,64,1083,49,2.99,1
3920,Moyen-Mono,Plateaux,2021,90505,64.79,24,48,258,328,77.95,371,114,1641,191,425,59,3.59,1
3921,Moyen-Mono,Plateaux,2020,90505,65.48,27,63,224,542,66.1,88,53,4265,295,733,38,4.8,1
3922,Danyi,Plateaux,2023,40240,72.83,24,11,32,190,51.73,272,27,940,253,459,42,3.8,0
3923,Tandjoaré,Savanes,2022,35537,76.83,2,97,227,55,94.3,51,101,4234,170,1612,23,4.21,1
3924,Kéran,Kara,2022,123138,45.51,26,79,38,274,52.26,327,50,5518,46,309,75,4.57,1
3925,Golfe,Maritime,2022,1305681,41.75,27,18,235,435,91.17,213,37,2934,216,704,31,4.41,1
3926,Tchamba,Centrale,2021,200585,64.66,5,41,261,342,73.46,146,108,5878,213,180,58,3.98,1
3927,Dankpen,Kara,2022,184632,92.71,19,64,164,405,63.24,172,37,400,75,1964,5,4.54,0
3928,Kpendjal,Savanes,2020,150806,78.56,14,28,281,235,94.24,375,35,2045,152,76,52,3.79,0
3929,Kpendjal-Ouest,Savanes,2020,120285,72.42,23,99,286,69,76.54,180,20,4273,237,1618,28,2.62,1
3930,Anié,Plateaux,2022,177188,46.43,16,67,161,492,88.85,137,101,1799,136,1083,20,3.56,1
3931,Oti-Sud,Savanes,2021,150806,94.47,9,31,126,351,68.78,310,27,5496,254,1678,52,3.19,1
3932,Vo,Maritime,2023,224411,77.37,7,24,214,63,67.05,214,48,4880,185,1904,33,3.35,1
3933,Zio,Maritime,2023,500032,43.92,7,29,128,168,58.46,294,63,3274,53,1727,10,2.83,1
3934,Tandjoaré,Savanes,2021,35537,51.75,16,19,81,228,55.29,390,54,5705,68,482,14,2.91,1
3935,Haho,Plateaux,2021,305096,48.86,9,66,20,350,50.47,225,68,5421,186,1589,79,4.75,1
3936,Cinkassé,Savanes,2023,173987,83.38,29,84,122,428,95.54,356,54,3288,65,1482,50,2.66,0
3937,Mô,Centrale,2021,52448,89.6,25,54,23,488,53.33,54,55,2569,22,1404,70,3.88,0
3938,Akébou,Plateaux,2020,73188,82.32,15,52,199,324,91.36,146,78,1733,24,483,55,3.38,0
3939,Kozah,Kara,2020,283738,42.56,16,72,257,427,89.88,336,90,1736,3,638,7,2.82,1
3940,Kpélé,Plateaux,2022,81620,60.69,12,73,83,441,88.89,230,81,403,120,1446,24,2.87,1
3941,Kpendjal,Savanes,2020,150806,59.14,26,90,73,433,59.76,256,41,3545,131,861,79,3.34,1
3942,Kéran,Kara,2021,123138,84.77,7,16,143,516,81.93,73,67,3370,87,787,45,3.45,0
3943,Tchaoudjo,Centrale,2021,240360,91.84,10,89,67,290,56.28,63,41,5013,59,1330,60,4.06,1
3944,Doufelgou,Kara,2022,87588,59.23,4,62,79,319,59.02,249,61,3973,226,1207,78,3.56,1
3945,Tchamba,Centrale,2021,200585,62.46,19,22,264,70,91.23,127,41,5876,3,973,29,4.02,1
3946,Bas-Mono,Maritime,2020,95380,63.66,29,78,215,71,85.09,54,25,3622,283,791,52,3.07,0
3947,Akébou,Plateaux,2020,73188,43.84,5,32,162,101,69.01,393,112,5574,89,1894,17,4.64,1
3948,Kozah,Kara,2022,283738,71.24,5,78,43,115,62.79,280,64,592,157,409,61,4.64,0
3949,Dankpen,Kara,2021,184632,74.94,6,11,190,246,83.18,268,34,337,298,282,0,2.66,0
3950,Kloto,Plateaux,2020,145985,60.09,20,87,73,159,74.0,315,77,5673,135,1895,45,4.24,1
3951,Agoè-Nyivé,Maritime,2020,882695,68.46,17,34,220,320,77.27,313,86,4368,116,859,76,4.24,1
3952,Kpendjal-Ouest,Savanes,2020,120285,90.77,18,79,90,297,67.11,368,104,2747,66,1827,11,2.5,1
3953,Kpélé,Plateaux,2021,81620,58.57,9,66,125,296,88.14,114,79,5771,183,1166,9,3.99,1
3954,Tchaoudjo,Centrale,2023,240360,63.47,2,61,114,235,87.32,58,55,2125,41,198,49,3.97,0
3955,Mô,Centrale,2022,52448,42.5,11,91,146,281,76.86,235,28,3880,271,1060,56,2.76,1
3956,Est-Mono,Plateaux,2020,164460,45.1,18,5,288,338,88.72,397,101,1630,254,643,78,3.23,1
3957,Binah,Kara,2020,84739,79.44,11,73,82,305,92.67,190,20,1116,16,1986,63,2.85,0
3958,Oti,Savanes,2020,123324,81.76,2,56,298,306,76.05,288,61,5446,116,1966,65,2.68,1
3959,Kéran,Kara,2023,123138,54.03,28,26,82,259,53.15,187,81,2825,91,1503,17,2.89,1
3960,Ogou,Plateaux,2021,253467,42.48,3,30,248,140,78.81,215,20,5897,209,718,46,2.76,1
3961,Anié,Plateaux,2020,177188,40.3,9,39,286,361,65.75,255,46,5134,191,529,67,3.83,1
3962,Golfe,Maritime,2022,1305681,74.22,17,48,224,429,59.2,130,36,5283,184,1461,70,3.04,1
3963,Blitta,Centrale,2022,218753,81.11,18,85,289,588,90.33,255,71,5208,224,580,63,4.04,1
3964,Haho,Plateaux,2023,305096,43.29,3,29,110,330,92.55,395,35,3186,16,402,30,3.09,1
3965,Haho,Plateaux,2020,305096,76.58,17,88,257,67,83.68,318,61,5891,228,427,13,3.93,1
3966,Avé,Maritime,2022,111214,52.29,20,70,71,484,79.28,52,56,354,128,1025,10,3.94,1
3967,Amou,Plateaux,2022,110948,69.23,11,99,227,329,61.6,137,30,2534,39,607,13,2.9,0
3968,Tône,Savanes,2020,388775,85.21,13,54,154,73,85.63,100,44,1920,251,1907,15,3.74,0
3969,Amou,Plateaux,2023,110948,94.12,29,17,294,329,80.02,384,53,2489,265,1093,55,3.29,0
3970,Lacs,Maritime,2021,241207,40.24,10,80,69,223,53.84,130,65,2614,124,1299,79,2.69,1
3971,Lacs,Maritime,2021,241207,86.26,20,37,238,69,82.72,348,104,4556,3,1688,11,3.41,1
3972,Assoli,Kara,2020,66492,89.35,26,23,144,593,81.88,201,87,1692,8,322,12,3.18,1
3973,Amou,Plateaux,2022,110948,45.37,9,25,208,467,81.34,211,25,3872,160,21,34,3.04,1
3974,Zio,Maritime,2023,500032,59.75,10,9,40,223,90.14,172,85,3104,198,438,49,3.5,1
3975,Kpendjal-Ouest,Savanes,2021,120285,47.73,13,17,125,226,59.23,305,26,4118,104,1250,22,4.6,1
3976,Yoto,Maritime,2022,174451,93.01,24,22,235,90,56.22,159,104,3902,96,182,71,3.19,1
3977,Ogou,Plateaux,2021,253467,51.9,23,16,250,360,83.24,289,57,2582,208,1870,48,4.08,1
3978,Tchaoudjo,Centrale,2021,240360,61.17,11,95,245,155,87.99,377,28,5621,119,352,19,3.86,1
3979,Haho,Plateaux,2021,305096,71.75,11,50,70,76,67.52,372,113,3445,98,848,26,2.92,1
3980,Haho,Plateaux,2020,305096,43.8,17,23,93,295,63.46,318,87,5924,251,696,48,3.88,1
3981,Danyi,Plateaux,2022,40240,42.52,28,45,219,464,92.22,262,35,5266,164,1749,15,3.9,1
3982,Kozah,Kara,2021,283738,91.49,21,45,38,290,56.0,236,107,3795,212,1704,44,2.7,1
3983,Tandjoaré,Savanes,2020,35537,85.91,30,56,200,273,73.45,151,55,676,113,1240,17,2.75,0
3984,Agoè-Nyivé,Maritime,2022,882695,59.02,23,89,177,353,77.43,338,117,4610,125,1884,48,3.08,1
3985,Tchamba,Centrale,2020,200585,63.32,4,15,214,594,65.46,245,95,3033,222,432,8,3.28,1
3986,Bassar,Kara,2020,152038,81.15,2,98,58,577,54.54,307,21,4001,66,426,73,3.68,1
3987,Haho,Plateaux,2022,305096,78.88,19,54,283,228,94.0,230,45,3534,39,1765,68,2.71,0
3988,Tchamba,Centrale,2023,200585,85.42,4,65,147,102,57.37,367,104,4124,242,695,56,4.68,1
3989,Oti,Savanes,2021,123324,40.8,24,48,121,179,82.74,196,88,938,175,1329,5,4.46,1
3990,Cinkassé,Savanes,2023,173987,42.94,22,8,230,506,79.98,356,88,5909,22,620,40,3.34,1
3991,Dankpen,Kara,2021,184632,83.56,29,26,130,102,89.94,240,77,2511,212,1528,11,4.78,0
3992,Ogou,Plateaux,2020,253467,66.83,6,18,256,527,95.06,191,105,3689,12,1923,30,2.86,1
3993,Kpendjal,Savanes,2020,150806,43.29,10,100,294,469,83.52,106,83,1381,209,235,65,4.65,1
3994,Amou,Plateaux,2020,110948,47.01,29,83,195,327,86.8,102,99,2819,178,611,53,4.08,1
3995,Golfe,Maritime,2020,1305681,89.29,27,45,38,186,66.12,108,107,3806,196,1668,3,4.57,1
3996,Amou,Plateaux,2022,110948,42.51,22,65,217,469,67.79,254,97,3247,47,6,51,2.84,1
3997,Haho,Plateaux,2022,305096,91.51,25,39,187,213,88.3,375,114,2473,34,222,58,2.96,1
3998,Kloto,Plateaux,2023,145985,69.29,22,63,159,318,56.3,107,80,3703,106,1703,10,2.81,0
3999,Kéran,Kara,2023,123138,59.73,19,89,87,397,92.12,299,42,2272,265,826,61,3.38,1
4000,Lacs,Maritime,2021,241207,85.71,16,9,284,331,64.44,256,33,1854,271,306,39,2.99,0
4001,Lacs,Maritime,2020,241207,48.65,15,74,297,344,81.73,257,97,1406,79,1843,65,4.16,1
4002,Oti,Savanes,2020,123324,53.38,27,43,31,574,90.78,53,65,954,237,1636,6,3.64,1
4003,Kéran,Kara,2022,123138,77.41,29,25,218,142,71.01,55,86,3362,2,1184,68,4.06,1
4004,Cinkassé,Savanes,2020,173987,73.41,8,52,142,178,75.57,295,32,403,52,721,19,3.04,0
4005,Bassar,Kara,2022,152038,81.23,15,69,263,595,96.9,293,33,1053,237,988,18,3.08,0
4006,Mô,Centrale,2020,52448,56.9,8,20,112,489,66.44,385,118,4596,274,628,4,2.71,1
4007,Kpendjal,Savanes,2023,150806,69.99,26,8,227,164,58.15,266,112,1380,98,352,29,3.06,1
4008,Lacs,Maritime,2022,241207,46.99,30,83,124,440,96.18,392,64,4276,114,1279,18,3.1,1
4009,Mô,Centrale,2021,52448,79.22,19,66,76,67,65.72,192,30,5181,202,11,10,4.79,1
4010,Haho,Plateaux,2021,305096,57.33,20,62,28,304,86.98,151,57,5003,135,344,51,2.88,1
4011,Bas-Mono,Maritime,2023,95380,61.31,28,53,296,345,63.78,66,54,4987,172,1597,67,3.3,1
4012,Zio,Maritime,2020,500032,75.4,24,7,268,338,51.92,52,105,2525,53,226,50,2.57,1
4013,Kpélé,Plateaux,2022,81620,91.27,13,53,294,152,91.38,75,105,546,255,101,75,4.26,1
4014,Oti-Sud,Savanes,2021,150806,46.3,13,84,56,400,71.79,388,99,1517,255,974,1,2.6,1
4015,Tône,Savanes,2021,388775,52.84,26,24,137,578,67.11,181,59,1510,55,644,6,3.5,1
4016,Yoto,Maritime,2020,174451,89.39,24,44,253,225,69.46,365,80,877,17,1289,53,4.55,0
4017,Est-Mono,Plateaux,2021,164460,92.72,9,41,128,369,96.14,176,110,4944,152,772,73,4.15,1
4018,Lacs,Maritime,2021,241207,55.75,11,73,125,212,56.01,216,39,3665,147,390,15,4.21,1
4019,Yoto,Maritime,2020,174451,65.12,17,27,214,541,83.5,282,45,4225,218,1284,22,3.55,1
4020,Tône,Savanes,2020,388775,94.58,17,19,263,600,86.27,368,27,4896,197,1366,7,4.68,1
4021,Amou,Plateaux,2021,110948,73.02,29,56,177,398,90.42,374,24,2087,229,527,42,2.98,0
4022,Haho,Plateaux,2022,305096,48.03,24,57,144,262,81.27,370,92,4889,116,951,62,3.1,1
4023,Avé,Maritime,2020,111214,81.07,13,84,77,317,94.8,275,84,4687,110,580,19,2.81,1
4024,Wawa,Plateaux,2022,101300,94.85,28,5,170,101,80.92,51,70,2897,275,400,24,4.65,0
4025,Zio,Maritime,2020,500032,41.83,15,34,58,513,69.14,395,111,5651,290,72,51,4.29,1
4026,Tandjoaré,Savanes,2023,35537,65.17,5,51,73,502,76.34,201,95,5643,199,1855,35,4.64,1
4027,Tandjoaré,Savanes,2022,35537,79.34,11,66,285,493,63.18,292,116,694,157,345,71,4.63,1
4028,Tchaoudjo,Centrale,2023,240360,82.4,20,13,277,511,66.19,130,60,4216,136,1129,42,2.52,1
4029,Kpendjal-Ouest,Savanes,2021,120285,93.53,6,16,93,229,58.05,153,29,5580,94,1947,73,4.02,1
4030,Kozah,Kara,2022,283738,56.19,13,32,188,562,73.49,93,97,5379,9,1332,3,4.16,1
4031,Tône,Savanes,2023,388775,64.29,29,64,201,173,53.43,309,67,5544,93,1340,32,4.06,1
4032,Oti,Savanes,2020,123324,71.5,29,44,58,307,91.28,383,102,1359,211,1333,53,2.63,1
4033,Assoli,Kara,2020,66492,93.53,30,63,47,86,85.5,274,90,709,230,1706,54,3.18,1
4034,Cinkassé,Savanes,2023,173987,80.74,11,24,28,284,59.68,63,60,223,230,967,75,3.79,0
4035,Doufelgou,Kara,2021,87588,55.85,26,9,284,107,96.7,105,84,1341,13,626,12,3.47,1
4036,Ogou,Plateaux,2022,253467,89.08,11,63,240,252,89.71,78,107,3844,15,1281,71,3.92,1
4037,Bas-Mono,Maritime,2023,95380,41.39,7,60,137,86,94.78,227,70,3180,27,1471,64,3.48,1
4038,Mô,Centrale,2022,52448,76.84,28,38,132,244,77.74,266,85,1872,35,270,66,3.33,1
4039,Kloto,Plateaux,2022,145985,47.27,20,61,188,53,67.78,185,61,4991,7,700,10,3.74,1
4040,Bas-Mono,Maritime,2022,95380,68.83,9,11,196,69,76.64,269,69,1649,290,1628,38,3.02,0
4041,Doufelgou,Kara,2020,87588,48.63,19,76,31,466,80.34,167,77,2035,297,1958,77,4.05,1
4042,Lacs,Maritime,2022,241207,83.87,5,85,56,200,77.72,120,115,2140,31,52,36,4.71,1
4043,Avé,Maritime,2020,111214,61.49,23,87,217,212,67.84,331,118,1024,47,1299,6,4.56,1
4044,Est-Mono,Plateaux,2021,164460,42.88,22,91,200,531,94.73,85,116,2182,198,114,62,2.88,1
4045,Avé,Maritime,2020,111214,64.7,2,66,26,95,97.69,134,114,1019,282,746,47,3.67,1
4046,Wawa,Plateaux,2023,101300,73.43,14,40,123,354,50.53,263,94,4681,200,1308,71,2.94,1
4047,Bas-Mono,Maritime,2022,95380,57.6,4,64,67,424,78.74,289,79,400,276,1494,40,4.45,1
4048,Tchaoudjo,Centrale,2020,240360,87.73,11,72,75,573,92.89,381,118,5326,112,178,23,4.63,1
4049,Wawa,Plateaux,2021,101300,67.55,5,64,212,505,87.54,72,20,837,19,1083,36,4.28,0
4050,Blitta,Centrale,2020,218753,67.49,27,97,79,85,88.33,357,96,5736,246,1897,62,3.47,1
4051,Est-Mono,Plateaux,2022,164460,77.2,22,13,92,440,91.21,240,86,1477,3,1796,70,4.51,1
4052,Kpélé,Plateaux,2020,81620,54.49,15,12,133,447,56.78,296,110,3107,30,778,67,3.96,1
4053,Bas-Mono,Maritime,2021,95380,42.84,25,28,167,499,69.38,92,75,5699,244,1508,21,3.06,1
4054,Oti,Savanes,2022,123324,60.47,18,53,152,511,83.6,199,38,1017,7,181,22,3.68,0
4055,Tandjoaré,Savanes,2023,35537,59.27,16,56,30,132,93.83,289,103,2706,78,1335,66,2.89,1
4056,Danyi,Plateaux,2020,40240,75.64,23,86,241,465,68.02,263,61,2572,155,1332,31,4.17,0
4057,Assoli,Kara,2021,66492,77.53,25,63,254,196,52.8,205,58,3125,111,1206,71,4.29,0
4058,Tchamba,Centrale,2023,200585,87.39,28,70,106,243,76.03,237,47,4350,39,1297,76,2.82,1
4059,Agou,Plateaux,2021,85793,68.94,29,6,45,444,67.36,292,100,3980,292,1657,33,4.72,1
4060,Agou,Plateaux,2022,85793,67.73,29,7,42,526,82.37,70,47,4751,158,305,67,4.39,1
4061,Sotouboua,Centrale,2020,141404,94.52,28,95,22,494,97.84,269,89,5082,296,1945,79,4.11,1
4062,Agoè-Nyivé,Maritime,2023,882695,91.09,9,77,215,109,66.95,209,94,4815,298,26,15,3.23,1
4063,Oti,Savanes,2023,123324,40.18,10,95,158,511,54.38,97,76,846,193,726,26,3.79,1
4064,Lacs,Maritime,2023,241207,88.57,22,6,171,343,89.09,154,22,5317,8,819,35,4.48,1
4065,Golfe,Maritime,2020,1305681,65.44,17,72,113,409,68.54,318,59,4221,239,344,31,4.44,1
4066,Akébou,Plateaux,2023,73188,77.8,29,31,299,500,83.59,55,52,2318,238,591,5,2.92,0
4067,Agoè-Nyivé,Maritime,2021,882695,64.52,25,10,241,217,62.28,357,73,3669,143,512,52,4.25,0
4068,Kozah,Kara,2021,283738,91.03,15,25,37,561,69.17,393,54,4314,37,497,24,2.84,1
4069,Golfe,Maritime,2022,1305681,43.92,30,46,203,326,51.6,335,88,2860,245,124,39,3.12,1
4070,Zio,Maritime,2020,500032,40.58,15,13,22,520,71.35,147,107,4672,246,1486,10,4.6,1
4071,Tchaoudjo,Centrale,2022,240360,60.49,17,30,260,407,64.04,356,42,661,54,1502,4,3.68,0
4072,Tchaoudjo,Centrale,2022,240360,66.02,27,53,52,329,55.75,309,51,1046,143,6,18,3.64,0
4073,Est-Mono,Plateaux,2021,164460,82.14,17,34,239,524,88.33,146,38,1163,219,1663,32,4.33,0
4074,Sotouboua,Centrale,2021,141404,70.28,5,74,164,136,71.01,133,98,4055,219,1913,40,2.62,1
4075,Kozah,Kara,2021,283738,43.7,13,7,52,395,57.2,254,106,5262,173,1767,33,3.6,1
4076,Kpélé,Plateaux,2021,81620,57.46,24,47,112,537,89.74,173,45,4014,139,450,44,3.16,1
4077,Ogou,Plateaux,2023,253467,63.29,19,86,50,232,63.02,70,100,4706,237,36,9,4.01,1
4078,Lacs,Maritime,2022,241207,60.99,18,10,150,183,81.63,100,70,4044,168,408,32,3.22,1
4079,Mô,Centrale,2023,52448,64.38,18,64,91,116,88.81,175,22,3680,286,253,31,3.45,0
4080,Agou,Plateaux,2022,85793,50.05,6,93,233,192,69.12,263,102,3396,183,341,19,4.31,1
4081,Kozah,Kara,2021,283738,72.01,8,21,178,312,70.11,125,32,223,144,1569,6,4.01,0
4082,Wawa,Plateaux,2021,101300,61.66,7,79,104,449,66.42,384,86,3411,22,1906,51,3.12,1
4083,Ogou,Plateaux,2021,253467,51.66,28,14,257,130,96.74,81,80,3181,166,585,39,4.04,1
4084,Bas-Mono,Maritime,2021,95380,93.15,13,62,222,216,92.66,88,88,562,251,1702,63,3.54,1
4085,Binah,Kara,2021,84739,74.22,14,59,156,193,60.86,218,102,4084,40,1205,10,2.83,1
4086,Kozah,Kara,2020,283738,67.21,23,95,158,564,54.77,374,51,801,100,1897,23,3.3,0
4087,Kpélé,Plateaux,2020,81620,89.04,2,88,167,91,84.23,155,35,347,94,945,18,3.22,0
4088,Kpendjal,Savanes,2022,150806,46.4,25,6,183,400,76.05,190,95,247,168,43,25,3.05,1
4089,Blitta,Centrale,2020,218753,70.11,10,99,247,153,89.03,333,90,2972,80,1613,40,3.42,1
4090,Est-Mono,Plateaux,2020,164460,79.85,16,35,201,308,66.59,127,80,720,89,1969,74,3.37,0
4091,Danyi,Plateaux,2021,40240,42.31,26,79,85,445,81.82,267,40,4454,156,1360,45,3.53,1
4092,Oti,Savanes,2021,123324,69.78,26,38,265,334,75.68,271,22,1261,183,1034,26,4.5,0
4093,Assoli,Kara,2021,66492,50.18,3,67,168,165,95.17,111,36,4531,174,642,8,4.16,1
4094,Oti-Sud,Savanes,2020,150806,47.42,13,66,240,382,57.89,175,81,1156,69,1659,30,4.29,1
4095,Bassar,Kara,2022,152038,92.28,8,21,182,141,84.12,275,46,4123,137,147,67,4.72,1
4096,Sotouboua,Centrale,2023,141404,41.69,12,17,122,98,76.2,63,98,247,165,1562,3,3.26,1
4097,Kozah,Kara,2022,283738,54.97,27,27,184,388,59.86,120,119,3743,148,1512,24,3.57,1
4098,Dankpen,Kara,2023,184632,61.69,20,97,132,252,50.27,348,33,1677,75,1089,17,4.17,0
4099,Cinkassé,Savanes,2021,173987,59.65,18,51,257,266,59.85,353,71,3046,64,625,1,3.06,1
4100,Cinkassé,Savanes,2020,173987,44.61,10,61,31,318,86.18,369,87,1657,239,1238,22,4.35,1
4101,Sotouboua,Centrale,2022,141404,59.23,6,8,175,397,95.39,161,86,2694,247,387,52,2.82,1
4102,Haho,Plateaux,2023,305096,73.92,14,98,253,248,60.09,237,102,1407,100,701,16,4.19,1
4103,Ogou,Plateaux,2022,253467,46.14,8,55,256,562,79.29,226,113,430,140,1681,48,3.18,1
4104,Dankpen,Kara,2020,184632,45.9,16,36,271,195,65.99,302,29,2909,218,1732,16,3.75,1
4105,Agou,Plateaux,2020,85793,90.08,7,48,178,253,59.73,334,43,1835,21,603,19,4.54,0
4106,Anié,Plateaux,2020,177188,75.87,2,93,172,277,95.59,197,81,3128,110,436,43,2.71,1
4107,Kloto,Plateaux,2021,145985,82.87,23,38,124,471,62.61,93,85,3161,151,500,42,4.78,1
4108,Sotouboua,Centrale,2022,141404,48.24,28,37,219,404,73.48,202,39,3660,189,996,16,4.49,1
4109,Avé,Maritime,2021,111214,93.57,23,16,94,509,61.13,396,61,4506,276,1493,80,3.72,1
4110,Tchamba,Centrale,2021,200585,43.75,2,66,173,130,55.59,238,60,3021,39,1602,70,3.79,1
4111,Doufelgou,Kara,2023,87588,85.06,24,69,131,172,67.89,264,30,1979,31,1303,43,3.62,0
4112,Blitta,Centrale,2023,218753,47.52,15,12,88,147,65.51,229,73,1819,256,1111,80,3.56,1
4113,Blitta,Centrale,2023,218753,61.49,28,5,181,407,59.83,317,72,410,147,1866,73,4.29,0
4114,Tandjoaré,Savanes,2021,35537,64.86,28,61,61,381,66.63,288,59,1807,25,366,27,3.01,0
4115,Sotouboua,Centrale,2020,141404,92.09,9,77,240,208,63.89,311,47,4836,169,1528,35,3.75,1
4116,Kloto,Plateaux,2021,145985,79.36,2,37,194,418,80.5,54,47,3024,298,1548,58,3.73,0
4117,Haho,Plateaux,2023,305096,47.23,3,56,166,480,80.43,152,79,2091,4,1155,80,3.66,1
4118,Tchamba,Centrale,2023,200585,77.84,22,39,276,51,96.33,201,61,5450,91,1565,58,4.46,1
4119,Avé,Maritime,2021,111214,77.5,18,43,215,53,92.25,181,40,3074,86,1505,53,4.17,0
4120,Zio,Maritime,2023,500032,65.0,29,72,238,195,96.81,311,113,547,222,445,26,2.72,1
4121,Est-Mono,Plateaux,2023,164460,55.26,18,59,269,275,51.86,255,93,3533,67,1524,51,4.18,1
4122,Tandjoaré,Savanes,2021,35537,90.4,29,85,178,288,84.16,253,98,3562,151,1615,30,3.03,1
4123,Vo,Maritime,2022,224411,40.92,7,35,295,418,50.74,248,61,5488,175,1054,42,4.65,1
4124,Vo,Maritime,2022,224411,64.54,8,80,116,82,57.85,202,52,5780,78,1592,58,3.87,1
4125,Tchaoudjo,Centrale,2021,240360,81.34,10,97,82,317,94.48,115,60,435,136,215,37,4.8,0
4126,Kpélé,Plateaux,2023,81620,50.53,24,65,38,60,65.97,108,104,5467,152,367,14,4.05,1
4127,Tchaoudjo,Centrale,2021,240360,68.68,5,52,267,141,81.95,369,36,4963,160,53,46,3.86,1
4128,Anié,Plateaux,2023,177188,40.61,6,52,219,403,70.08,151,47,1036,91,1099,29,4.01,1
4129,Tandjoaré,Savanes,2020,35537,47.19,22,13,207,413,54.49,396,35,1937,60,795,15,4.55,1
4130,Doufelgou,Kara,2023,87588,44.19,27,74,161,458,81.39,337,109,4674,119,255,2,3.26,1
4131,Kpendjal,Savanes,2022,150806,72.32,17,24,292,361,61.21,53,102,2195,295,1665,33,4.34,1
4132,Kpendjal,Savanes,2021,150806,70.33,7,95,127,135,65.17,68,31,3560,5,1077,33,3.79,0
4133,Danyi,Plateaux,2022,40240,82.83,23,8,235,74,96.7,82,105,2482,276,1702,78,2.87,1
4134,Kpendjal,Savanes,2022,150806,55.33,4,27,36,289,60.76,133,28,4145,144,296,9,4.64,1
4135,Golfe,Maritime,2021,1305681,94.05,16,28,141,413,81.9,243,116,242,142,975,70,2.62,1
4136,Golfe,Maritime,2021,1305681,87.88,9,10,91,156,92.75,329,104,5769,91,545,8,4.04,1
4137,Moyen-Mono,Plateaux,2020,90505,41.93,4,42,79,152,76.64,155,115,385,200,1984,56,2.91,1
4138,Haho,Plateaux,2021,305096,87.79,14,18,239,105,89.13,150,77,3061,39,1003,15,3.77,0
4139,Agoè-Nyivé,Maritime,2023,882695,42.48,19,48,211,86,60.72,112,32,965,201,585,75,2.67,1
4140,Lacs,Maritime,2022,241207,76.38,13,67,207,355,81.14,159,70,3590,219,763,57,3.22,0
4141,Akébou,Plateaux,2022,73188,91.16,18,66,271,448,65.34,205,40,2419,233,1531,36,4.02,0
4142,Zio,Maritime,2022,500032,61.35,30,22,210,384,66.64,287,118,1215,120,42,52,3.63,1
4143,Doufelgou,Kara,2022,87588,78.69,18,33,224,512,79.45,180,20,2495,117,1625,50,2.83,0
4144,Mô,Centrale,2022,52448,40.3,16,87,175,456,76.99,360,41,676,72,219,14,3.3,1
4145,Oti-Sud,Savanes,2022,150806,92.83,15,79,45,363,78.52,124,66,2560,126,1012,63,4.42,0
4146,Kozah,Kara,2023,283738,40.37,10,19,257,528,65.14,319,51,882,235,1266,78,4.06,1
4147,Kpendjal,Savanes,2020,150806,61.52,16,10,202,308,58.97,71,71,2226,75,649,78,3.11,0
4148,Agou,Plateaux,2021,85793,51.34,2,42,107,147,72.68,400,100,909,105,755,44,2.7,1
4149,Tchamba,Centrale,2023,200585,57.66,12,61,80,184,59.97,253,40,4362,35,291,70,3.76,1
4150,Kozah,Kara,2022,283738,68.34,6,88,226,193,65.16,159,110,5942,48,816,15,2.9,1
4151,Bas-Mono,Maritime,2023,95380,69.14,19,28,125,335,77.35,390,42,5071,36,1444,12,4.24,1
4152,Kéran,Kara,2023,123138,43.32,25,93,161,500,73.52,312,42,1407,161,54,49,4.29,1
4153,Tchaoudjo,Centrale,2021,240360,82.38,29,34,96,332,86.09,386,64,516,76,375,65,4.42,0
4154,Amou,Plateaux,2023,110948,81.47,15,82,222,334,81.81,252,118,3617,115,1641,15,3.77,1
4155,Akébou,Plateaux,2022,73188,58.21,8,53,135,513,60.66,61,73,3290,73,666,52,4.41,1
4156,Mô,Centrale,2020,52448,63.66,20,54,229,576,62.78,148,92,525,231,1608,18,3.16,1
4157,Mô,Centrale,2022,52448,53.65,10,78,273,398,93.19,228,50,1969,251,947,59,2.9,1
4158,Sotouboua,Centrale,2021,141404,47.52,7,29,161,269,83.49,318,48,4518,292,1414,48,3.85,1
4159,Zio,Maritime,2021,500032,83.97,20,47,37,452,96.81,277,117,2381,19,1864,64,4.34,1
4160,Ogou,Plateaux,2023,253467,55.48,9,68,49,397,84.22,268,36,3154,182,1035,16,3.99,1
4161,Danyi,Plateaux,2023,40240,78.53,13,50,127,346,81.86,277,68,3777,202,1791,64,4.31,0
4162,Tandjoaré,Savanes,2020,35537,52.95,25,7,291,249,61.4,172,35,327,179,1987,70,2.51,1
4163,Golfe,Maritime,2021,1305681,90.21,10,83,156,105,62.17,156,31,2484,0,1084,52,2.56,0
4164,Wawa,Plateaux,2022,101300,83.6,3,97,173,414,77.87,73,20,322,4,863,6,3.09,0
4165,Binah,Kara,2021,84739,80.71,30,60,278,361,75.2,150,91,5365,34,776,77,3.77,1
4166,Anié,Plateaux,2020,177188,70.41,3,74,158,172,89.17,299,86,1569,267,1596,39,2.72,1
4167,Bas-Mono,Maritime,2023,95380,59.23,24,20,131,322,80.63,355,49,3350,68,1895,1,2.97,1
4168,Vo,Maritime,2023,224411,42.75,14,69,131,69,93.72,309,113,1092,252,512,64,2.79,1
4169,Sotouboua,Centrale,2021,141404,74.05,22,91,277,235,60.26,196,93,5745,67,950,54,2.91,1
4170,Bas-Mono,Maritime,2022,95380,81.02,3,47,265,127,90.56,234,111,5265,241,359,24,4.25,1
4171,Lacs,Maritime,2020,241207,45.1,11,97,180,542,81.18,292,111,5608,13,1890,70,3.45,1
4172,Kpélé,Plateaux,2021,81620,62.14,6,42,285,226,78.41,87,105,1360,209,316,2,2.8,1
4173,Cinkassé,Savanes,2022,173987,79.62,8,66,80,376,65.58,50,98,2360,104,653,22,4.52,1
4174,Cinkassé,Savanes,2022,173987,59.77,2,70,90,51,69.06,310,117,4059,14,1377,76,3.47,1
4175,Binah,Kara,2023,84739,76.75,30,46,294,378,68.09,107,115,5742,117,779,59,3.08,1
4176,Oti-Sud,Savanes,2023,150806,54.97,17,60,42,142,83.63,130,23,4409,167,153,8,4.46,1
4177,Doufelgou,Kara,2022,87588,78.1,26,80,136,537,70.47,255,88,1420,18,773,68,2.66,1
4178,Akébou,Plateaux,2023,73188,58.64,6,78,126,533,76.11,337,34,519,246,998,75,4.15,1
4179,Binah,Kara,2020,84739,46.82,18,5,205,267,84.48,114,110,797,22,1982,57,2.98,1
4180,Cinkassé,Savanes,2022,173987,74.72,18,7,225,582,82.42,144,28,4804,248,1702,7,3.18,1
4181,Ogou,Plateaux,2023,253467,94.32,9,100,78,104,78.6,357,117,2319,188,1613,20,3.09,1
4182,Lacs,Maritime,2020,241207,59.27,27,96,79,583,68.34,382,64,4866,209,1252,44,3.32,1
4183,Blitta,Centrale,2021,218753,87.04,3,18,274,527,80.93,250,51,1382,103,941,25,4.26,0
4184,Oti,Savanes,2022,123324,66.88,15,78,46,282,58.48,256,97,3011,56,552,52,4.77,1
4185,Kloto,Plateaux,2020,145985,52.63,17,6,102,509,92.24,290,61,4390,25,888,14,2.99,1
4186,Mô,Centrale,2020,52448,81.16,21,14,22,194,79.76,75,64,4529,298,1941,70,2.92,1
4187,Avé,Maritime,2020,111214,49.71,16,8,214,183,78.49,77,62,5512,88,1785,50,4.58,1
4188,Ogou,Plateaux,2020,253467,59.27,21,78,88,104,95.85,334,68,5681,62,720,46,3.46,1
4189,Assoli,Kara,2020,66492,63.92,22,26,291,595,73.29,59,101,2299,103,687,3,4.41,1
4190,Binah,Kara,2020,84739,42.36,4,12,254,182,59.22,160,83,714,206,243,52,3.39,1
4191,Golfe,Maritime,2023,1305681,88.59,26,61,142,94,53.3,197,33,5328,206,752,43,3.29,1
4192,Kpendjal,Savanes,2020,150806,40.28,18,73,64,287,79.16,117,33,3123,145,378,56,2.96,1
4193,Oti-Sud,Savanes,2023,150806,90.92,28,64,190,371,70.74,214,94,5883,90,1020,8,4.78,1
4194,Zio,Maritime,2020,500032,79.05,9,22,200,428,61.31,380,93,1440,1,387,18,3.53,1
4195,Bas-Mono,Maritime,2020,95380,82.19,6,82,138,573,72.44,194,89,5608,140,1729,70,3.14,1
4196,Cinkassé,Savanes,2021,173987,56.76,7,35,91,114,52.32,79,38,1836,295,279,70,3.36,1
4197,Tône,Savanes,2020,388775,47.1,7,90,143,574,94.33,151,94,959,22,610,60,4.28,1
4198,Amou,Plateaux,2022,110948,49.17,29,80,164,315,74.12,138,89,4317,95,262,63,4.58,1
4199,Binah,Kara,2022,84739,44.72,13,66,85,483,96.07,319,100,5147,194,1705,32,2.83,1
4200,Amou,Plateaux,2023,110948,46.93,23,32,253,322,73.75,372,91,1840,120,1839,27,3.31,1
4201,Doufelgou,Kara,2020,87588,75.16,10,82,276,353,93.24,72,110,328,243,1387,43,4.71,1
4202,Mô,Centrale,2020,52448,64.89,8,64,206,553,51.65,55,43,1256,25,1223,34,2.7,0
4203,Doufelgou,Kara,2023,87588,84.61,24,83,43,555,86.33,130,34,2467,209,677,12,3.46,0
4204,Danyi,Plateaux,2020,40240,79.07,4,78,54,540,83.3,210,50,5884,156,58,72,4.62,1
4205,Blitta,Centrale,2022,218753,43.44,14,9,129,290,50.67,264,90,3135,8,766,51,4.07,1
4206,Kpendjal,Savanes,2023,150806,83.28,11,38,45,407,53.33,162,28,4616,106,1239,30,3.02,1
4207,Ogou,Plateaux,2021,253467,49.38,29,45,143,144,59.69,270,32,5841,39,22,76,2.63,1
4208,Golfe,Maritime,2023,1305681,50.82,11,7,223,269,70.85,396,30,4537,87,1054,31,2.75,1
4209,Dankpen,Kara,2021,184632,87.38,22,91,165,320,80.62,222,97,4824,266,615,49,3.59,1
4210,Kpendjal,Savanes,2020,150806,68.27,21,45,119,216,92.01,145,38,2258,154,186,1,3.66,0
4211,Kloto,Plateaux,2020,145985,58.76,23,55,69,245,89.96,177,75,1346,284,1090,47,4.47,1
4212,Lacs,Maritime,2021,241207,67.63,2,50,240,314,53.07,211,29,5035,127,36,47,4.09,1
4213,Wawa,Plateaux,2023,101300,69.65,4,29,169,527,77.83,208,39,1706,193,1515,32,2.75,0
4214,Golfe,Maritime,2021,1305681,87.53,29,82,122,166,63.13,214,113,3736,80,1796,16,4.33,1
4215,Doufelgou,Kara,2020,87588,40.12,14,15,238,537,60.69,146,112,204,11,16,54,3.25,1
4216,Ogou,Plateaux,2023,253467,80.92,17,80,192,102,50.9,147,82,1946,238,397,80,4.29,1
4217,Vo,Maritime,2022,224411,54.25,28,100,236,594,66.72,218,86,1595,246,353,20,3.55,1
4218,Kpendjal-Ouest,Savanes,2021,120285,85.3,10,72,195,477,58.69,179,28,3900,76,1381,5,3.76,0
4219,Avé,Maritime,2022,111214,42.15,23,82,43,227,89.51,221,85,4551,136,655,3,3.14,1
4220,Bassar,Kara,2021,152038,58.76,17,41,127,382,87.48,327,120,949,231,885,43,3.55,1
4221,Ogou,Plateaux,2022,253467,70.54,15,56,271,562,86.38,389,43,5765,44,5,6,3.11,1
4222,Amou,Plateaux,2021,110948,62.89,14,68,209,538,95.32,299,21,5139,123,1104,77,3.63,1
4223,Ogou,Plateaux,2022,253467,78.16,23,48,131,282,78.11,81,78,351,248,840,64,3.05,0
4224,Kpendjal-Ouest,Savanes,2021,120285,71.25,17,37,229,407,61.65,392,108,1153,153,113,2,4.55,1
4225,Tône,Savanes,2020,388775,62.5,10,59,253,352,70.05,85,96,1302,72,576,14,3.19,1
4226,Wawa,Plateaux,2022,101300,78.79,20,10,106,171,96.71,304,49,3928,49,1231,8,2.66,0
4227,Dankpen,Kara,2021,184632,60.27,8,12,136,371,75.71,97,20,5991,123,1044,76,3.21,1
4228,Doufelgou,Kara,2023,87588,81.56,27,95,164,596,97.37,323,105,785,171,1564,38,2.64,1
4229,Binah,Kara,2023,84739,89.25,19,31,130,567,55.7,140,22,1958,263,160,55,3.68,0
4230,Haho,Plateaux,2021,305096,83.69,30,59,47,581,72.4,275,42,1614,38,124,52,3.44,0
4231,Vo,Maritime,2021,224411,61.92,13,36,57,155,68.28,357,78,3393,234,805,77,4.2,0
4232,Avé,Maritime,2021,111214,45.35,8,34,230,175,66.93,150,105,3649,243,324,68,2.68,1
4233,Lacs,Maritime,2022,241207,53.56,19,51,246,487,71.33,208,61,4530,157,731,21,3.89,1
4234,Mô,Centrale,2020,52448,80.1,18,22,299,203,92.56,130,20,3995,109,1348,60,2.9,0
4235,Sotouboua,Centrale,2020,141404,84.99,24,19,262,303,88.43,363,76,4941,78,110,3,2.8,1
4236,Vo,Maritime,2022,224411,85.22,11,63,159,146,53.25,83,108,3215,154,1222,47,3.58,1
4237,Oti-Sud,Savanes,2022,150806,91.19,22,41,201,144,51.76,383,23,5573,72,997,54,4.09,1
4238,Kozah,Kara,2022,283738,83.09,5,13,146,182,97.83,80,115,1013,44,207,34,4.2,1
4239,Oti,Savanes,2020,123324,67.42,13,56,243,528,61.88,139,27,5970,171,1621,17,3.98,1
4240,Lacs,Maritime,2023,241207,55.78,4,52,210,563,69.64,264,90,5865,297,716,66,4.78,1
4241,Blitta,Centrale,2021,218753,78.4,5,67,37,320,73.78,95,64,247,125,49,59,4.42,0
4242,Kpendjal,Savanes,2023,150806,73.05,13,54,153,222,63.15,189,80,3608,243,998,25,2.64,0
4243,Avé,Maritime,2020,111214,41.27,2,46,230,239,87.34,179,101,657,286,1785,74,3.89,1
4244,Avé,Maritime,2022,111214,93.61,9,73,299,370,68.75,65,40,5651,39,1119,73,3.96,1
4245,Tchaoudjo,Centrale,2022,240360,93.11,4,27,84,196,68.53,176,75,1967,216,510,11,3.56,0
4246,Kpélé,Plateaux,2023,81620,61.43,30,21,172,301,56.94,371,21,1455,136,1039,68,2.69,0
4247,Bassar,Kara,2023,152038,77.62,22,61,39,306,67.24,236,23,3150,38,1309,67,3.43,0
4248,Kpendjal,Savanes,2020,150806,41.18,2,46,225,262,55.98,387,34,1276,14,1724,56,2.98,1
4249,Moyen-Mono,Plateaux,2020,90505,83.22,20,88,146,350,63.94,134,33,3921,233,1937,38,3.25,0
4250,Kpendjal,Savanes,2021,150806,60.74,25,55,297,370,65.43,333,50,793,244,504,20,2.69,0
4251,Binah,Kara,2022,84739,41.43,10,96,242,497,77.98,123,66,3826,193,1955,62,3.54,1
4252,Tône,Savanes,2023,388775,58.52,8,35,29,423,76.61,229,38,2666,99,1372,46,3.33,1
4253,Binah,Kara,2020,84739,62.31,2,20,222,188,55.98,254,33,4445,41,771,47,3.12,1
4254,Bassar,Kara,2020,152038,88.05,25,92,36,95,64.56,62,65,717,35,391,17,3.47,0
4255,Oti-Sud,Savanes,2021,150806,72.46,18,78,248,440,91.65,207,77,3413,126,1409,58,3.84,0
4256,Vo,Maritime,2022,224411,69.6,29,67,21,436,70.33,65,52,1618,231,431,32,2.58,0
4257,Mô,Centrale,2022,52448,89.98,13,90,230,514,77.13,73,52,4117,10,1241,58,3.04,1
4258,Kpendjal,Savanes,2023,150806,93.52,27,39,240,177,79.31,348,90,2852,148,736,59,2.71,1
4259,Vo,Maritime,2023,224411,89.0,7,63,201,185,67.61,281,49,5952,35,857,53,3.38,1
4260,Tône,Savanes,2021,388775,42.91,23,85,92,302,52.3,377,38,1800,299,457,15,4.54,1
4261,Yoto,Maritime,2021,174451,65.23,30,30,208,107,64.03,253,100,4751,68,229,60,3.48,1
4262,Tchamba,Centrale,2020,200585,65.46,18,51,31,274,56.7,369,58,1647,5,87,54,3.29,0
4263,Moyen-Mono,Plateaux,2020,90505,78.98,24,50,264,59,75.21,327,96,4653,97,1360,4,4.22,1
4264,Kéran,Kara,2022,123138,61.53,27,48,31,407,62.25,51,82,4872,155,246,0,4.06,1
4265,Binah,Kara,2022,84739,62.77,28,8,202,425,93.46,259,89,929,18,1361,38,4.07,1
4266,Oti-Sud,Savanes,2023,150806,47.01,21,95,135,308,88.12,366,29,252,108,661,75,3.98,1
4267,Kpendjal,Savanes,2021,150806,80.37,19,37,38,89,65.21,395,103,5571,166,916,53,4.72,1
4268,Kéran,Kara,2023,123138,46.93,7,12,257,272,67.86,120,44,3105,57,1272,19,4.73,1
4269,Akébou,Plateaux,2020,73188,85.37,5,44,249,118,60.99,262,113,4916,147,1912,55,3.81,1
4270,Haho,Plateaux,2023,305096,84.22,10,9,186,443,50.85,76,113,4297,104,1086,65,4.72,1
4271,Kozah,Kara,2020,283738,69.74,3,16,30,190,51.4,179,99,2852,169,609,26,2.88,1
4272,Golfe,Maritime,2020,1305681,41.73,16,75,100,490,66.08,346,79,692,249,1511,59,3.05,1
4273,Agou,Plateaux,2021,85793,55.78,5,93,178,454,54.94,55,68,4955,193,1974,7,4.09,1
4274,Moyen-Mono,Plateaux,2020,90505,50.0,13,18,274,299,74.97,350,68,2852,152,325,7,2.51,1
4275,Danyi,Plateaux,2020,40240,89.69,15,22,286,366,63.6,399,83,2781,234,1033,55,3.36,1
4276,Golfe,Maritime,2020,1305681,92.24,25,43,162,370,78.73,85,32,5431,254,733,75,3.29,1
4277,Doufelgou,Kara,2022,87588,51.16,20,30,122,176,55.61,274,110,4614,95,1267,72,2.96,1
4278,Mô,Centrale,2022,52448,52.58,26,94,166,288,89.58,125,37,2796,108,645,71,4.72,1
4279,Ogou,Plateaux,2022,253467,47.52,12,34,130,385,70.54,106,105,671,40,687,40,4.42,1
4280,Assoli,Kara,2020,66492,73.76,23,38,150,449,60.4,106,26,5466,199,1451,75,2.63,1
4281,Tchamba,Centrale,2022,200585,81.83,2,89,287,599,85.37,162,82,391,33,1586,70,3.65,1
4282,Moyen-Mono,Plateaux,2021,90505,54.81,23,38,138,417,52.57,323,76,1984,140,1684,58,4.78,1
4283,Agoè-Nyivé,Maritime,2021,882695,53.29,3,93,169,385,66.39,321,26,4558,115,581,14,4.01,1
4284,Vo,Maritime,2021,224411,65.67,17,88,190,150,87.2,351,91,4453,241,17,22,2.57,1
4285,Danyi,Plateaux,2021,40240,47.37,21,16,256,192,86.29,91,109,2166,113,668,68,2.89,1
4286,Amou,Plateaux,2021,110948,83.99,4,15,21,170,62.06,175,27,4092,155,1176,31,2.88,1
4287,Dankpen,Kara,2022,184632,54.58,24,20,298,552,59.97,155,116,624,23,328,76,2.76,1
4288,Vo,Maritime,2022,224411,43.12,15,60,41,334,79.13,98,104,4918,241,1821,40,3.31,1
4289,Moyen-Mono,Plateaux,2023,90505,73.71,21,46,64,338,65.5,299,78,625,106,142,63,3.6,0
4290,Mô,Centrale,2020,52448,59.55,25,60,232,353,81.74,219,51,263,106,225,61,4.0,1
4291,Doufelgou,Kara,2023,87588,84.74,15,20,262,70,87.44,364,93,2307,85,1423,49,2.77,1
4292,Kloto,Plateaux,2022,145985,48.49,12,30,112,215,79.98,162,47,4389,164,1294,20,4.5,1
4293,Agou,Plateaux,2022,85793,49.2,13,24,268,167,61.47,265,61,5730,164,663,43,3.46,1
4294,Yoto,Maritime,2022,174451,64.29,24,57,177,258,96.7,75,52,5824,226,982,65,3.37,1
4295,Oti-Sud,Savanes,2022,150806,41.6,16,96,178,567,71.86,131,74,1465,267,155,18,3.75,1
4296,Danyi,Plateaux,2022,40240,84.49,8,52,57,225,56.45,228,70,5848,284,1472,68,3.14,1
4297,Akébou,Plateaux,2022,73188,62.11,5,13,290,193,82.61,312,72,5541,158,1053,72,2.62,1
4298,Oti-Sud,Savanes,2020,150806,81.55,2,88,77,358,52.53,97,82,1638,208,1489,26,2.85,1
4299,Tône,Savanes,2022,388775,77.76,12,47,132,373,96.4,121,41,2991,158,1448,24,3.64,0
4300,Wawa,Plateaux,2023,101300,77.01,30,25,95,137,80.29,276,118,746,43,1604,58,3.81,1
4301,Kpendjal,Savanes,2020,150806,71.5,19,26,182,273,93.42,250,87,3230,120,1711,49,3.59,1
4302,Moyen-Mono,Plateaux,2022,90505,41.6,17,85,157,428,88.42,355,109,2864,89,441,1,4.21,1
4303,Vo,Maritime,2021,224411,62.55,11,37,112,567,77.49,304,92,2571,284,1823,12,3.33,1
4304,Tchaoudjo,Centrale,2020,240360,84.36,22,88,155,397,61.05,51,104,4641,279,17,33,3.61,1
4305,Moyen-Mono,Plateaux,2023,90505,74.21,21,39,119,589,96.05,266,105,611,233,1325,54,3.14,1
4306,Kozah,Kara,2020,283738,41.34,22,31,210,593,78.82,324,106,3542,277,735,47,2.76,1
4307,Haho,Plateaux,2022,305096,88.13,2,83,237,416,84.43,226,88,3736,291,411,47,2.59,1
4308,Kpendjal-Ouest,Savanes,2020,120285,52.84,14,56,246,136,85.74,328,120,1578,117,418,60,2.54,1
4309,Tchamba,Centrale,2021,200585,49.48,4,62,67,582,94.41,90,20,633,204,1518,67,3.14,1
4310,Kloto,Plateaux,2020,145985,44.97,10,79,254,594,82.31,302,76,3587,102,181,6,2.63,1
4311,Wawa,Plateaux,2023,101300,76.24,22,87,238,481,95.63,389,59,5506,38,566,4,4.26,1
4312,Haho,Plateaux,2021,305096,53.12,23,46,242,135,96.2,179,109,4288,125,598,31,4.32,1
4313,Tchamba,Centrale,2022,200585,81.64,21,77,138,340,64.22,299,59,5765,240,1788,16,4.59,1
4314,Yoto,Maritime,2022,174451,40.45,9,13,27,144,73.39,199,86,5183,112,1070,72,4.2,1
4315,Binah,Kara,2020,84739,44.01,26,78,135,383,60.92,243,64,2089,121,869,56,4.7,1
4316,Anié,Plateaux,2020,177188,74.67,9,84,228,493,81.23,347,26,478,5,172,26,3.29,0
4317,Agoè-Nyivé,Maritime,2023,882695,59.52,28,71,231,228,73.88,235,51,409,191,365,63,3.32,1
4318,Agou,Plateaux,2022,85793,94.42,4,69,142,568,77.1,329,90,1742,157,462,10,3.08,1
4319,Kéran,Kara,2022,123138,69.92,22,72,246,365,58.58,340,66,3599,73,1618,8,2.79,0
4320,Haho,Plateaux,2023,305096,91.44,7,41,246,186,90.42,173,111,5342,199,1290,50,3.99,1
4321,Bassar,Kara,2020,152038,79.14,8,55,102,503,50.45,119,62,4680,152,1945,11,2.52,1
4322,Kpendjal-Ouest,Savanes,2022,120285,54.42,3,66,139,53,88.63,290,82,4862,164,178,3,3.05,1
4323,Est-Mono,Plateaux,2021,164460,70.55,27,18,64,221,90.12,80,67,2109,233,1183,16,3.29,0
4324,Kpendjal,Savanes,2023,150806,68.04,26,44,201,508,80.77,126,76,599,16,1759,42,2.9,0
4325,Akébou,Plateaux,2022,73188,59.51,11,66,224,96,87.53,384,36,1084,43,304,4,4.05,1
4326,Haho,Plateaux,2020,305096,82.65,3,94,271,525,63.95,157,66,1949,16,123,22,4.66,0
4327,Tchamba,Centrale,2022,200585,64.03,29,38,68,166,90.46,390,48,2343,276,1777,23,4.23,0
4328,Assoli,Kara,2020,66492,44.67,26,57,96,442,71.5,113,120,5558,37,1283,53,4.46,1
4329,Blitta,Centrale,2020,218753,93.43,9,54,50,510,79.13,112,38,1296,24,1896,13,3.57,0
4330,Est-Mono,Plateaux,2023,164460,73.55,14,14,144,408,94.06,246,25,5043,237,1847,46,3.49,1
4331,Golfe,Maritime,2020,1305681,71.7,15,46,187,540,78.63,74,104,3296,43,1356,0,3.95,1
4332,Avé,Maritime,2022,111214,66.79,3,53,295,365,83.94,130,21,3265,0,1113,41,2.7,0
4333,Anié,Plateaux,2022,177188,41.38,2,75,216,52,62.64,257,78,2624,136,353,53,3.2,1
4334,Akébou,Plateaux,2020,73188,67.18,20,85,201,445,91.36,107,94,3544,98,1569,79,2.89,1
4335,Wawa,Plateaux,2020,101300,66.83,7,25,145,131,83.49,254,64,5463,55,680,67,3.12,1
4336,Blitta,Centrale,2021,218753,61.67,16,23,163,77,54.43,324,105,4305,176,573,66,3.82,1
4337,Lacs,Maritime,2023,241207,73.91,5,99,188,383,55.83,343,104,735,236,876,13,2.55,1
4338,Doufelgou,Kara,2023,87588,48.87,24,38,74,443,90.0,131,78,3938,67,274,6,3.04,1
4339,Akébou,Plateaux,2021,73188,68.63,23,46,23,586,93.17,124,75,3141,118,756,35,4.72,0
4340,Oti-Sud,Savanes,2021,150806,46.31,9,77,27,145,57.26,385,107,1493,155,137,42,2.75,1
4341,Est-Mono,Plateaux,2020,164460,43.6,9,44,247,346,65.8,295,69,4665,246,1985,63,4.03,1
4342,Anié,Plateaux,2022,177188,54.1,13,18,160,258,56.83,307,89,1000,52,1609,32,2.82,1
4343,Kpendjal,Savanes,2023,150806,55.58,8,61,91,143,79.69,298,94,614,83,623,9,2.56,1
4344,Agoè-Nyivé,Maritime,2022,882695,53.27,13,12,70,50,70.09,260,117,3518,241,1363,6,3.81,1
4345,Vo,Maritime,2023,224411,80.31,15,61,231,243,70.04,142,52,2816,31,123,23,4.69,0
4346,Moyen-Mono,Plateaux,2023,90505,89.89,25,34,247,291,53.95,313,62,4057,17,768,2,2.62,1
4347,Bassar,Kara,2022,152038,76.62,2,7,240,541,79.09,387,97,4240,95,1457,53,4.35,1
4348,Zio,Maritime,2023,500032,63.15,24,89,101,378,57.89,136,92,966,297,148,78,4.14,1
4349,Haho,Plateaux,2022,305096,87.33,28,25,273,288,90.67,153,108,5218,179,1084,31,4.12,1
4350,Kloto,Plateaux,2022,145985,90.55,27,83,123,138,95.02,265,34,3137,51,792,46,3.03,0
4351,Lacs,Maritime,2020,241207,50.07,10,74,166,369,66.45,368,92,2269,10,1055,31,3.33,1
4352,Tandjoaré,Savanes,2020,35537,79.8,21,96,252,255,86.66,396,72,3471,239,490,45,3.31,0
4353,Oti-Sud,Savanes,2022,150806,48.34,28,84,178,478,64.08,131,34,1730,68,1721,65,4.74,1
4354,Tône,Savanes,2020,388775,61.62,3,38,132,507,76.91,226,44,1150,23,1251,60,4.57,0
4355,Oti,Savanes,2021,123324,51.61,14,62,231,181,87.79,164,38,5161,176,1423,64,3.38,1
4356,Tchaoudjo,Centrale,2020,240360,89.8,27,98,233,413,82.33,180,101,2986,267,21,2,3.68,1
4357,Oti,Savanes,2020,123324,77.1,22,77,73,160,83.99,307,103,3847,154,228,31,4.06,1
4358,Oti,Savanes,2021,123324,87.67,24,12,122,271,61.02,389,92,5959,143,1004,80,4.78,1
4359,Tchamba,Centrale,2023,200585,55.09,26,28,277,429,74.18,300,56,3228,8,1311,7,4.13,1
4360,Yoto,Maritime,2020,174451,59.35,25,89,88,495,74.48,362,69,5340,98,1667,11,2.74,1
4361,Bas-Mono,Maritime,2022,95380,42.43,30,20,202,429,61.44,331,50,4680,176,289,56,3.46,1
4362,Vo,Maritime,2022,224411,42.25,7,51,150,226,66.53,125,116,1634,185,398,14,2.57,1
4363,Doufelgou,Kara,2020,87588,78.33,14,48,59,350,62.85,322,26,4211,286,186,80,2.89,1
4364,Tchamba,Centrale,2022,200585,92.56,25,10,75,109,63.99,279,97,1617,250,1514,42,4.23,1
4365,Sotouboua,Centrale,2023,141404,43.61,18,19,30,504,56.37,317,20,5725,241,320,68,4.25,1
4366,Tône,Savanes,2020,388775,72.17,23,47,243,322,77.93,72,69,5370,83,1251,6,2.95,1
4367,Dankpen,Kara,2020,184632,75.63,10,49,58,322,55.04,72,105,3014,60,403,22,2.58,1
4368,Kloto,Plateaux,2022,145985,76.3,15,83,261,421,73.63,152,30,5957,127,1239,36,4.16,1
4369,Bas-Mono,Maritime,2022,95380,55.76,12,98,282,371,82.8,225,49,4071,235,928,4,4.08,1
4370,Bas-Mono,Maritime,2023,95380,71.04,29,84,207,468,86.4,331,47,4607,192,1158,58,3.38,1
4371,Oti-Sud,Savanes,2023,150806,62.53,15,30,221,473,53.2,360,34,1302,67,1576,54,3.49,0
4372,Sotouboua,Centrale,2021,141404,73.8,6,19,286,62,93.99,349,36,2498,19,991,66,4.15,0
4373,Golfe,Maritime,2021,1305681,56.52,4,38,56,570,84.03,165,83,3679,274,651,56,3.94,1
4374,Kozah,Kara,2021,283738,69.07,11,5,140,465,62.96,186,112,1741,256,1772,35,2.77,1
4375,Danyi,Plateaux,2023,40240,65.15,21,96,227,250,63.16,263,47,3606,170,404,44,3.66,0
4376,Kpélé,Plateaux,2021,81620,76.82,28,81,172,408,63.73,345,114,1773,153,1295,69,4.1,1
4377,Dankpen,Kara,2020,184632,94.51,11,7,223,446,92.38,62,120,5321,25,238,17,4.43,1
4378,Avé,Maritime,2022,111214,80.62,9,67,136,193,94.72,192,74,3006,210,1001,76,4.36,0
4379,Amou,Plateaux,2020,110948,63.6,4,90,169,478,63.71,330,86,4192,206,1340,2,4.27,1
4380,Golfe,Maritime,2020,1305681,94.18,2,96,181,392,84.32,344,95,2427,68,1538,2,4.4,1
4381,Mô,Centrale,2020,52448,41.34,14,86,234,196,92.72,180,110,1673,39,591,8,2.87,1
4382,Assoli,Kara,2022,66492,68.9,14,26,273,87,92.52,106,65,3371,2,1046,45,3.6,0
4383,Kpendjal-Ouest,Savanes,2023,120285,54.51,22,99,102,450,97.11,62,32,5265,82,407,30,2.72,1
4384,Kloto,Plateaux,2022,145985,40.93,7,57,207,583,91.42,396,111,4052,166,1077,80,2.97,1
4385,Vo,Maritime,2021,224411,71.01,3,71,298,68,74.48,277,65,227,260,892,50,4.54,0
4386,Agou,Plateaux,2022,85793,42.72,24,70,131,69,53.66,180,68,2962,246,482,5,4.78,1
4387,Amou,Plateaux,2022,110948,52.53,7,72,114,385,62.15,193,92,1477,100,1913,19,3.23,1
4388,Tandjoaré,Savanes,2021,35537,79.59,5,49,281,134,80.51,230,45,5833,137,1486,64,4.68,1
4389,Doufelgou,Kara,2020,87588,66.31,2,68,107,340,76.49,164,28,4739,186,1686,76,2.94,1
4390,Zio,Maritime,2022,500032,79.54,3,100,288,596,52.04,170,74,5869,53,1444,54,4.35,1
4391,Binah,Kara,2021,84739,81.16,13,8,296,490,61.83,140,46,735,52,1903,27,4.23,0
4392,Vo,Maritime,2022,224411,66.47,9,39,221,120,97.49,263,51,3471,206,1359,22,4.21,0
4393,Dankpen,Kara,2020,184632,46.81,3,85,300,328,56.07,101,65,3160,223,1849,24,2.53,1
4394,Kozah,Kara,2022,283738,48.58,6,9,103,195,85.36,159,85,4998,129,428,21,3.26,1
4395,Est-Mono,Plateaux,2022,164460,65.73,20,60,179,546,83.24,387,34,961,47,1240,45,3.38,0
4396,Kéran,Kara,2022,123138,74.97,9,31,192,386,68.08,144,118,1767,74,701,11,2.51,1
4397,Mô,Centrale,2021,52448,63.36,10,49,233,292,64.94,130,117,1849,204,301,5,3.18,1
4398,Amou,Plateaux,2021,110948,44.08,13,75,43,321,68.37,229,120,272,206,1379,54,4.5,1
4399,Danyi,Plateaux,2023,40240,42.56,25,64,210,93,90.47,296,44,1989,126,194,70,3.33,1
4400,Kéran,Kara,2020,123138,59.86,10,58,152,131,63.0,90,55,2968,150,109,25,3.08,1
4401,Moyen-Mono,Plateaux,2020,90505,48.65,9,62,111,171,56.2,202,74,5677,289,1758,70,4.7,1
4402,Yoto,Maritime,2021,174451,83.69,20,26,240,483,60.48,256,90,5522,118,760,59,4.44,1
4403,Wawa,Plateaux,2023,101300,90.98,19,54,75,394,57.68,300,97,4346,32,614,19,2.53,1
4404,Tchaoudjo,Centrale,2023,240360,48.36,3,85,177,192,86.68,269,75,1183,235,27,15,3.68,1
4405,Agou,Plateaux,2023,85793,53.34,3,83,292,316,74.25,170,81,1153,249,1083,3,4.26,1
4406,Yoto,Maritime,2022,174451,73.11,12,58,185,156,66.78,90,79,1282,246,857,2,4.02,0
4407,Kéran,Kara,2020,123138,61.73,16,7,29,576,89.86,110,48,4471,162,565,14,2.9,1
4408,Kpélé,Plateaux,2022,81620,90.52,26,78,269,426,51.23,164,67,319,100,475,63,3.51,0
4409,Akébou,Plateaux,2023,73188,80.13,13,20,299,581,57.9,63,24,5171,84,1392,15,3.6,1
4410,Bas-Mono,Maritime,2021,95380,50.41,5,74,172,404,50.47,121,54,3239,92,1733,48,4.06,1
4411,Kloto,Plateaux,2020,145985,93.85,24,87,144,546,89.7,315,37,2732,201,1711,26,3.31,0
4412,Moyen-Mono,Plateaux,2022,90505,55.04,25,33,39,209,72.25,56,92,2974,142,1209,54,2.65,1
4413,Oti,Savanes,2020,123324,86.64,20,82,241,244,77.95,222,102,2055,19,1663,25,3.94,1
4414,Mô,Centrale,2022,52448,48.2,29,44,101,587,50.8,346,58,1876,299,117,32,3.36,1
4415,Oti-Sud,Savanes,2021,150806,57.6,8,100,56,205,52.47,255,86,2234,102,388,15,3.1,1
4416,Blitta,Centrale,2022,218753,72.39,19,87,69,192,88.15,286,28,2071,231,1944,76,3.17,0
4417,Haho,Plateaux,2020,305096,46.45,5,5,156,592,83.37,341,52,1613,59,184,42,3.04,1
4418,Sotouboua,Centrale,2020,141404,80.24,5,32,60,74,68.34,252,81,1729,181,1679,17,4.41,1
4419,Blitta,Centrale,2020,218753,74.81,19,68,140,92,64.92,351,21,2411,109,1194,65,4.11,0
4420,Doufelgou,Kara,2023,87588,45.87,10,8,213,278,91.33,129,85,1703,36,36,3,3.3,1
4421,Tandjoaré,Savanes,2020,35537,62.18,30,22,236,51,87.03,312,40,1343,208,1891,12,2.63,0
4422,Kpendjal-Ouest,Savanes,2023,120285,60.71,2,53,30,231,78.72,202,44,453,143,1048,63,2.88,0
4423,Doufelgou,Kara,2023,87588,72.27,29,76,138,568,89.13,342,57,5185,13,1903,35,4.06,1
4424,Vo,Maritime,2020,224411,50.41,15,47,260,220,72.97,123,105,5131,134,483,59,3.02,1
4425,Binah,Kara,2021,84739,52.47,30,38,82,247,91.9,338,66,4991,12,931,20,4.46,1
4426,Tchaoudjo,Centrale,2020,240360,75.88,29,96,204,289,80.76,205,87,1059,59,1597,78,4.53,1
4427,Avé,Maritime,2020,111214,66.04,10,36,288,318,72.79,303,89,3981,97,699,11,2.79,1
4428,Kozah,Kara,2022,283738,63.71,24,59,247,320,89.19,273,24,3268,261,613,72,4.28,0
4429,Golfe,Maritime,2021,1305681,85.7,23,61,212,287,51.94,330,49,1793,288,212,17,3.7,0
4430,Agoè-Nyivé,Maritime,2020,882695,48.78,22,23,272,342,72.82,284,61,5330,298,1489,61,3.86,1
4431,Danyi,Plateaux,2021,40240,73.1,7,82,225,476,54.18,285,38,4435,256,1579,27,4.33,1
4432,Agou,Plateaux,2022,85793,43.37,23,97,183,595,83.7,98,47,1746,261,1885,67,4.24,1
4433,Agou,Plateaux,2022,85793,60.16,23,24,218,86,52.33,101,85,5847,32,843,39,3.22,1
4434,Doufelgou,Kara,2020,87588,68.94,29,78,271,558,63.05,137,67,5390,54,1880,47,2.91,1
4435,Akébou,Plateaux,2022,73188,65.33,18,98,174,189,80.74,317,81,647,179,1410,1,4.41,1
4436,Binah,Kara,2020,84739,83.99,24,97,124,296,63.21,244,113,4187,211,543,27,3.35,1
4437,Akébou,Plateaux,2023,73188,70.4,5,65,222,75,57.5,354,104,2338,118,927,61,4.09,1
4438,Agou,Plateaux,2020,85793,61.56,8,36,249,346,87.79,307,28,464,243,650,59,2.89,0
4439,Kloto,Plateaux,2020,145985,56.95,24,23,111,351,73.86,251,22,1402,279,1594,35,3.68,1
4440,Cinkassé,Savanes,2020,173987,58.65,30,82,155,188,95.45,59,36,4869,41,1270,29,4.22,1
4441,Kozah,Kara,2021,283738,43.88,2,100,277,569,81.4,194,118,5346,136,708,5,3.72,1
4442,Est-Mono,Plateaux,2020,164460,82.71,19,5,223,421,77.25,125,115,5040,207,568,8,3.07,1
4443,Tchamba,Centrale,2023,200585,80.58,13,38,76,97,50.16,305,52,4546,295,1748,45,2.59,1
4444,Kloto,Plateaux,2020,145985,42.82,5,39,21,303,81.82,140,67,701,223,219,41,4.26,1
4445,Kloto,Plateaux,2021,145985,93.73,15,90,238,376,76.38,95,41,1113,9,644,78,2.61,0
4446,Kéran,Kara,2023,123138,69.61,29,5,86,302,69.42,198,92,3444,206,935,51,3.3,1
4447,Oti,Savanes,2021,123324,71.58,24,65,46,516,92.5,208,44,5335,200,88,7,3.48,1
4448,Binah,Kara,2023,84739,67.2,2,36,260,457,79.57,62,89,737,174,1738,60,4.25,1
4449,Kpendjal-Ouest,Savanes,2022,120285,60.56,3,90,92,72,62.1,148,91,5995,5,341,41,3.06,1
4450,Tandjoaré,Savanes,2022,35537,74.5,9,81,247,521,60.69,376,70,2263,279,426,5,2.9,0
4451,Tchaoudjo,Centrale,2022,240360,61.71,19,93,170,265,96.07,123,22,500,93,1829,68,4.08,0
4452,Anié,Plateaux,2023,177188,41.4,12,64,107,298,58.59,116,103,5449,80,52,79,3.24,1
4453,Haho,Plateaux,2022,305096,79.54,23,45,98,83,53.43,255,47,2808,275,1995,24,3.67,0
4454,Mô,Centrale,2023,52448,76.69,19,90,30,374,72.74,51,104,4354,186,564,12,4.64,1
4455,Tchaoudjo,Centrale,2023,240360,44.84,6,11,250,183,63.15,213,51,4478,18,1034,10,3.52,1
4456,Oti,Savanes,2022,123324,59.18,21,14,227,182,55.74,276,76,1385,168,1879,58,4.15,1
4457,Wawa,Plateaux,2022,101300,73.09,20,8,214,349,57.36,299,80,5112,30,168,22,3.33,1
4458,Blitta,Centrale,2023,218753,65.43,17,36,61,76,72.07,241,45,1914,221,1544,9,3.55,0
4459,Cinkassé,Savanes,2021,173987,72.39,24,55,74,580,91.24,183,31,434,257,1034,23,2.61,0
4460,Blitta,Centrale,2021,218753,45.31,8,10,115,405,88.69,369,44,5916,276,1445,57,3.6,1
4461,Ogou,Plateaux,2020,253467,79.86,23,87,84,232,86.17,304,80,3885,262,1354,23,4.72,0
4462,Kpélé,Plateaux,2022,81620,52.3,28,96,54,126,68.63,54,32,3725,219,1908,68,2.64,1
4463,Kéran,Kara,2023,123138,60.97,16,22,155,337,75.9,83,62,2775,225,1006,29,2.58,0
4464,Tandjoaré,Savanes,2022,35537,71.45,14,38,143,260,92.9,344,36,4775,93,1224,15,3.06,1
4465,Danyi,Plateaux,2021,40240,41.03,13,62,76,367,50.26,151,61,3223,211,674,21,4.72,1
4466,Golfe,Maritime,2022,1305681,90.33,16,46,213,190,92.72,285,114,652,69,1719,0,3.03,1
4467,Agoè-Nyivé,Maritime,2023,882695,84.19,14,88,145,482,75.44,281,114,948,292,80,57,4.54,1
4468,Mô,Centrale,2021,52448,47.75,13,42,228,117,88.34,128,117,200,271,279,12,3.77,1
4469,Vo,Maritime,2023,224411,84.71,7,11,78,345,57.63,66,59,1704,102,1098,33,3.51,0
4470,Akébou,Plateaux,2021,73188,44.07,20,54,191,510,58.31,111,83,1882,98,1115,75,2.7,1
4471,Kpélé,Plateaux,2023,81620,55.28,10,47,202,389,89.84,345,24,3044,88,480,67,4.36,1
4472,Tchaoudjo,Centrale,2022,240360,47.31,25,87,284,275,62.25,200,64,3119,153,139,25,4.63,1
4473,Haho,Plateaux,2021,305096,75.89,18,14,40,535,79.19,101,43,1798,21,350,30,2.57,0
4474,Sotouboua,Centrale,2023,141404,73.65,18,12,116,157,80.74,383,65,2101,289,12,16,3.81,0
4475,Zio,Maritime,2023,500032,40.82,28,60,86,379,72.08,85,55,717,176,1011,38,4.61,1
4476,Kpélé,Plateaux,2022,81620,83.84,11,81,103,91,59.84,364,22,2158,31,1928,0,3.36,0
4477,Kéran,Kara,2022,123138,51.18,19,92,294,506,93.8,142,106,882,31,1442,72,2.9,1
4478,Amou,Plateaux,2022,110948,66.59,20,44,256,259,71.14,264,74,2390,82,1769,22,3.63,0
4479,Yoto,Maritime,2020,174451,68.1,18,97,291,551,58.4,286,59,1209,270,1549,62,3.55,0
4480,Assoli,Kara,2023,66492,77.71,10,37,63,449,58.21,212,107,3857,64,779,54,4.07,1
4481,Ogou,Plateaux,2020,253467,46.86,17,71,145,262,80.09,84,114,4300,168,1521,45,4.25,1
4482,Anié,Plateaux,2023,177188,45.23,17,41,279,252,65.27,374,65,3716,272,1085,16,2.59,1
4483,Yoto,Maritime,2021,174451,91.97,30,70,218,534,58.7,298,70,5659,74,1160,56,4.28,1
4484,Assoli,Kara,2020,66492,77.04,14,95,164,473,95.75,352,70,2704,248,345,28,4.79,0
4485,Anié,Plateaux,2021,177188,56.22,25,36,114,436,95.17,60,75,380,192,12,26,4.52,1
4486,Bas-Mono,Maritime,2023,95380,56.97,11,71,94,176,71.28,217,28,3047,276,0,35,2.91,1
4487,Kéran,Kara,2021,123138,49.18,27,38,172,288,86.61,186,93,4811,83,48,42,4.77,1
4488,Oti-Sud,Savanes,2023,150806,70.98,2,11,80,158,62.15,394,119,4412,298,1316,43,3.62,1
4489,Golfe,Maritime,2022,1305681,44.11,14,97,243,321,91.68,188,91,400,274,580,28,2.75,1
4490,Dankpen,Kara,2020,184632,64.05,3,9,135,68,77.81,179,75,5636,68,733,35,2.63,1
4491,Avé,Maritime,2023,111214,42.13,17,43,28,370,60.74,61,68,1528,60,991,37,2.83,1
4492,Kpendjal,Savanes,2023,150806,45.57,18,35,288,572,86.75,279,83,2655,86,1492,69,3.86,1
4493,Golfe,Maritime,2023,1305681,94.09,22,61,235,206,89.99,152,101,638,272,476,55,2.91,1
4494,Oti,Savanes,2020,123324,91.15,16,69,20,93,86.88,283,36,347,279,437,40,4.78,0
4495,Kpélé,Plateaux,2022,81620,59.49,6,97,179,189,95.86,271,51,4303,131,132,77,4.11,1
4496,Kpendjal-Ouest,Savanes,2022,120285,62.15,17,26,199,141,60.89,185,45,3547,241,1183,54,3.63,0
4497,Agoè-Nyivé,Maritime,2022,882695,78.65,20,85,77,62,90.37,345,50,5167,189,272,32,4.01,1
4498,Dankpen,Kara,2023,184632,52.58,2,57,172,527,95.5,63,71,5374,127,288,63,3.48,1
4499,Oti-Sud,Savanes,2022,150806,80.12,2,9,166,125,91.42,379,91,2358,3,177,75,4.27,1
4500,Est-Mono,Plateaux,2020,164460,67.16,7,84,276,252,83.93,95,53,1973,55,1396,50,3.07,0
4501,Moyen-Mono,Plateaux,2022,90505,74.8,5,86,287,541,90.14,359,64,3861,242,549,11,2.69,0
4502,Akébou,Plateaux,2021,73188,45.73,9,7,168,328,66.39,297,60,5417,35,246,71,3.6,1
4503,Sotouboua,Centrale,2023,141404,74.14,19,94,136,257,86.0,390,106,416,182,315,60,2.9,1
4504,Tône,Savanes,2023,388775,61.77,10,37,135,256,62.99,143,45,315,190,533,45,4.11,0
4505,Danyi,Plateaux,2020,40240,71.58,27,58,62,507,92.73,78,97,5869,290,1595,7,2.79,1
4506,Zio,Maritime,2023,500032,44.38,15,67,125,377,77.01,399,51,3571,28,1430,76,3.65,1
4507,Doufelgou,Kara,2021,87588,61.14,22,53,172,552,94.07,230,83,4137,249,1654,44,4.58,1
4508,Danyi,Plateaux,2021,40240,44.87,15,68,293,553,64.5,81,118,2521,179,1533,35,3.35,1
4509,Golfe,Maritime,2022,1305681,75.19,21,5,73,429,75.01,310,94,2761,220,1717,76,3.1,1
4510,Blitta,Centrale,2023,218753,91.87,19,90,178,401,71.74,261,75,3103,290,992,69,4.43,0
4511,Blitta,Centrale,2020,218753,65.58,29,7,300,561,74.93,89,68,304,59,1488,75,3.72,0
4512,Danyi,Plateaux,2023,40240,56.94,18,87,188,65,51.23,95,107,4193,276,457,73,4.13,1
4513,Cinkassé,Savanes,2021,173987,54.38,28,45,117,526,87.05,104,107,3114,186,1848,75,3.85,1
4514,Kpendjal,Savanes,2020,150806,70.21,23,21,52,56,81.15,289,96,2443,0,605,47,3.6,1
4515,Haho,Plateaux,2020,305096,84.97,13,100,241,118,63.83,172,45,2137,33,125,45,3.91,0
4516,Cinkassé,Savanes,2022,173987,80.42,23,81,114,441,66.64,155,52,4133,207,409,18,4.58,1
4517,Tchaoudjo,Centrale,2020,240360,76.11,28,94,69,164,55.2,237,114,5715,258,500,76,2.73,1
4518,Agoè-Nyivé,Maritime,2023,882695,64.32,14,65,210,285,67.4,71,59,2231,110,1075,18,3.73,0
4519,Vo,Maritime,2023,224411,65.06,5,14,89,81,62.38,236,75,1020,267,1677,7,2.72,0
4520,Kpendjal,Savanes,2021,150806,60.04,18,24,290,63,88.96,232,80,1127,297,1192,68,3.78,0
4521,Akébou,Plateaux,2022,73188,43.02,22,69,27,265,57.33,133,71,3332,161,1714,0,3.84,1
4522,Anié,Plateaux,2023,177188,84.26,15,12,137,205,83.56,268,102,5715,68,1384,62,4.51,1
4523,Ogou,Plateaux,2022,253467,87.59,14,69,294,464,85.41,141,38,393,114,839,53,4.56,0
4524,Danyi,Plateaux,2021,40240,61.23,19,85,78,495,60.99,114,71,2332,273,1813,30,4.78,0
4525,Doufelgou,Kara,2021,87588,92.54,22,38,199,271,54.98,305,44,667,169,196,37,4.02,0
4526,Bas-Mono,Maritime,2021,95380,94.43,16,52,32,546,59.2,130,44,820,15,1913,13,4.59,0
4527,Mô,Centrale,2021,52448,91.01,27,63,219,306,93.88,232,80,3894,29,1507,27,4.55,0
4528,Ogou,Plateaux,2022,253467,42.34,24,81,234,284,97.19,319,28,2632,125,1658,70,4.06,1
4529,Sotouboua,Centrale,2020,141404,88.3,29,56,122,439,51.87,329,45,2233,27,1430,37,3.77,0
4530,Akébou,Plateaux,2021,73188,70.8,10,12,250,568,50.42,192,32,3230,298,801,74,2.89,0
4531,Cinkassé,Savanes,2020,173987,64.6,27,97,230,353,93.63,261,83,1020,230,314,27,4.19,1
4532,Ogou,Plateaux,2022,253467,91.92,2,85,107,391,59.38,188,37,1644,264,1431,65,3.55,0
4533,Anié,Plateaux,2022,177188,45.66,18,22,202,218,74.77,325,67,5924,57,347,16,3.28,1
4534,Agou,Plateaux,2022,85793,42.91,27,74,213,187,52.4,86,76,3803,138,1591,70,4.02,1
4535,Kpendjal,Savanes,2023,150806,51.03,8,42,171,89,62.27,93,61,2787,255,829,7,2.86,1
4536,Blitta,Centrale,2020,218753,83.25,10,77,194,553,92.54,97,87,2858,62,354,27,4.79,1
4537,Anié,Plateaux,2020,177188,77.53,28,37,108,506,52.35,166,41,5725,250,1565,56,3.91,1
4538,Tône,Savanes,2021,388775,89.23,14,66,48,115,90.44,114,82,3069,289,937,0,4.13,1
4539,Oti,Savanes,2020,123324,43.26,28,49,239,187,88.83,88,33,4133,254,1292,20,2.58,1
4540,Golfe,Maritime,2022,1305681,60.7,18,73,95,328,80.09,368,46,2977,181,1315,4,3.5,0
4541,Vo,Maritime,2023,224411,81.1,6,68,272,499,59.83,273,30,4267,213,1079,46,3.28,1
4542,Kloto,Plateaux,2021,145985,86.49,12,7,231,433,54.43,374,92,826,231,436,56,4.33,1
4543,Assoli,Kara,2021,66492,40.12,15,81,172,80,60.1,126,88,4995,12,1896,8,2.77,1
4544,Kpélé,Plateaux,2022,81620,92.47,14,60,145,99,83.47,193,94,3855,140,704,48,2.61,1
4545,Oti,Savanes,2021,123324,77.08,11,18,201,449,55.07,63,115,5976,48,22,19,3.73,1
4546,Danyi,Plateaux,2021,40240,69.62,4,47,135,246,54.38,84,79,5769,180,1214,17,3.89,1
4547,Zio,Maritime,2020,500032,71.33,18,75,271,275,85.77,375,74,5002,8,962,7,3.63,1
4548,Lacs,Maritime,2021,241207,79.61,5,7,296,252,87.04,254,68,4595,218,1003,64,3.45,1
4549,Kloto,Plateaux,2020,145985,68.69,11,62,300,439,80.08,212,97,2433,165,819,22,3.85,1
4550,Oti,Savanes,2022,123324,45.93,8,59,156,58,95.18,172,46,1466,223,902,48,4.25,1
4551,Moyen-Mono,Plateaux,2022,90505,57.85,28,37,124,446,87.37,390,32,1663,166,425,9,4.66,1
4552,Akébou,Plateaux,2020,73188,41.4,26,16,263,491,92.88,201,32,1266,21,1709,55,3.94,1
4553,Moyen-Mono,Plateaux,2023,90505,47.11,13,20,175,162,63.2,157,61,2184,42,318,12,3.01,1
4554,Oti,Savanes,2020,123324,49.95,14,52,196,461,67.81,164,116,673,251,1500,19,2.6,1
4555,Golfe,Maritime,2022,1305681,63.65,9,46,31,384,93.94,240,26,1018,215,1383,55,2.89,0
4556,Assoli,Kara,2020,66492,70.4,24,25,76,97,63.42,288,77,1268,167,1339,65,4.21,0
4557,Tchamba,Centrale,2021,200585,66.03,27,56,21,101,56.55,218,52,2445,69,1330,38,4.48,0
4558,Bas-Mono,Maritime,2020,95380,66.63,15,86,99,180,92.78,389,83,579,287,1955,44,3.39,1
4559,Blitta,Centrale,2023,218753,85.75,30,16,207,288,68.77,375,25,1897,240,1255,13,2.68,0
4560,Tchamba,Centrale,2022,200585,76.01,18,95,132,544,65.89,98,90,2002,284,1390,33,2.75,1
4561,Amou,Plateaux,2023,110948,67.9,10,61,59,228,59.55,298,68,344,257,841,18,2.79,0
4562,Kéran,Kara,2023,123138,77.05,2,68,295,239,64.73,301,66,3683,217,487,62,3.02,0
4563,Est-Mono,Plateaux,2023,164460,91.98,22,49,47,306,89.14,387,46,5482,171,1926,51,3.16,1
4564,Wawa,Plateaux,2021,101300,79.36,3,20,234,190,65.92,348,109,418,79,585,31,2.98,1
4565,Moyen-Mono,Plateaux,2023,90505,72.64,7,89,121,82,94.63,81,53,5479,280,401,35,4.09,1
4566,Kpendjal-Ouest,Savanes,2022,120285,41.07,2,30,98,504,51.38,223,34,2498,83,1583,23,4.63,1
4567,Danyi,Plateaux,2022,40240,71.91,27,10,250,568,97.1,380,32,2756,88,1837,36,4.74,0
4568,Tchaoudjo,Centrale,2022,240360,83.15,3,90,205,189,55.14,114,105,2134,164,1163,34,3.74,1
4569,Oti,Savanes,2022,123324,90.46,12,55,51,145,87.88,192,79,5396,144,1174,11,3.2,1
4570,Ogou,Plateaux,2023,253467,42.18,24,35,226,527,66.73,250,107,5295,291,1271,36,2.6,1
4571,Akébou,Plateaux,2020,73188,55.44,27,10,91,316,72.08,215,26,474,27,726,17,3.52,1
4572,Vo,Maritime,2023,224411,56.94,30,49,227,130,90.41,364,67,543,136,840,8,4.19,1
4573,Sotouboua,Centrale,2022,141404,74.92,20,74,123,329,58.33,203,24,3144,70,430,42,3.52,0
4574,Akébou,Plateaux,2023,73188,46.46,25,33,91,102,82.09,391,110,5161,197,788,35,3.89,1
4575,Danyi,Plateaux,2020,40240,57.22,29,70,104,539,83.43,108,27,4359,232,1097,24,3.41,1
4576,Wawa,Plateaux,2023,101300,58.78,4,97,130,365,76.57,264,87,4687,224,490,79,4.61,1
4577,Kloto,Plateaux,2023,145985,81.28,20,70,24,208,67.83,196,38,1657,128,495,30,2.7,0
4578,Kpendjal,Savanes,2023,150806,61.63,3,95,75,480,91.36,57,103,4123,37,384,75,3.24,1
4579,Agoè-Nyivé,Maritime,2022,882695,41.15,26,39,288,405,66.91,345,30,3518,56,780,23,4.42,1
4580,Bas-Mono,Maritime,2023,95380,52.49,20,64,45,94,59.44,89,81,2609,298,775,76,4.56,1
4581,Oti,Savanes,2022,123324,49.37,10,16,231,84,65.35,271,69,2898,213,490,2,3.27,1
4582,Tchamba,Centrale,2021,200585,58.84,22,74,94,116,55.93,170,71,1230,62,358,21,4.52,1
4583,Vo,Maritime,2022,224411,52.77,20,48,70,150,70.95,399,92,4828,260,1512,32,4.54,1
4584,Anié,Plateaux,2020,177188,47.36,28,6,195,301,63.63,136,81,2930,90,1400,70,2.81,1
4585,Vo,Maritime,2023,224411,81.19,15,50,233,294,84.18,255,52,682,140,577,67,2.65,0
4586,Zio,Maritime,2023,500032,62.34,27,12,248,165,56.52,376,112,2457,256,710,18,4.16,1
4587,Est-Mono,Plateaux,2023,164460,62.47,21,68,261,286,92.12,303,42,3738,190,1084,41,2.63,0
4588,Est-Mono,Plateaux,2020,164460,60.19,4,78,172,584,60.36,128,78,2795,205,37,60,3.5,0
4589,Kpendjal-Ouest,Savanes,2020,120285,49.29,8,81,195,222,93.81,211,32,5999,160,14,6,2.5,1
4590,Danyi,Plateaux,2020,40240,71.04,13,22,271,327,81.33,144,64,4317,65,975,79,2.51,1
4591,Amou,Plateaux,2022,110948,57.17,17,53,168,568,75.1,103,24,2463,87,1072,34,4.18,1
4592,Haho,Plateaux,2022,305096,90.86,21,51,238,136,55.38,348,96,2573,87,860,68,4.26,1
4593,Kpendjal-Ouest,Savanes,2022,120285,68.9,17,6,35,567,60.94,54,39,1792,227,634,25,3.67,0
4594,Agou,Plateaux,2022,85793,91.55,23,5,234,376,56.09,95,48,2007,165,1708,76,2.59,0
4595,Doufelgou,Kara,2022,87588,83.53,19,62,43,477,72.06,380,92,5643,163,1406,18,4.19,1
4596,Kloto,Plateaux,2020,145985,83.18,25,70,213,245,55.46,247,79,2570,67,1834,25,3.46,0
4597,Blitta,Centrale,2022,218753,72.17,2,46,146,393,79.1,292,80,2681,186,1939,28,4.18,0
4598,Vo,Maritime,2023,224411,62.5,11,21,228,160,61.16,200,56,3660,289,1338,51,2.55,0
4599,Kéran,Kara,2022,123138,72.19,22,65,84,84,57.87,384,59,3491,185,1938,18,2.7,0
4600,Dankpen,Kara,2020,184632,78.67,14,31,218,193,76.7,159,50,4461,87,881,1,2.92,1
4601,Haho,Plateaux,2020,305096,48.49,14,82,169,66,66.95,249,64,5472,123,709,16,3.58,1
4602,Cinkassé,Savanes,2022,173987,89.32,26,37,113,391,54.69,271,94,3626,250,535,5,4.15,1
4603,Haho,Plateaux,2020,305096,50.78,26,67,268,412,80.99,311,70,2600,123,653,26,3.39,1
4604,Doufelgou,Kara,2020,87588,66.98,4,20,265,553,91.43,154,91,478,23,220,27,4.53,1
4605,Dankpen,Kara,2021,184632,51.44,25,37,282,504,52.45,128,55,5573,259,1543,38,4.37,1
4606,Kozah,Kara,2020,283738,48.24,13,22,290,338,97.84,166,76,5458,298,1940,48,3.82,1
4607,Golfe,Maritime,2020,1305681,86.82,17,14,221,487,97.94,185,48,4383,13,946,24,2.55,1
4608,Kéran,Kara,2021,123138,57.82,22,23,290,214,58.08,315,85,1777,171,1723,6,3.09,1
4609,Assoli,Kara,2023,66492,82.57,15,36,137,297,55.81,89,38,3346,217,277,25,3.85,0
4610,Amou,Plateaux,2022,110948,94.64,7,67,170,423,63.52,282,117,4627,101,193,30,2.57,1
4611,Sotouboua,Centrale,2021,141404,91.96,4,96,256,595,82.03,222,113,5599,266,3,76,4.71,1
4612,Tandjoaré,Savanes,2022,35537,85.99,26,34,95,194,66.98,272,44,2027,31,1418,28,3.93,0
4613,Blitta,Centrale,2020,218753,78.98,22,33,168,502,72.94,133,64,5467,259,1354,70,3.19,1
4614,Mô,Centrale,2021,52448,51.49,19,68,85,207,61.3,123,53,1703,20,1026,36,2.94,1
4615,Tône,Savanes,2023,388775,56.16,30,90,127,585,65.21,76,35,3849,178,367,22,3.12,1
4616,Agou,Plateaux,2023,85793,73.88,30,68,264,244,71.55,297,32,5681,239,38,55,3.21,1
4617,Golfe,Maritime,2021,1305681,94.92,22,90,106,288,75.2,148,88,5108,78,143,27,3.02,1
4618,Akébou,Plateaux,2023,73188,43.02,30,25,162,487,97.4,137,35,796,3,1041,3,4.78,1
4619,Dankpen,Kara,2020,184632,85.92,5,66,172,378,79.79,199,74,3912,234,1214,30,3.0,0
4620,Bassar,Kara,2021,152038,46.15,7,56,24,228,84.98,198,43,5555,65,892,54,4.54,1
4621,Bassar,Kara,2020,152038,60.89,9,53,256,81,73.09,79,78,5810,22,1011,54,3.83,1
4622,Bassar,Kara,2021,152038,64.57,11,37,78,459,51.67,396,91,1590,272,1772,7,3.71,1
4623,Oti-Sud,Savanes,2023,150806,85.24,16,67,126,140,50.31,252,106,236,275,1594,73,4.31,1
4624,Agoè-Nyivé,Maritime,2022,882695,56.43,9,69,248,107,91.36,232,44,1299,107,913,64,2.76,1
4625,Ogou,Plateaux,2023,253467,67.81,29,84,154,526,52.09,253,33,2907,277,891,74,2.84,0
4626,Kozah,Kara,2020,283738,85.12,16,79,242,263,64.59,126,66,4585,287,1351,43,3.75,1
4627,Kéran,Kara,2022,123138,50.84,12,53,278,62,75.97,380,69,3855,285,635,79,2.8,1
4628,Oti,Savanes,2021,123324,41.09,3,17,109,358,62.65,153,36,881,69,1537,63,3.63,1
4629,Tchamba,Centrale,2022,200585,71.59,22,49,157,420,75.31,244,36,2375,174,148,78,2.77,0
4630,Moyen-Mono,Plateaux,2020,90505,53.96,21,62,86,265,95.34,200,30,5762,175,664,19,3.91,1
4631,Agoè-Nyivé,Maritime,2021,882695,51.64,20,64,182,213,72.26,104,29,2401,55,1959,72,3.74,1
4632,Wawa,Plateaux,2022,101300,59.74,6,85,167,269,64.73,96,27,2289,214,1495,13,4.74,1
4633,Avé,Maritime,2020,111214,91.83,30,14,87,80,89.26,289,119,5359,107,1477,43,2.71,1
4634,Oti-Sud,Savanes,2021,150806,57.2,16,93,29,381,50.96,179,47,5322,15,441,67,2.64,1
4635,Kpélé,Plateaux,2023,81620,64.83,6,51,252,156,73.54,122,40,4404,148,1761,21,3.12,1
4636,Est-Mono,Plateaux,2020,164460,66.8,21,76,253,491,72.8,382,37,3846,65,690,41,4.55,0
4637,Est-Mono,Plateaux,2020,164460,64.1,6,26,31,479,85.72,149,29,3436,188,700,10,2.62,0
4638,Akébou,Plateaux,2020,73188,81.68,14,8,51,359,91.59,344,37,4647,17,548,15,3.87,1
4639,Ogou,Plateaux,2023,253467,53.78,20,9,178,388,75.78,73,103,349,75,1015,63,3.44,1
4640,Tône,Savanes,2022,388775,45.93,25,94,55,204,56.03,201,115,1836,227,555,2,3.8,1
4641,Lacs,Maritime,2020,241207,50.17,16,76,85,353,94.82,156,113,565,60,1119,57,3.48,1
4642,Vo,Maritime,2021,224411,60.58,30,20,102,344,80.29,190,21,3912,67,683,79,3.02,0
4643,Danyi,Plateaux,2023,40240,59.32,5,96,271,588,70.7,321,65,5817,267,902,80,3.85,1
4644,Oti-Sud,Savanes,2020,150806,46.42,6,8,240,482,96.69,155,45,600,136,1093,43,3.74,1
4645,Golfe,Maritime,2022,1305681,63.25,18,50,215,547,88.87,203,88,218,296,757,8,4.09,1
4646,Tchamba,Centrale,2023,200585,82.3,11,40,225,465,57.98,280,48,4804,211,936,78,2.53,1
4647,Golfe,Maritime,2023,1305681,90.97,17,17,266,56,97.49,308,31,1579,22,1058,14,4.49,0
4648,Ogou,Plateaux,2020,253467,69.3,6,66,100,539,61.38,366,65,4531,77,1379,79,4.5,1
4649,Tchaoudjo,Centrale,2021,240360,54.1,18,5,26,267,66.77,85,96,2298,265,992,0,2.85,1
4650,Lacs,Maritime,2022,241207,61.73,25,21,200,503,53.91,398,114,1867,62,120,75,2.65,1
4651,Golfe,Maritime,2022,1305681,57.05,4,48,166,94,63.95,175,90,4643,35,1364,1,3.72,1
4652,Kpélé,Plateaux,2022,81620,73.24,11,71,282,348,65.45,51,67,298,152,964,1,3.62,0
4653,Zio,Maritime,2020,500032,53.28,10,31,297,291,82.48,205,112,4540,92,908,5,3.18,1
4654,Cinkassé,Savanes,2020,173987,70.77,16,42,75,462,89.1,274,44,4649,117,495,75,2.71,1
4655,Kozah,Kara,2023,283738,82.19,3,86,151,547,78.36,326,116,712,291,1404,68,3.41,1
4656,Tchaoudjo,Centrale,2023,240360,65.0,14,66,77,302,87.07,95,73,912,282,1755,30,2.69,0
4657,Doufelgou,Kara,2023,87588,46.21,10,12,100,590,72.8,106,74,3681,208,273,38,4.04,1
4658,Golfe,Maritime,2023,1305681,54.25,28,25,52,168,64.65,276,35,2743,243,1800,80,3.25,1
4659,Anié,Plateaux,2021,177188,45.41,13,33,166,215,84.26,172,61,459,200,1227,5,4.06,1
4660,Binah,Kara,2021,84739,52.39,12,78,300,87,56.26,398,106,2462,52,1451,3,3.66,1
4661,Agou,Plateaux,2023,85793,77.24,14,61,65,589,73.76,267,49,4257,141,1996,73,3.24,1
4662,Amou,Plateaux,2021,110948,84.16,12,49,98,346,78.25,347,28,2386,173,542,64,2.95,0
4663,Danyi,Plateaux,2021,40240,70.27,15,88,115,185,77.23,352,115,1076,165,1200,53,3.56,1
4664,Kozah,Kara,2023,283738,55.06,17,50,269,514,73.08,200,50,5537,40,636,2,4.0,1
4665,Yoto,Maritime,2020,174451,56.37,24,43,54,294,86.31,298,20,3047,278,1905,68,4.06,1
4666,Tchaoudjo,Centrale,2020,240360,60.35,26,50,31,213,50.1,280,80,1638,33,1908,49,4.06,0
4667,Akébou,Plateaux,2022,73188,83.88,30,64,39,510,75.97,357,46,4703,280,283,50,3.04,1
4668,Tchaoudjo,Centrale,2020,240360,71.62,21,30,162,211,66.62,59,75,5202,38,1631,5,3.24,1
4669,Binah,Kara,2021,84739,90.49,24,85,46,415,60.51,102,64,4528,36,1244,51,3.73,1
4670,Vo,Maritime,2023,224411,72.07,27,74,298,336,54.46,388,20,1613,238,275,34,3.73,0
4671,Tchamba,Centrale,2022,200585,48.45,2,54,243,417,64.35,63,71,619,46,1643,36,3.3,1
4672,Agoè-Nyivé,Maritime,2023,882695,46.51,7,68,141,441,81.3,181,28,1990,222,912,73,3.94,1
4673,Kpélé,Plateaux,2021,81620,92.41,22,36,71,553,74.8,122,101,430,127,803,16,4.34,1
4674,Tandjoaré,Savanes,2023,35537,56.42,2,57,58,151,96.85,273,91,5177,75,796,32,4.58,1
4675,Kloto,Plateaux,2023,145985,43.09,4,50,217,255,56.17,228,30,2659,254,714,14,3.51,1
4676,Oti,Savanes,2020,123324,41.47,21,69,212,472,62.88,373,52,5906,173,1097,1,4.7,1
4677,Danyi,Plateaux,2020,40240,59.4,19,100,211,401,69.22,382,110,3154,97,1703,64,2.83,1
4678,Ogou,Plateaux,2022,253467,69.26,28,52,263,259,62.76,388,89,3858,238,1296,67,3.64,1
4679,Kpendjal-Ouest,Savanes,2022,120285,93.47,20,52,236,260,71.91,356,65,5769,50,861,40,4.09,1
4680,Tchaoudjo,Centrale,2021,240360,64.69,16,10,165,424,81.5,151,42,1107,156,1216,48,2.63,0
4681,Akébou,Plateaux,2021,73188,57.77,25,19,195,365,59.8,60,47,842,137,1408,48,4.64,1
4682,Tchamba,Centrale,2023,200585,90.96,22,41,22,272,80.05,272,81,4857,213,55,25,4.19,1
4683,Mô,Centrale,2023,52448,57.34,11,37,118,307,71.66,232,70,4909,198,1374,55,3.62,1
4684,Kpendjal-Ouest,Savanes,2020,120285,56.04,23,67,137,475,54.23,292,58,3828,217,1860,11,3.7,1
4685,Oti-Sud,Savanes,2022,150806,48.84,11,95,146,343,53.15,63,28,1320,6,1173,13,3.58,1
4686,Kpendjal,Savanes,2021,150806,48.45,2,31,157,406,81.36,80,97,914,249,1909,32,2.79,1
4687,Wawa,Plateaux,2021,101300,48.43,13,5,188,386,75.86,324,41,4064,80,1049,33,3.08,1
4688,Bassar,Kara,2020,152038,42.38,3,52,247,54,62.69,186,54,4459,146,764,19,2.72,1
4689,Amou,Plateaux,2023,110948,89.7,24,25,155,589,64.56,99,95,3093,231,131,5,3.05,1
4690,Danyi,Plateaux,2020,40240,86.61,5,10,247,161,68.97,123,66,1274,159,351,68,3.17,0
4691,Est-Mono,Plateaux,2023,164460,69.83,12,11,128,165,55.9,257,99,4948,81,467,24,3.81,1
4692,Kpendjal-Ouest,Savanes,2020,120285,89.98,8,57,108,292,85.01,287,76,2249,46,1554,14,3.05,0
4693,Cinkassé,Savanes,2023,173987,86.55,20,40,99,117,86.33,74,42,384,251,270,47,3.55,0
4694,Oti,Savanes,2021,123324,51.76,30,57,247,285,72.28,376,86,894,241,950,80,4.67,1
4695,Agoè-Nyivé,Maritime,2023,882695,63.09,22,85,260,495,59.99,381,56,1957,300,151,22,4.04,0
4696,Binah,Kara,2020,84739,91.8,19,31,286,536,63.17,231,33,912,79,1863,17,4.2,0
4697,Sotouboua,Centrale,2020,141404,82.39,8,16,33,95,52.46,346,55,5622,242,141,34,4.72,1
4698,Doufelgou,Kara,2021,87588,71.58,11,80,144,193,57.83,162,41,3845,213,447,34,2.74,0
4699,Agoè-Nyivé,Maritime,2022,882695,51.24,8,96,136,341,54.86,374,91,823,182,756,70,3.98,1
4700,Agou,Plateaux,2021,85793,79.63,5,61,34,311,72.48,200,66,2558,127,1541,75,4.77,0
4701,Wawa,Plateaux,2021,101300,51.17,28,65,81,475,67.13,63,83,5860,269,1104,32,4.41,1
4702,Kpendjal,Savanes,2023,150806,47.89,22,15,209,160,53.05,109,93,4404,31,1887,56,2.63,1
4703,Est-Mono,Plateaux,2023,164460,80.6,14,76,195,131,76.09,249,31,3772,260,78,31,4.45,0
4704,Danyi,Plateaux,2020,40240,44.98,2,32,128,378,75.99,390,30,5180,192,1344,37,2.51,1
4705,Moyen-Mono,Plateaux,2021,90505,86.56,16,7,180,496,94.09,287,77,787,2,436,56,4.18,0
4706,Avé,Maritime,2022,111214,59.42,13,85,131,154,78.18,105,38,5530,146,403,7,4.39,1
4707,Kéran,Kara,2022,123138,46.12,25,16,110,476,91.68,62,119,3776,29,152,41,4.74,1
4708,Doufelgou,Kara,2022,87588,91.2,28,86,93,53,55.04,98,107,1095,139,823,37,4.4,1
4709,Tchaoudjo,Centrale,2020,240360,58.2,9,92,205,480,93.66,301,83,5547,214,1884,48,3.55,1
4710,Kpendjal-Ouest,Savanes,2023,120285,61.93,25,45,25,485,58.05,123,85,3009,82,983,44,2.58,1
4711,Akébou,Plateaux,2022,73188,90.16,11,91,130,160,75.13,392,53,397,135,1414,69,2.76,0
4712,Tône,Savanes,2020,388775,82.15,5,39,116,546,51.42,101,79,2387,212,1216,44,3.2,0
4713,Est-Mono,Plateaux,2021,164460,46.51,22,24,226,378,87.71,106,20,5869,148,904,1,2.63,1
4714,Doufelgou,Kara,2021,87588,88.52,13,51,159,433,65.73,260,78,2815,209,204,7,4.21,0
4715,Moyen-Mono,Plateaux,2021,90505,54.24,2,56,143,237,53.86,295,74,2040,238,950,70,2.66,1
4716,Amou,Plateaux,2020,110948,53.92,12,44,103,121,65.71,58,117,3030,287,669,35,2.67,1
4717,Blitta,Centrale,2020,218753,74.23,25,26,160,495,65.12,103,85,5502,175,977,31,2.74,1
4718,Kpendjal,Savanes,2023,150806,70.11,29,51,43,396,55.05,238,109,385,84,552,25,4.51,1
4719,Anié,Plateaux,2020,177188,60.4,5,81,206,126,96.84,127,84,4637,290,664,34,3.56,1
4720,Doufelgou,Kara,2020,87588,94.5,2,28,108,562,58.91,324,91,2613,124,1381,57,4.34,1
4721,Tchamba,Centrale,2021,200585,68.24,3,57,67,432,66.44,154,74,1841,24,1401,50,2.63,0
4722,Zio,Maritime,2023,500032,81.94,17,8,224,288,90.66,215,94,1978,196,273,27,2.68,1
4723,Bassar,Kara,2023,152038,59.0,3,25,201,316,58.78,261,30,2183,46,1780,54,4.69,1
4724,Agoè-Nyivé,Maritime,2020,882695,90.12,20,45,144,187,74.15,234,81,3865,286,1091,53,4.4,1
4725,Zio,Maritime,2023,500032,44.78,8,69,170,227,92.42,349,110,3445,2,532,28,4.38,1
4726,Kpendjal,Savanes,2021,150806,93.63,25,84,147,183,87.2,153,68,2123,95,1756,3,3.72,0
4727,Dankpen,Kara,2021,184632,71.24,21,64,163,540,52.1,371,49,971,124,1095,62,4.53,0
4728,Sotouboua,Centrale,2022,141404,40.34,27,23,210,62,72.17,60,27,2689,275,184,34,3.14,1
4729,Ogou,Plateaux,2022,253467,80.75,27,49,223,362,73.84,358,36,2183,197,1385,35,3.36,0
4730,Kpélé,Plateaux,2022,81620,53.13,2,81,224,535,69.74,104,42,732,294,1096,77,2.89,1
4731,Golfe,Maritime,2021,1305681,44.15,9,43,120,452,71.33,216,20,4037,128,1104,77,4.31,1
4732,Bassar,Kara,2021,152038,83.9,16,57,163,185,56.46,168,83,5777,273,890,8,4.49,1
4733,Tchamba,Centrale,2021,200585,77.97,11,61,293,248,66.33,339,25,4559,150,197,31,3.34,1
4734,Kpendjal,Savanes,2022,150806,73.26,5,7,247,593,59.4,179,36,2457,196,355,22,3.07,0
4735,Haho,Plateaux,2021,305096,46.0,19,78,250,555,86.86,246,92,5171,282,560,11,3.32,1
4736,Kpendjal-Ouest,Savanes,2022,120285,46.3,17,83,200,396,62.89,127,115,3439,166,1764,47,3.38,1
4737,Agou,Plateaux,2023,85793,84.19,8,9,165,492,62.81,168,61,4539,91,1647,36,3.58,1
4738,Oti-Sud,Savanes,2023,150806,87.79,23,89,101,249,97.28,151,72,1409,281,1973,37,2.88,0
4739,Amou,Plateaux,2022,110948,60.83,21,28,138,424,52.13,154,69,756,102,1650,69,3.29,0
4740,Danyi,Plateaux,2021,40240,86.57,27,45,130,53,50.42,274,116,5367,10,1010,0,4.41,1
4741,Tchaoudjo,Centrale,2022,240360,71.51,21,27,153,144,53.04,90,93,4856,273,1301,10,4.38,1
4742,Bassar,Kara,2021,152038,68.94,30,53,165,557,51.62,256,97,3113,5,1019,75,3.12,1
4743,Mô,Centrale,2023,52448,68.88,20,29,59,591,88.0,61,117,3817,290,863,40,4.58,1
4744,Wawa,Plateaux,2022,101300,56.31,21,5,157,58,62.06,243,86,3508,141,70,29,4.26,1
4745,Kozah,Kara,2021,283738,91.74,6,67,268,244,84.78,155,116,658,208,1392,14,4.52,1
4746,Tchamba,Centrale,2022,200585,93.29,3,90,56,409,60.26,235,105,2710,127,830,4,4.42,1
4747,Tchaoudjo,Centrale,2022,240360,53.18,7,98,220,69,83.38,307,22,1609,139,1758,4,3.56,1
4748,Haho,Plateaux,2021,305096,57.27,12,69,166,430,65.13,160,76,4107,24,713,55,4.7,1
4749,Dankpen,Kara,2023,184632,70.86,22,71,37,424,67.29,165,83,900,174,1125,60,3.94,1
4750,Akébou,Plateaux,2020,73188,48.81,23,7,267,339,60.39,227,103,4514,228,1762,7,3.87,1
4751,Avé,Maritime,2020,111214,88.34,11,5,138,569,77.25,94,70,4912,74,1182,25,3.36,1
4752,Ogou,Plateaux,2022,253467,50.92,15,25,55,273,93.77,292,62,5511,187,1660,70,3.06,1
4753,Kéran,Kara,2020,123138,50.85,20,50,43,107,81.9,266,99,4827,74,984,45,3.91,1
4754,Kloto,Plateaux,2021,145985,70.92,24,43,207,560,87.27,78,64,4196,283,969,31,3.21,1
4755,Binah,Kara,2020,84739,79.32,2,49,49,431,94.41,184,94,3550,0,404,21,4.31,1
4756,Zio,Maritime,2022,500032,65.96,13,85,209,493,66.86,352,29,2392,22,262,63,2.89,0
4757,Avé,Maritime,2021,111214,57.25,16,25,212,289,54.04,287,31,5415,81,1240,39,3.24,1
4758,Agou,Plateaux,2020,85793,75.45,5,41,285,488,91.93,302,105,3979,259,916,38,4.73,1
4759,Golfe,Maritime,2023,1305681,82.9,23,90,37,490,76.63,98,63,5593,117,1349,56,4.74,1
4760,Mô,Centrale,2021,52448,92.31,22,52,269,226,73.73,160,81,2982,63,939,11,3.98,1
4761,Lacs,Maritime,2023,241207,74.84,24,91,177,561,62.24,344,42,1217,257,648,47,3.87,0
4762,Kéran,Kara,2020,123138,77.21,29,40,196,359,52.17,122,103,1389,146,67,71,3.39,1
4763,Doufelgou,Kara,2021,87588,74.11,4,66,117,518,59.2,160,90,818,55,399,43,3.74,1
4764,Amou,Plateaux,2021,110948,41.3,14,25,275,224,81.79,121,62,5515,19,65,18,4.34,1
4765,Tchaoudjo,Centrale,2022,240360,65.4,12,80,174,486,88.42,393,45,3359,118,1984,4,3.83,0
4766,Haho,Plateaux,2023,305096,80.44,12,52,50,339,81.73,329,72,1782,227,427,21,3.03,0
4767,Kloto,Plateaux,2021,145985,52.47,27,8,137,431,76.59,253,70,1445,231,1443,9,3.47,1
4768,Tchaoudjo,Centrale,2023,240360,46.62,16,17,99,503,77.7,205,85,5874,109,885,13,4.79,1
4769,Yoto,Maritime,2023,174451,76.6,10,69,168,238,78.11,166,100,858,171,588,80,3.14,1
4770,Moyen-Mono,Plateaux,2020,90505,58.48,19,61,160,584,85.12,279,49,5172,64,356,50,2.93,1
4771,Haho,Plateaux,2021,305096,41.84,25,88,296,88,84.62,337,103,4049,35,458,21,3.64,1
4772,Vo,Maritime,2022,224411,57.09,8,7,99,333,72.8,174,50,4711,145,620,80,3.86,1
4773,Bas-Mono,Maritime,2020,95380,84.46,20,47,184,127,64.85,343,66,1684,168,13,35,4.28,0
4774,Doufelgou,Kara,2023,87588,81.88,15,100,241,120,96.35,191,99,2473,107,671,74,4.72,1
4775,Blitta,Centrale,2020,218753,46.32,2,23,143,175,94.92,127,92,1129,189,463,31,3.32,1
4776,Anié,Plateaux,2023,177188,60.03,27,71,87,592,62.55,225,91,2749,173,1370,72,3.72,1
4777,Bas-Mono,Maritime,2022,95380,45.77,18,77,26,171,73.15,71,61,5588,98,1711,13,2.73,1
4778,Dankpen,Kara,2021,184632,47.95,6,31,296,582,89.46,394,29,2026,68,1000,55,4.63,1
4779,Wawa,Plateaux,2021,101300,86.27,8,41,186,342,69.27,362,97,4320,143,1065,32,2.7,1
4780,Amou,Plateaux,2021,110948,76.26,26,82,272,215,72.31,288,34,1991,128,1996,45,3.36,0
4781,Avé,Maritime,2023,111214,54.5,5,73,234,59,52.87,256,96,753,235,1480,66,3.78,1
4782,Vo,Maritime,2023,224411,47.96,24,58,225,57,72.32,352,116,1326,175,160,77,2.63,1
4783,Kozah,Kara,2020,283738,41.13,15,84,237,462,80.17,195,85,2493,202,880,52,3.92,1
4784,Danyi,Plateaux,2023,40240,70.27,18,66,234,251,62.27,221,95,3218,162,507,29,2.98,1
4785,Vo,Maritime,2022,224411,78.35,11,11,28,94,87.45,165,71,1068,78,719,52,3.13,0
4786,Haho,Plateaux,2023,305096,82.89,2,10,294,564,75.93,158,49,4679,11,594,75,3.19,1
4787,Doufelgou,Kara,2021,87588,43.57,21,82,179,584,81.57,67,80,3527,215,596,4,3.32,1
4788,Vo,Maritime,2022,224411,78.99,27,44,237,540,81.67,297,94,4883,214,839,80,3.89,1
4789,Kpélé,Plateaux,2023,81620,82.97,9,40,84,544,82.82,291,21,5388,239,711,80,4.58,1
4790,Kozah,Kara,2020,283738,60.16,24,89,252,551,59.14,279,98,5089,23,501,2,4.63,1
4791,Cinkassé,Savanes,2020,173987,89.12,26,92,106,383,92.86,120,93,1717,285,247,11,4.37,1
4792,Haho,Plateaux,2020,305096,58.79,17,20,188,111,72.22,341,76,267,49,1765,35,3.1,1
4793,Agoè-Nyivé,Maritime,2022,882695,82.57,27,69,284,507,81.1,50,110,2945,154,1537,35,3.01,1
4794,Ogou,Plateaux,2023,253467,82.93,27,44,55,452,80.08,390,96,2726,219,1141,37,4.7,1
4795,Ogou,Plateaux,2022,253467,41.32,3,95,194,282,92.79,218,106,5978,7,127,41,3.27,1
4796,Oti,Savanes,2020,123324,75.58,14,79,256,286,90.73,323,115,1061,173,1162,51,2.71,1
4797,Yoto,Maritime,2022,174451,61.06,3,21,178,271,62.8,80,71,596,167,1425,8,3.25,0
4798,Golfe,Maritime,2023,1305681,56.32,30,32,114,175,73.93,55,69,5727,291,1098,51,4.35,1
4799,Zio,Maritime,2020,500032,89.47,16,22,35,298,77.19,203,84,5288,241,1500,5,4.15,1
4800,Kpendjal,Savanes,2021,150806,45.26,18,18,25,152,57.25,273,39,937,153,225,36,3.19,1
4801,Sotouboua,Centrale,2022,141404,80.04,29,82,71,184,89.66,125,57,1333,194,773,77,3.59,0
4802,Amou,Plateaux,2021,110948,70.47,20,20,200,229,87.94,266,106,4743,230,1304,54,3.29,1
4803,Tône,Savanes,2021,388775,47.88,8,16,192,191,94.87,217,45,2927,136,1817,48,2.82,1
4804,Danyi,Plateaux,2021,40240,49.03,11,18,197,486,89.4,337,102,610,211,1882,72,3.05,1
4805,Haho,Plateaux,2021,305096,53.2,20,5,128,193,85.94,137,106,2396,38,915,52,4.41,1
4806,Sotouboua,Centrale,2020,141404,66.22,13,81,61,314,65.86,254,76,2435,122,26,77,2.87,0
4807,Vo,Maritime,2020,224411,55.81,3,92,189,236,64.97,153,32,443,233,1912,31,3.01,1
4808,Vo,Maritime,2022,224411,52.25,11,43,44,171,83.49,246,38,2957,68,839,57,4.36,1
4809,Sotouboua,Centrale,2021,141404,69.69,26,15,137,469,78.12,217,69,2722,209,840,33,2.91,0
4810,Assoli,Kara,2023,66492,79.32,28,80,219,520,51.06,357,73,1790,39,528,55,2.58,0
4811,Moyen-Mono,Plateaux,2023,90505,76.73,19,70,38,578,76.38,352,44,1205,54,236,18,3.86,0
4812,Est-Mono,Plateaux,2021,164460,52.39,23,26,204,463,61.9,247,49,922,52,448,6,2.7,1
4813,Agou,Plateaux,2022,85793,57.21,27,79,191,484,96.02,72,115,1180,69,1173,58,4.52,1
4814,Tchamba,Centrale,2021,200585,91.58,19,95,165,580,66.66,292,24,2115,232,841,4,3.13,0
4815,Wawa,Plateaux,2022,101300,47.03,3,38,112,472,81.1,71,36,3477,110,609,48,2.81,1
4816,Kpendjal-Ouest,Savanes,2023,120285,84.31,19,68,215,393,79.82,236,81,1835,69,708,26,3.58,1
4817,Tône,Savanes,2023,388775,61.97,25,70,90,227,67.38,164,83,1446,218,1823,13,3.25,1
4818,Vo,Maritime,2021,224411,79.53,24,15,24,582,50.4,327,24,3023,11,879,7,3.52,0
4819,Tône,Savanes,2022,388775,65.56,9,50,106,248,61.12,229,89,4501,297,1294,55,3.31,1
4820,Agou,Plateaux,2023,85793,54.41,13,29,117,415,81.65,115,22,1553,265,1751,41,4.11,1
4821,Haho,Plateaux,2021,305096,70.7,29,29,270,166,65.45,361,69,5253,47,1858,79,4.2,1
4822,Avé,Maritime,2020,111214,56.1,22,54,162,408,59.08,273,47,4926,26,1123,39,3.82,1
4823,Moyen-Mono,Plateaux,2023,90505,50.83,19,16,261,246,56.96,60,39,5430,180,900,71,2.51,1
4824,Lacs,Maritime,2022,241207,63.1,21,15,117,384,82.26,317,30,2759,24,788,38,3.61,0
4825,Tchamba,Centrale,2022,200585,62.04,12,55,25,481,76.25,60,90,4416,141,99,66,2.72,1
4826,Tône,Savanes,2021,388775,52.1,26,88,172,171,96.92,269,95,3980,21,1374,0,4.51,1
4827,Cinkassé,Savanes,2022,173987,54.8,14,84,104,502,70.62,199,94,1023,51,640,75,4.46,1
4828,Vo,Maritime,2023,224411,72.71,20,86,218,370,66.6,382,89,5124,200,1469,60,4.02,1
4829,Lacs,Maritime,2020,241207,63.38,22,61,260,201,74.77,353,84,1811,196,624,78,3.79,1
4830,Haho,Plateaux,2021,305096,63.85,3,70,265,285,73.13,302,75,1983,155,710,78,4.64,0
4831,Binah,Kara,2021,84739,45.78,2,71,48,347,75.24,224,62,680,206,969,12,4.02,1
4832,Sotouboua,Centrale,2023,141404,67.69,10,92,69,279,79.13,295,108,4047,192,1559,52,4.72,1
4833,Golfe,Maritime,2020,1305681,57.95,14,8,248,528,90.49,61,118,1703,127,1350,35,3.48,1
4834,Oti-Sud,Savanes,2021,150806,87.05,24,19,144,402,76.64,138,52,228,52,729,47,4.62,0
4835,Bassar,Kara,2020,152038,64.47,17,33,86,252,78.86,387,115,302,160,7,24,4.62,1
4836,Kpélé,Plateaux,2022,81620,44.24,5,59,93,191,81.51,258,100,3609,13,1466,50,3.44,1
4837,Yoto,Maritime,2022,174451,50.3,23,55,92,459,55.64,391,78,388,184,831,28,4.35,1
4838,Blitta,Centrale,2020,218753,65.83,6,26,193,106,68.88,62,92,3435,131,1644,20,3.98,1
4839,Mô,Centrale,2022,52448,65.75,19,57,220,67,85.3,63,24,2568,203,1081,61,3.6,0
4840,Sotouboua,Centrale,2021,141404,42.21,4,27,106,407,65.89,161,113,763,149,23,76,2.8,1
4841,Vo,Maritime,2020,224411,73.05,23,82,78,435,86.48,312,105,4625,95,1419,24,4.27,1
4842,Mô,Centrale,2021,52448,78.32,12,21,294,56,92.06,390,29,403,245,702,48,4.42,0
4843,Vo,Maritime,2022,224411,56.0,7,79,161,595,81.06,201,86,5200,277,525,39,3.84,1
4844,Oti-Sud,Savanes,2020,150806,91.1,5,62,155,158,77.34,301,23,243,44,259,34,4.51,0
4845,Akébou,Plateaux,2022,73188,88.8,27,43,227,434,59.51,311,57,1496,94,1262,28,4.65,0
4846,Kloto,Plateaux,2022,145985,57.43,12,67,177,339,89.92,118,43,469,55,1342,15,4.26,1
4847,Tandjoaré,Savanes,2022,35537,56.28,7,75,75,144,64.51,132,63,370,213,346,74,3.94,1
4848,Tchaoudjo,Centrale,2023,240360,58.69,19,5,33,599,53.84,220,47,4173,25,624,11,4.32,1
4849,Kozah,Kara,2020,283738,66.08,18,62,23,170,68.04,169,66,1589,239,1800,74,3.63,0
4850,Est-Mono,Plateaux,2022,164460,50.61,20,53,90,125,53.09,115,41,390,156,1051,73,3.42,1
4851,Ogou,Plateaux,2022,253467,79.95,19,70,210,80,76.44,92,96,4527,192,816,0,3.09,1
4852,Est-Mono,Plateaux,2020,164460,82.45,4,28,57,587,66.45,306,52,5347,208,672,25,4.08,1
4853,Kpendjal-Ouest,Savanes,2021,120285,60.9,2,11,274,272,57.91,293,74,4202,178,1489,76,3.86,1
4854,Dankpen,Kara,2023,184632,41.38,18,76,252,148,85.71,261,111,2109,135,1457,34,3.79,1
4855,Kpélé,Plateaux,2023,81620,73.4,2,88,276,280,57.56,150,101,3257,272,1752,10,3.81,1
4856,Kpélé,Plateaux,2021,81620,55.68,28,100,252,395,82.34,109,79,1285,265,777,26,2.67,1
4857,Amou,Plateaux,2023,110948,94.42,2,99,294,401,54.11,317,76,1618,237,940,43,3.46,0
4858,Wawa,Plateaux,2021,101300,60.38,6,30,283,516,64.94,133,118,785,253,1297,29,3.13,1
4859,Amou,Plateaux,2022,110948,86.87,3,38,76,238,62.44,130,95,5605,249,1980,57,4.3,1
4860,Doufelgou,Kara,2023,87588,68.05,30,62,177,311,70.95,336,111,3739,175,1221,72,4.79,1
4861,Agou,Plateaux,2021,85793,52.83,12,41,107,569,63.38,159,36,3140,212,176,43,2.61,1
4862,Cinkassé,Savanes,2022,173987,73.87,20,5,185,206,90.41,168,66,2551,96,1768,6,3.61,0
4863,Danyi,Plateaux,2020,40240,73.17,13,54,270,254,58.6,188,52,435,11,1197,19,2.98,0
4864,Blitta,Centrale,2021,218753,40.91,13,5,78,321,56.48,311,37,3220,16,1158,56,2.69,1
4865,Mô,Centrale,2021,52448,57.38,8,32,48,196,59.93,340,73,355,253,1835,47,3.2,1
4866,Moyen-Mono,Plateaux,2021,90505,83.11,19,94,95,399,96.91,109,45,513,298,1726,51,3.2,0
4867,Kloto,Plateaux,2022,145985,69.12,24,51,63,589,88.31,95,53,4745,47,1333,33,4.31,1
4868,Kpendjal,Savanes,2020,150806,86.23,10,20,245,90,53.38,283,93,1894,53,1758,16,2.62,1
4869,Tchamba,Centrale,2022,200585,76.58,17,86,163,405,66.95,255,98,1234,108,1111,14,2.9,1
4870,Vo,Maritime,2020,224411,89.43,27,58,68,168,56.31,109,53,5685,253,1863,60,3.87,1
4871,Tchaoudjo,Centrale,2023,240360,40.37,27,21,74,144,76.08,389,33,484,240,1440,39,3.96,1
4872,Kéran,Kara,2022,123138,91.48,6,50,190,105,82.05,71,120,5893,151,842,71,2.68,1
4873,Est-Mono,Plateaux,2020,164460,61.39,11,59,100,300,90.02,90,110,5998,188,645,34,3.72,1
4874,Golfe,Maritime,2022,1305681,55.37,23,43,56,455,83.04,398,31,1107,74,1583,26,2.58,1
4875,Kozah,Kara,2020,283738,88.98,4,73,54,272,87.78,69,28,745,201,1179,19,3.22,0
4876,Kpendjal-Ouest,Savanes,2023,120285,64.87,14,85,223,578,94.2,183,84,5025,48,1533,0,4.38,1
4877,Vo,Maritime,2020,224411,93.56,18,97,181,213,90.53,269,60,3820,181,13,12,2.51,0
4878,Est-Mono,Plateaux,2021,164460,50.15,17,66,258,179,96.72,144,103,225,237,299,22,2.93,1
4879,Agoè-Nyivé,Maritime,2023,882695,50.45,20,24,34,533,56.98,251,47,481,25,1274,24,3.24,1
4880,Agou,Plateaux,2020,85793,84.54,8,52,297,472,80.55,260,39,1296,87,953,5,4.12,0
4881,Sotouboua,Centrale,2022,141404,75.8,8,66,74,575,56.12,215,72,2263,137,606,20,3.34,0
4882,Blitta,Centrale,2020,218753,94.35,22,98,282,204,96.72,95,68,4991,90,1811,74,3.21,1
4883,Moyen-Mono,Plateaux,2023,90505,76.08,21,19,182,57,88.76,84,60,3226,7,361,42,3.82,0
4884,Akébou,Plateaux,2020,73188,84.72,20,47,49,62,52.38,195,42,2056,279,1308,6,4.03,0
4885,Vo,Maritime,2021,224411,64.31,29,73,278,554,69.96,219,115,1092,224,1619,71,4.15,1
4886,Danyi,Plateaux,2023,40240,89.68,21,13,228,452,68.03,56,86,3461,158,322,42,4.04,1
4887,Kpendjal,Savanes,2021,150806,55.28,27,39,25,152,95.35,316,29,3385,119,4,53,4.73,1
4888,Haho,Plateaux,2023,305096,41.18,10,87,22,512,78.32,289,79,4489,112,1966,44,4.12,1
4889,Mô,Centrale,2022,52448,60.61,9,69,150,193,69.04,244,110,1277,36,702,34,3.84,1
4890,Avé,Maritime,2023,111214,92.68,3,52,217,529,51.18,320,49,3609,44,1887,54,2.89,0
4891,Oti,Savanes,2023,123324,85.31,13,14,47,332,80.15,398,51,2436,229,1842,25,3.49,0
4892,Kpendjal,Savanes,2021,150806,82.02,15,90,298,585,81.9,362,79,5024,206,34,33,3.18,1
4893,Assoli,Kara,2021,66492,58.71,21,11,232,532,73.02,268,50,3401,179,1704,30,2.93,1
4894,Kpélé,Plateaux,2020,81620,89.78,4,7,224,232,77.26,253,94,4649,103,1874,65,3.16,1
4895,Zio,Maritime,2021,500032,68.5,3,54,254,216,74.64,103,38,1952,281,586,31,4.21,0
4896,Tandjoaré,Savanes,2023,35537,77.16,30,45,73,169,85.81,394,43,1911,234,1587,60,4.11,0
4897,Tchaoudjo,Centrale,2021,240360,79.09,17,39,23,372,91.32,309,105,4254,200,30,61,2.69,1
4898,Oti-Sud,Savanes,2020,150806,46.92,16,52,221,406,76.23,204,96,1801,145,1345,22,3.03,1
4899,Tandjoaré,Savanes,2023,35537,51.91,19,30,69,60,96.97,128,65,2686,100,1577,13,3.29,1
4900,Bassar,Kara,2020,152038,93.76,28,97,136,594,62.16,225,119,405,263,1975,16,2.56,1
4901,Kpendjal,Savanes,2021,150806,56.62,17,96,231,350,78.57,354,62,3869,13,1309,36,2.51,1
4902,Tandjoaré,Savanes,2020,35537,68.81,5,17,240,126,82.16,78,60,4537,49,894,66,4.75,1
4903,Kloto,Plateaux,2020,145985,75.38,18,96,118,219,78.02,107,72,3969,179,1678,58,4.57,0
4904,Kpendjal-Ouest,Savanes,2020,120285,79.08,19,8,166,389,79.8,63,114,823,41,1617,24,4.33,1
4905,Tône,Savanes,2023,388775,85.95,15,30,104,90,82.33,350,77,298,99,763,15,4.16,0
4906,Vo,Maritime,2020,224411,59.56,26,44,72,339,78.61,368,55,4646,296,859,62,3.64,1
4907,Kloto,Plateaux,2020,145985,85.11,17,99,218,365,87.74,165,32,4911,175,726,73,3.07,1
4908,Oti-Sud,Savanes,2020,150806,52.33,22,64,173,329,96.07,112,42,1945,277,1547,31,3.24,1
4909,Amou,Plateaux,2020,110948,80.77,7,12,279,458,81.53,398,91,2886,176,73,10,3.58,1
4910,Binah,Kara,2021,84739,49.85,29,82,236,171,82.78,159,107,3707,293,1442,17,3.0,1
4911,Doufelgou,Kara,2020,87588,91.61,19,21,82,283,82.35,126,81,2309,262,1613,54,3.92,1
4912,Lacs,Maritime,2021,241207,70.01,5,58,214,146,69.82,184,93,3095,209,546,38,3.49,1
4913,Dankpen,Kara,2021,184632,53.36,21,6,190,599,96.93,156,36,4667,241,532,77,2.53,1
4914,Kozah,Kara,2022,283738,67.48,26,21,38,58,92.39,344,23,333,97,1342,66,4.44,0
4915,Cinkassé,Savanes,2020,173987,72.66,18,64,201,501,58.96,92,36,3583,276,1932,51,2.61,0
4916,Anié,Plateaux,2020,177188,72.98,19,28,148,143,61.5,235,42,5030,109,410,24,4.47,1
4917,Akébou,Plateaux,2023,73188,76.87,25,63,98,82,89.01,370,27,2685,202,1396,35,3.31,0
4918,Zio,Maritime,2021,500032,79.37,21,67,221,388,51.6,142,117,3069,295,1709,15,3.68,1
4919,Agou,Plateaux,2021,85793,91.64,16,31,109,282,84.67,370,116,5789,35,526,48,3.8,1
4920,Bas-Mono,Maritime,2023,95380,64.76,27,27,137,320,97.26,292,47,4700,151,163,67,3.78,1
4921,Avé,Maritime,2021,111214,43.57,18,86,77,548,96.93,83,109,2882,140,1443,1,3.07,1
4922,Assoli,Kara,2023,66492,70.05,4,66,265,141,61.34,156,44,1256,228,13,2,3.03,0
4923,Tchaoudjo,Centrale,2023,240360,54.06,16,59,221,412,76.01,243,103,1081,127,590,40,4.34,1
4924,Kéran,Kara,2020,123138,86.9,2,86,96,511,50.49,193,53,3958,246,1011,19,4.07,0
4925,Dankpen,Kara,2021,184632,48.06,27,6,94,401,56.23,88,43,494,139,1786,3,3.7,1
4926,Est-Mono,Plateaux,2021,164460,43.61,18,68,224,588,87.83,318,69,4118,194,423,21,4.62,1
4927,Mô,Centrale,2021,52448,54.7,9,85,246,479,59.66,161,75,267,217,1735,7,3.84,1
4928,Zio,Maritime,2023,500032,61.43,2,55,160,339,85.51,321,84,2931,48,140,69,3.92,1
4929,Avé,Maritime,2023,111214,67.34,27,8,120,547,69.65,158,43,5042,155,712,67,2.52,1
4930,Wawa,Plateaux,2021,101300,42.02,12,47,195,501,94.05,185,73,714,0,275,13,4.49,1
4931,Kozah,Kara,2021,283738,60.76,26,9,154,545,55.88,380,80,2751,65,1076,58,3.31,0
4932,Akébou,Plateaux,2023,73188,64.57,14,38,158,324,61.01,89,83,2275,236,1135,17,4.48,1
4933,Mô,Centrale,2022,52448,72.09,11,20,103,112,90.17,297,59,5994,215,220,64,4.2,1
4934,Haho,Plateaux,2021,305096,78.38,18,86,152,327,76.61,390,119,2717,249,1025,66,4.39,1
4935,Akébou,Plateaux,2020,73188,55.32,15,15,215,232,51.62,179,104,5383,293,600,44,3.32,1
4936,Blitta,Centrale,2023,218753,41.89,4,39,269,562,56.0,242,32,5029,141,389,0,2.89,1
4937,Est-Mono,Plateaux,2020,164460,73.38,27,86,140,80,94.69,178,38,5621,267,1637,64,3.25,1
4938,Kpendjal,Savanes,2020,150806,58.55,13,61,261,568,92.64,178,87,2921,90,778,47,4.34,1
4939,Kéran,Kara,2020,123138,69.13,29,12,73,490,50.66,307,60,3255,283,940,12,4.1,0
4940,Haho,Plateaux,2023,305096,82.81,29,81,163,347,76.76,85,31,2916,300,1678,17,4.03,0
4941,Moyen-Mono,Plateaux,2023,90505,93.89,16,70,278,363,67.75,188,104,1623,23,1893,40,2.53,1
4942,Sotouboua,Centrale,2022,141404,47.91,22,5,183,494,80.23,185,82,4902,252,437,14,4.73,1
4943,Tandjoaré,Savanes,2021,35537,78.14,2,69,104,414,72.84,260,56,4061,122,420,72,2.64,1
4944,Zio,Maritime,2021,500032,63.42,21,64,112,600,80.38,95,37,1474,188,1266,5,4.42,0
4945,Danyi,Plateaux,2020,40240,74.32,5,72,180,325,89.81,196,99,5346,136,105,56,3.69,1
4946,Assoli,Kara,2021,66492,66.02,16,59,151,496,52.94,339,53,3328,296,1071,59,3.6,0
4947,Est-Mono,Plateaux,2023,164460,69.4,23,10,29,222,94.25,310,40,4670,75,1296,41,4.21,1
4948,Dankpen,Kara,2020,184632,44.91,10,39,205,245,71.34,251,91,1497,143,1991,30,3.54,1
4949,Agou,Plateaux,2023,85793,68.13,2,35,162,350,68.19,115,46,1169,242,276,35,2.66,0
4950,Kpélé,Plateaux,2021,81620,47.37,14,79,268,365,70.35,160,52,5780,157,1734,6,3.0,1
4951,Bassar,Kara,2022,152038,72.3,25,40,125,499,65.41,163,50,5618,10,1855,65,4.27,1
4952,Ogou,Plateaux,2020,253467,85.99,19,78,31,458,64.8,102,100,4835,33,1198,61,3.29,1
4953,Moyen-Mono,Plateaux,2021,90505,86.55,14,29,276,389,92.06,171,44,4019,12,1734,35,3.57,1
4954,Zio,Maritime,2020,500032,80.32,18,54,109,57,70.73,103,62,3962,97,672,77,3.54,0
4955,Amou,Plateaux,2023,110948,50.28,15,84,96,187,97.12,153,45,5202,28,1303,12,3.01,1
4956,Kéran,Kara,2023,123138,78.74,23,80,71,110,67.08,352,116,1757,241,338,20,2.75,1
4957,Zio,Maritime,2020,500032,61.91,3,82,150,450,60.44,241,87,2126,235,135,78,4.31,1
4958,Zio,Maritime,2022,500032,77.9,23,42,220,92,79.26,303,119,5674,290,912,55,3.6,1
4959,Lacs,Maritime,2022,241207,87.61,20,67,127,163,60.94,181,36,1271,93,1690,76,3.23,0
4960,Moyen-Mono,Plateaux,2022,90505,74.73,9,20,271,323,69.5,337,52,4290,283,468,12,4.1,1
4961,Agou,Plateaux,2020,85793,47.83,20,7,238,112,71.77,203,57,5005,296,1301,54,4.39,1
4962,Tchaoudjo,Centrale,2020,240360,92.93,23,60,209,463,73.05,276,34,1838,154,451,66,2.89,0
4963,Kpendjal,Savanes,2021,150806,69.32,11,40,242,568,70.91,268,41,455,224,1393,25,4.54,0
4964,Tandjoaré,Savanes,2020,35537,77.73,29,59,216,224,57.16,186,71,4241,251,163,40,3.81,1
4965,Binah,Kara,2022,84739,81.06,28,18,256,315,55.04,188,99,2370,216,1511,65,2.78,1
4966,Oti-Sud,Savanes,2020,150806,78.27,9,14,74,426,51.28,255,55,5638,220,853,42,4.35,1
4967,Agou,Plateaux,2023,85793,91.28,19,68,55,543,56.86,225,35,1779,136,701,51,3.53,0
4968,Moyen-Mono,Plateaux,2022,90505,62.55,8,15,151,502,66.45,159,63,1414,234,565,6,2.72,0
4969,Vo,Maritime,2020,224411,49.04,21,16,57,117,64.23,258,103,3979,144,1342,49,3.76,1
4970,Danyi,Plateaux,2023,40240,45.7,28,84,211,155,77.66,92,88,1033,142,1040,49,3.11,1
4971,Blitta,Centrale,2022,218753,46.16,19,32,44,182,63.14,303,35,4576,190,1587,47,3.81,1
4972,Moyen-Mono,Plateaux,2022,90505,50.49,9,26,123,264,90.06,237,109,4008,132,333,36,2.57,1
4973,Akébou,Plateaux,2020,73188,86.9,17,100,259,450,88.79,239,65,4920,40,968,79,4.11,1
4974,Sotouboua,Centrale,2020,141404,54.57,17,55,224,518,83.3,391,49,3096,168,1792,9,4.34,1
4975,Lacs,Maritime,2021,241207,41.2,19,81,210,198,92.15,179,56,5142,177,654,66,3.74,1
4976,Avé,Maritime,2023,111214,75.15,4,6,216,254,64.9,128,91,864,192,592,73,2.96,1
4977,Kloto,Plateaux,2022,145985,89.53,25,88,194,582,81.26,268,86,768,57,1565,47,4.12,1
4978,Ogou,Plateaux,2023,253467,48.87,9,27,100,57,54.32,376,112,5963,183,1715,23,2.53,1
4979,Est-Mono,Plateaux,2023,164460,77.4,7,33,175,590,68.61,213,97,1495,79,1028,60,2.78,1
4980,Blitta,Centrale,2023,218753,94.71,2,83,295,79,53.87,312,92,5343,240,506,3,4.33,1
4981,Bas-Mono,Maritime,2022,95380,62.27,28,84,217,222,72.05,203,95,4719,249,308,56,3.2,1
4982,Wawa,Plateaux,2022,101300,78.03,4,19,163,204,55.11,97,118,4233,8,1486,29,2.93,1
4983,Kozah,Kara,2023,283738,66.57,30,39,35,165,81.57,241,64,2358,84,407,37,3.49,0
4984,Blitta,Centrale,2022,218753,54.24,17,8,170,309,78.89,163,65,3730,168,1655,52,3.82,1
4985,Danyi,Plateaux,2022,40240,45.8,16,8,234,519,68.9,152,99,2648,293,132,57,4.25,1
4986,Zio,Maritime,2022,500032,56.43,21,40,198,430,86.51,314,47,1769,17,988,64,2.85,1
4987,Doufelgou,Kara,2022,87588,86.75,18,46,290,149,66.92,363,98,1102,299,247,22,4.01,1
4988,Kloto,Plateaux,2023,145985,45.65,17,21,156,253,50.09,54,103,2674,120,1749,40,3.97,1
4989,Bassar,Kara,2021,152038,63.82,28,85,25,220,51.51,64,25,1415,103,1917,12,2.72,0
4990,Golfe,Maritime,2023,1305681,84.06,14,6,192,420,60.95,393,120,3775,26,1157,27,4.76,1
4991,Tandjoaré,Savanes,2023,35537,69.91,29,37,165,275,67.55,344,45,4633,83,1633,31,4.42,1
4992,Est-Mono,Plateaux,2021,164460,94.67,20,24,77,91,72.18,211,55,5046,21,820,60,3.5,1
4993,Cinkassé,Savanes,2022,173987,87.67,25,40,44,505,60.8,202,101,1872,250,1521,64,4.74,1
4994,Lacs,Maritime,2023,241207,72.04,25,78,258,472,69.11,75,84,817,130,478,72,4.13,1
4995,Mô,Centrale,2023,52448,46.23,9,77,88,258,79.98,82,85,4964,200,1068,24,3.93,1
4996,Kpélé,Plateaux,2023,81620,83.33,4,71,194,216,96.87,362,98,4202,243,15,17,3.73,1
4997,Kpélé,Plateaux,2020,81620,65.09,26,96,40,531,95.05,368,103,5291,11,1302,58,3.9,1
4998,Akébou,Plateaux,2022,73188,78.34,3,68,294,568,80.0,291,60,1469,278,1868,29,2.98,0
4999,Mô,Centrale,2021,52448,58.39,25,93,126,393,68.65,63,104,5642,219,1813,76,2.63,1
5000,Lacs,Maritime,2022,241207,83.07,24,8,202,198,73.6,221,71,1123,86,889,78,3.03,0
5001,Tandjoaré,Savanes,2020,35537,76.17,15,19,220,206,93.42,161,90,2306,94,582,54,2.67,1
5002,Wawa,Plateaux,2023,101300,71.78,4,63,43,244,83.68,245,98,4515,14,1585,61,4.66,1
5003,Dankpen,Kara,2020,184632,76.98,2,25,134,379,75.04,224,40,3652,215,1851,17,3.28,0
5004,Kpendjal,Savanes,2021,150806,57.36,17,45,65,363,86.69,192,64,1553,247,518,45,3.65,1
5005,Tône,Savanes,2022,388775,56.79,18,74,251,401,67.12,277,24,5213,5,1320,48,4.76,1
5006,Mô,Centrale,2022,52448,48.73,9,33,153,454,58.37,275,55,2142,109,1320,19,4.79,1
5007,Tône,Savanes,2020,388775,79.05,30,68,94,95,50.56,95,110,3313,288,1285,55,4.46,1
5008,Oti-Sud,Savanes,2023,150806,64.77,9,59,211,481,71.92,305,67,5704,110,0,17,4.18,1
5009,Cinkassé,Savanes,2021,173987,70.73,24,19,117,99,83.38,235,63,637,65,172,27,3.15,0
5010,Oti,Savanes,2022,123324,70.19,20,20,111,451,83.36,243,114,2011,127,153,63,4.33,1
5011,Doufelgou,Kara,2023,87588,83.04,30,12,171,539,90.7,197,53,447,225,692,3,4.2,0
5012,Tandjoaré,Savanes,2022,35537,69.86,27,19,196,552,55.96,64,107,593,100,431,60,3.55,1
5013,Tône,Savanes,2023,388775,47.36,25,43,35,551,80.09,399,80,2231,175,302,44,2.57,1
5014,Kpendjal-Ouest,Savanes,2020,120285,83.0,29,22,149,568,73.0,238,63,3965,176,1392,29,4.3,0
5015,Binah,Kara,2021,84739,74.35,2,33,73,391,62.77,79,30,836,244,1503,44,3.63,0
5016,Kpendjal-Ouest,Savanes,2022,120285,70.35,3,65,134,312,65.85,264,20,2979,166,989,48,2.63,0
5017,Vo,Maritime,2023,224411,78.7,11,87,73,327,75.08,216,116,5663,291,79,49,2.87,1
5018,Oti-Sud,Savanes,2021,150806,63.09,21,49,86,346,88.65,263,39,3050,94,1807,0,3.76,0
5019,Moyen-Mono,Plateaux,2023,90505,93.36,17,62,190,107,97.25,230,54,3043,233,1474,25,4.02,0
5020,Oti-Sud,Savanes,2022,150806,41.87,18,79,28,224,56.71,53,97,5181,131,431,16,4.1,1
5021,Dankpen,Kara,2022,184632,90.34,16,38,122,437,61.62,235,24,4215,124,556,30,4.34,1
5022,Kéran,Kara,2023,123138,89.55,24,34,190,495,53.21,289,120,3633,41,910,57,2.76,1
5023,Wawa,Plateaux,2021,101300,57.97,5,22,232,368,88.18,260,77,2252,11,838,11,4.2,1
5024,Assoli,Kara,2021,66492,91.52,16,83,79,533,86.87,366,31,3525,95,889,20,3.48,0
5025,Wawa,Plateaux,2023,101300,60.42,21,78,270,466,75.23,235,69,3909,245,799,41,3.71,0
5026,Anié,Plateaux,2021,177188,93.57,25,64,104,335,91.03,394,80,1766,247,415,57,3.42,0
5027,Bas-Mono,Maritime,2022,95380,40.2,9,40,35,508,75.44,253,28,5974,257,170,22,3.16,1
5028,Cinkassé,Savanes,2022,173987,73.06,8,53,248,457,62.79,64,48,3327,3,1333,66,4.72,0
5029,Cinkassé,Savanes,2020,173987,42.32,8,59,221,425,96.33,66,21,4711,72,1094,49,3.73,1
5030,Doufelgou,Kara,2020,87588,61.92,25,6,146,593,73.82,93,41,703,216,1531,62,2.93,0
5031,Tône,Savanes,2021,388775,83.51,5,31,219,180,86.32,95,38,1927,28,1573,28,4.78,0
5032,Zio,Maritime,2021,500032,67.11,7,26,63,382,74.57,199,77,5880,238,340,22,4.62,1
5033,Agou,Plateaux,2022,85793,63.87,30,43,36,188,60.76,235,99,423,257,642,34,4.55,1
5034,Wawa,Plateaux,2021,101300,84.22,23,9,114,492,51.03,64,100,2848,56,1831,77,3.6,1
5035,Vo,Maritime,2022,224411,48.65,21,42,173,365,52.02,224,106,307,45,38,30,4.3,1
5036,Kpélé,Plateaux,2022,81620,60.52,28,42,223,267,89.85,370,73,2321,15,402,68,3.5,0
5037,Oti-Sud,Savanes,2020,150806,90.67,30,84,226,224,74.67,242,97,4412,159,1986,78,2.95,1
5038,Blitta,Centrale,2022,218753,82.41,25,41,207,448,55.72,348,98,915,81,1024,35,3.21,1
5039,Golfe,Maritime,2021,1305681,61.49,8,25,82,573,77.37,381,105,4996,225,1135,41,3.16,1
5040,Dankpen,Kara,2020,184632,69.52,3,57,21,79,72.08,328,25,5347,192,23,44,4.22,1
5041,Tandjoaré,Savanes,2020,35537,93.51,12,89,296,564,57.04,322,113,2804,125,1140,65,3.33,1
5042,Binah,Kara,2021,84739,67.71,16,99,180,303,78.87,92,42,3258,0,1231,30,4.15,0
5043,Tchamba,Centrale,2020,200585,72.9,6,43,127,339,72.47,381,97,3570,153,1711,51,3.49,1
5044,Kpélé,Plateaux,2022,81620,43.8,21,65,137,88,80.97,332,51,2848,155,1310,31,3.07,1
5045,Golfe,Maritime,2023,1305681,55.55,12,71,112,416,90.47,285,71,1063,11,757,77,4.04,1
5046,Dankpen,Kara,2021,184632,52.13,24,79,231,210,50.47,219,42,4548,242,793,5,2.68,1
5047,Bas-Mono,Maritime,2020,95380,76.51,5,39,289,549,53.17,246,49,4803,160,1934,70,3.35,1
5048,Oti,Savanes,2021,123324,77.17,3,50,43,272,78.09,269,44,2369,73,1919,30,3.89,0
5049,Kozah,Kara,2020,283738,53.78,2,16,181,144,79.12,384,88,4844,228,1307,2,3.68,1
5050,Golfe,Maritime,2021,1305681,45.56,21,61,48,559,82.78,161,32,1582,16,1651,73,3.72,1
5051,Vo,Maritime,2022,224411,42.47,27,71,275,515,52.33,355,93,5643,244,421,44,4.78,1
5052,Wawa,Plateaux,2022,101300,92.39,5,68,282,358,90.17,63,113,613,45,976,20,2.73,1
5053,Sotouboua,Centrale,2021,141404,70.86,6,24,196,444,57.51,386,61,5559,211,1356,7,4.53,1
5054,Est-Mono,Plateaux,2021,164460,74.28,19,59,257,145,76.36,138,63,4665,188,110,65,2.92,1
5055,Blitta,Centrale,2021,218753,69.09,10,14,129,469,97.64,361,120,1686,169,1383,71,4.48,1
5056,Bas-Mono,Maritime,2022,95380,78.31,5,82,60,241,90.89,324,86,5547,258,1609,66,2.75,1
5057,Tône,Savanes,2020,388775,51.3,21,27,285,356,81.99,373,86,3851,78,1689,50,3.37,1
5058,Kpendjal,Savanes,2021,150806,85.52,8,20,251,443,92.26,314,73,2047,86,409,11,3.92,0
5059,Amou,Plateaux,2021,110948,90.3,13,20,150,313,71.94,243,47,1436,150,1553,33,4.05,0
5060,Est-Mono,Plateaux,2022,164460,62.57,28,13,187,328,89.89,319,88,2051,172,946,23,3.1,1
5061,Anié,Plateaux,2021,177188,55.32,18,61,103,517,85.81,253,53,1720,66,841,56,2.83,1
5062,Bas-Mono,Maritime,2023,95380,72.77,18,79,153,114,52.1,168,51,3054,214,1072,12,4.7,0
5063,Amou,Plateaux,2022,110948,69.92,25,50,173,512,80.2,371,115,4855,90,1818,41,4.49,1
5064,Ogou,Plateaux,2021,253467,83.94,12,67,155,373,88.96,83,115,1274,98,983,18,4.54,1
5065,Akébou,Plateaux,2021,73188,77.29,27,85,249,105,80.5,75,50,5533,191,739,73,3.21,1
5066,Kéran,Kara,2020,123138,60.49,29,51,216,101,78.72,161,73,4968,251,522,19,4.43,1
5067,Sotouboua,Centrale,2021,141404,82.03,26,91,286,480,67.14,175,108,1002,250,409,52,3.15,1
5068,Vo,Maritime,2022,224411,42.72,22,31,144,504,53.27,400,84,1596,51,1876,8,3.19,1
5069,Oti,Savanes,2022,123324,65.39,3,5,109,408,80.97,385,114,1986,87,760,45,3.96,1
5070,Golfe,Maritime,2022,1305681,81.76,14,52,168,473,59.42,360,115,4265,176,785,45,3.62,1
5071,Oti-Sud,Savanes,2020,150806,43.94,13,44,299,459,75.01,86,63,5594,206,1540,35,3.44,1
5072,Cinkassé,Savanes,2022,173987,89.62,2,25,48,333,87.92,67,22,4644,279,85,11,2.58,1
5073,Assoli,Kara,2023,66492,78.14,17,12,271,552,89.83,387,101,1927,154,1422,10,4.25,1
5074,Bas-Mono,Maritime,2021,95380,52.55,22,71,151,263,76.68,100,92,5381,174,465,15,3.15,1
5075,Yoto,Maritime,2023,174451,70.39,23,41,59,278,97.16,208,93,396,7,1668,64,2.99,1
5076,Tône,Savanes,2020,388775,63.64,22,53,152,507,89.11,298,73,1266,197,697,53,3.37,0
5077,Oti,Savanes,2022,123324,54.95,22,75,71,390,69.26,154,110,860,140,1868,14,3.36,1
5078,Cinkassé,Savanes,2020,173987,46.71,19,6,197,329,88.02,76,42,5356,219,1575,52,3.8,1
5079,Assoli,Kara,2022,66492,70.73,29,45,124,88,73.85,197,38,2151,235,588,11,2.79,0
5080,Avé,Maritime,2020,111214,80.04,18,48,54,114,77.59,281,82,5723,196,904,77,2.54,1
5081,Sotouboua,Centrale,2023,141404,67.72,14,77,171,122,56.46,209,40,393,39,1932,0,2.67,0
5082,Est-Mono,Plateaux,2020,164460,79.32,22,71,97,187,88.82,272,103,3918,269,12,52,3.54,1
5083,Agoè-Nyivé,Maritime,2022,882695,68.98,21,34,259,338,88.58,81,110,3474,280,490,25,4.78,1
5084,Moyen-Mono,Plateaux,2020,90505,51.43,3,31,294,357,79.86,167,83,5063,152,237,39,3.67,1
5085,Kloto,Plateaux,2020,145985,58.24,6,60,44,107,72.9,270,38,4320,150,407,3,3.74,1
5086,Lacs,Maritime,2023,241207,75.1,20,88,263,479,54.54,189,33,2108,36,1385,54,4.01,0
5087,Est-Mono,Plateaux,2022,164460,74.43,10,69,234,109,63.42,397,65,659,151,166,79,3.03,0
5088,Yoto,Maritime,2023,174451,51.1,21,94,186,193,83.84,99,30,941,139,1866,51,2.81,1
5089,Bassar,Kara,2022,152038,45.3,7,98,251,356,67.34,232,77,4847,144,1832,23,2.87,1
5090,Doufelgou,Kara,2020,87588,92.36,28,86,41,405,80.06,389,37,2204,62,1971,0,2.91,0
5091,Kéran,Kara,2020,123138,79.16,17,7,135,404,62.92,324,60,3570,122,682,54,4.62,0
5092,Oti,Savanes,2020,123324,68.2,11,52,249,549,83.86,100,97,2454,225,1550,39,3.44,1
5093,Avé,Maritime,2022,111214,92.73,12,33,134,150,56.13,97,50,2728,118,9,21,4.64,0
5094,Dankpen,Kara,2023,184632,45.94,11,27,189,274,75.73,255,62,3088,101,1251,51,4.4,1
5095,Agoè-Nyivé,Maritime,2021,882695,52.86,21,23,121,236,68.06,272,39,2205,295,734,67,3.23,1
5096,Haho,Plateaux,2020,305096,78.03,19,36,240,434,56.35,80,104,5085,277,1703,3,3.5,1
5097,Akébou,Plateaux,2022,73188,47.23,17,51,250,393,59.08,163,24,4167,230,1864,27,4.19,1
5098,Yoto,Maritime,2020,174451,87.73,4,73,210,77,54.33,261,38,992,147,1078,25,3.74,0
5099,Golfe,Maritime,2022,1305681,85.56,11,32,59,463,89.17,89,95,676,148,751,21,2.54,1
5100,Golfe,Maritime,2021,1305681,63.09,13,78,54,445,61.49,154,32,5558,291,637,77,3.92,1
5101,Tône,Savanes,2022,388775,73.06,25,38,128,505,96.2,156,64,422,252,425,6,3.75,0
5102,Akébou,Plateaux,2020,73188,57.85,20,43,23,132,95.48,345,35,992,193,1261,33,3.57,1
5103,Ogou,Plateaux,2020,253467,83.79,29,57,59,373,67.62,366,83,1583,267,1945,67,3.94,1
5104,Wawa,Plateaux,2021,101300,69.22,14,31,172,112,78.56,215,36,967,154,594,2,2.72,0
5105,Tône,Savanes,2023,388775,43.19,30,29,234,467,85.84,382,22,5483,88,945,28,4.35,1
5106,Oti-Sud,Savanes,2020,150806,94.15,15,25,257,91,75.8,205,39,3694,237,362,39,3.09,0
5107,Golfe,Maritime,2022,1305681,41.32,30,100,208,117,72.95,307,80,3903,0,1077,66,3.25,1
5108,Tône,Savanes,2021,388775,45.07,23,92,278,128,61.84,118,100,3271,235,763,51,3.84,1
5109,Avé,Maritime,2023,111214,87.61,19,96,257,427,80.33,75,71,685,209,486,4,4.5,0
5110,Oti-Sud,Savanes,2023,150806,73.13,19,6,242,164,88.36,78,47,1985,200,1489,80,2.87,0
5111,Kpélé,Plateaux,2023,81620,68.26,2,99,178,396,64.82,312,36,3877,107,1781,78,4.46,0
5112,Amou,Plateaux,2020,110948,83.8,30,52,80,533,72.01,109,65,2393,164,433,79,4.63,0
5113,Est-Mono,Plateaux,2023,164460,63.73,2,78,260,142,65.69,147,119,1413,279,1964,57,3.31,1
5114,Moyen-Mono,Plateaux,2021,90505,95.0,8,91,292,69,75.11,80,119,1963,70,1275,2,4.37,1
5115,Est-Mono,Plateaux,2021,164460,61.71,5,68,29,303,88.27,214,94,5641,160,1560,23,3.34,1
5116,Tône,Savanes,2020,388775,46.07,30,42,257,131,63.14,343,85,5093,159,1219,66,3.78,1
5117,Kpendjal,Savanes,2021,150806,47.0,4,73,51,199,76.21,391,73,891,37,1550,10,4.75,1
5118,Danyi,Plateaux,2023,40240,67.38,12,78,247,224,76.13,377,31,4230,259,626,62,2.6,1
5119,Kpendjal,Savanes,2020,150806,76.72,11,62,263,101,59.52,97,51,2850,171,1112,14,3.61,0
5120,Yoto,Maritime,2022,174451,75.93,30,45,246,514,62.07,243,88,568,44,1177,8,4.59,1
5121,Lacs,Maritime,2020,241207,70.91,10,33,24,350,55.12,89,85,3325,293,321,75,2.73,1
5122,Yoto,Maritime,2021,174451,71.1,17,42,169,580,92.46,299,50,1932,279,170,35,4.25,0
5123,Assoli,Kara,2022,66492,52.53,2,81,134,465,69.31,140,110,3930,90,87,66,3.73,1
5124,Bas-Mono,Maritime,2023,95380,77.77,8,51,31,554,86.28,173,78,3065,299,145,3,4.57,0
5125,Kozah,Kara,2022,283738,46.03,29,69,67,288,66.11,281,44,1296,143,222,59,2.87,1
5126,Doufelgou,Kara,2021,87588,59.03,14,10,141,521,82.53,282,24,5765,120,1855,38,2.58,1
5127,Ogou,Plateaux,2021,253467,83.02,9,30,263,287,95.03,56,29,1338,212,24,72,2.5,0
5128,Assoli,Kara,2023,66492,56.87,13,35,263,226,59.37,322,73,4128,109,497,6,4.44,1
5129,Est-Mono,Plateaux,2020,164460,75.74,15,96,94,126,95.51,123,86,4156,169,1597,4,2.61,1
5130,Vo,Maritime,2023,224411,60.34,6,77,147,194,82.29,140,79,2736,133,1651,10,4.44,0
5131,Cinkassé,Savanes,2023,173987,90.79,3,54,137,102,68.49,296,69,4823,199,906,64,3.64,1
5132,Sotouboua,Centrale,2023,141404,61.57,27,50,109,112,50.07,172,30,2011,282,1372,9,2.58,0
5133,Vo,Maritime,2022,224411,86.95,30,53,37,67,52.48,352,75,655,182,1045,15,4.22,0
5134,Binah,Kara,2023,84739,80.01,15,90,115,499,84.27,146,80,3418,260,56,31,4.13,0
5135,Bassar,Kara,2023,152038,41.51,8,23,131,216,56.68,177,80,1580,96,22,37,4.13,1
5136,Vo,Maritime,2022,224411,59.56,13,23,176,416,77.28,257,34,5263,273,325,22,4.44,1
5137,Tandjoaré,Savanes,2022,35537,48.48,27,39,290,99,62.81,181,44,2732,190,120,5,3.65,1
5138,Blitta,Centrale,2020,218753,55.28,14,24,183,512,75.43,326,93,4691,252,1357,50,4.76,1
5139,Avé,Maritime,2022,111214,88.54,7,38,89,384,52.86,205,64,5348,98,1051,9,3.51,1
5140,Moyen-Mono,Plateaux,2021,90505,93.09,24,93,35,468,91.52,199,31,3333,89,312,80,3.28,0
5141,Golfe,Maritime,2020,1305681,89.32,8,85,283,578,95.12,84,33,4763,64,1541,75,2.87,1
5142,Est-Mono,Plateaux,2021,164460,72.03,12,25,108,442,64.36,243,32,1280,89,1889,2,4.41,0
5143,Lacs,Maritime,2022,241207,88.93,20,85,143,348,96.97,337,33,4009,189,1494,26,2.56,1
5144,Est-Mono,Plateaux,2023,164460,73.52,24,49,264,368,50.08,186,67,2533,148,1487,22,2.59,0
5145,Bassar,Kara,2021,152038,63.07,12,70,107,470,80.98,288,112,2264,204,1816,9,4.23,1
5146,Vo,Maritime,2021,224411,91.81,8,45,220,433,58.12,52,59,1285,158,460,33,4.16,0
5147,Golfe,Maritime,2023,1305681,79.95,8,53,218,149,91.68,295,82,573,44,414,58,4.76,1
5148,Akébou,Plateaux,2021,73188,66.03,13,89,299,426,93.7,222,69,1280,223,764,7,3.39,0
5149,Kpélé,Plateaux,2020,81620,91.74,24,52,22,489,58.66,345,76,4987,296,1157,80,3.24,1
5150,Kéran,Kara,2021,123138,78.05,2,22,173,345,55.18,334,24,1492,167,231,21,4.12,0
5151,Blitta,Centrale,2023,218753,57.83,3,99,176,535,77.71,228,26,2693,57,886,8,3.77,1
5152,Amou,Plateaux,2022,110948,72.21,7,11,204,526,69.88,340,83,2903,189,1486,22,2.5,1
5153,Tchamba,Centrale,2021,200585,83.83,4,55,189,432,74.5,175,102,5230,281,648,62,3.75,1
5154,Cinkassé,Savanes,2021,173987,72.28,30,47,36,446,80.01,288,59,1397,65,1190,43,2.51,0
5155,Tône,Savanes,2022,388775,88.45,14,10,59,463,67.71,341,45,2956,50,1310,78,4.05,0
5156,Kloto,Plateaux,2022,145985,67.97,15,21,197,569,59.74,284,42,3186,113,415,57,3.5,0
5157,Tandjoaré,Savanes,2021,35537,70.24,29,41,88,164,94.07,312,91,3423,249,123,76,3.42,1
5158,Est-Mono,Plateaux,2023,164460,43.42,17,9,71,437,73.81,213,54,1817,190,619,47,4.08,1
5159,Doufelgou,Kara,2022,87588,89.07,4,40,238,518,67.9,373,68,4062,28,1301,45,4.43,1
5160,Bas-Mono,Maritime,2023,95380,68.63,25,67,93,191,72.82,286,70,4405,97,1736,53,3.1,1
5161,Kpendjal-Ouest,Savanes,2021,120285,50.88,19,7,75,507,70.03,154,65,307,242,202,4,3.51,1
5162,Danyi,Plateaux,2023,40240,87.01,17,11,274,137,64.66,101,90,4849,155,1636,50,4.51,1
5163,Tône,Savanes,2023,388775,93.6,22,45,254,327,50.2,186,97,5227,12,21,62,2.9,1
5164,Est-Mono,Plateaux,2022,164460,41.14,15,60,232,186,87.19,327,118,4593,113,782,46,4.16,1
5165,Oti,Savanes,2021,123324,76.15,4,68,197,339,78.64,61,70,3063,185,179,56,3.03,0
5166,Tandjoaré,Savanes,2020,35537,67.46,19,49,210,367,97.69,381,55,4129,48,835,14,3.4,1
5167,Est-Mono,Plateaux,2023,164460,44.85,3,69,240,368,97.79,273,119,1925,9,1049,9,3.53,1
5168,Amou,Plateaux,2020,110948,91.15,8,97,172,301,87.63,58,67,5550,118,1511,55,4.34,1
5169,Kéran,Kara,2020,123138,44.95,17,24,36,115,61.88,370,42,4255,168,720,72,4.42,1
5170,Kozah,Kara,2020,283738,45.68,21,13,249,454,82.24,233,41,5833,71,227,38,4.11,1
5171,Kloto,Plateaux,2020,145985,77.2,8,73,185,327,89.51,275,73,4494,287,305,18,3.17,1
5172,Danyi,Plateaux,2020,40240,62.08,23,20,57,414,78.01,240,35,5454,47,1411,63,4.1,1
5173,Bas-Mono,Maritime,2020,95380,52.82,8,37,158,158,67.79,218,110,3502,282,1581,49,3.5,1
5174,Amou,Plateaux,2022,110948,88.59,24,60,123,137,96.86,117,79,4461,252,587,27,3.8,1
5175,Vo,Maritime,2023,224411,83.3,12,30,36,56,83.54,340,85,3088,293,1215,79,4.19,1
5176,Assoli,Kara,2021,66492,64.24,13,61,187,341,50.76,210,62,4499,195,1843,19,3.69,1
5177,Tchaoudjo,Centrale,2021,240360,85.76,8,80,25,509,76.26,114,74,446,27,6,74,3.79,0
5178,Kpélé,Plateaux,2021,81620,91.41,23,82,279,265,82.58,328,44,1601,166,581,77,4.71,0
5179,Anié,Plateaux,2023,177188,45.73,12,41,40,509,77.77,390,102,4547,118,619,23,2.97,1
5180,Wawa,Plateaux,2020,101300,70.56,17,72,274,428,84.88,138,49,1258,218,1623,36,2.53,0
5181,Akébou,Plateaux,2020,73188,69.29,17,81,79,105,60.51,387,77,1098,147,411,56,3.58,0
5182,Vo,Maritime,2020,224411,89.88,12,60,178,393,64.24,259,95,925,97,1572,72,3.83,1
5183,Haho,Plateaux,2023,305096,57.59,20,33,74,551,75.35,133,111,828,10,1477,0,3.89,1
5184,Amou,Plateaux,2021,110948,80.68,22,98,225,66,66.32,101,26,1803,271,1942,64,3.57,0
5185,Avé,Maritime,2022,111214,44.28,11,41,77,146,69.76,79,73,3034,243,211,34,4.46,1
5186,Zio,Maritime,2022,500032,69.4,20,64,134,538,87.31,345,70,5301,300,641,41,3.39,1
5187,Tchamba,Centrale,2022,200585,52.32,21,32,58,213,93.63,246,85,3668,241,426,11,3.36,1
5188,Kloto,Plateaux,2020,145985,51.0,19,70,152,401,95.68,281,57,3729,216,1320,45,3.36,1
5189,Dankpen,Kara,2023,184632,89.48,21,45,24,387,80.82,236,75,680,166,1337,77,4.66,0
5190,Tchaoudjo,Centrale,2020,240360,80.64,10,16,179,81,55.64,84,36,5816,175,1523,27,4.27,1
5191,Ogou,Plateaux,2020,253467,94.18,2,25,20,68,70.66,73,85,1022,26,566,35,4.35,1
5192,Cinkassé,Savanes,2021,173987,60.67,29,69,30,349,54.64,154,81,2166,37,657,62,4.24,1
5193,Kozah,Kara,2022,283738,48.52,17,49,66,535,52.04,220,68,2898,196,775,26,3.42,1
5194,Haho,Plateaux,2022,305096,69.96,27,76,114,420,61.37,206,100,3309,122,1541,8,2.5,1
5195,Binah,Kara,2023,84739,44.68,28,53,146,192,53.4,81,55,5913,83,1586,17,3.12,1
5196,Anié,Plateaux,2022,177188,42.09,20,27,95,492,65.34,138,70,2416,107,360,53,2.63,1
5197,Blitta,Centrale,2023,218753,88.51,30,8,111,541,71.32,334,50,630,74,1119,20,2.62,0
5198,Moyen-Mono,Plateaux,2022,90505,94.51,25,69,252,64,59.16,384,23,1763,124,812,11,4.7,0
5199,Bas-Mono,Maritime,2020,95380,45.98,5,47,238,487,59.67,288,90,2969,98,488,31,2.72,1
5200,Kozah,Kara,2021,283738,84.27,20,45,127,576,91.01,54,37,1179,257,1789,7,4.75,0
5201,Kpélé,Plateaux,2020,81620,90.62,8,25,284,68,89.43,277,20,1699,16,504,23,3.33,0
5202,Kloto,Plateaux,2022,145985,46.47,14,60,95,346,63.89,60,27,4182,289,1202,48,3.89,1
5203,Assoli,Kara,2021,66492,43.34,25,29,265,56,94.26,377,96,1038,129,1714,79,4.05,1
5204,Kpendjal,Savanes,2022,150806,71.3,13,59,266,563,70.7,342,78,1349,196,701,47,3.06,0
5205,Agou,Plateaux,2023,85793,91.78,2,59,151,385,54.43,57,118,646,214,915,52,3.44,1
5206,Tchamba,Centrale,2020,200585,94.56,17,35,110,88,67.54,345,31,3778,283,405,74,4.44,0
5207,Doufelgou,Kara,2020,87588,51.67,18,15,64,563,80.44,273,73,2533,116,1693,57,3.17,1
5208,Kpendjal-Ouest,Savanes,2022,120285,78.11,30,81,273,458,57.31,211,60,1827,87,294,79,3.61,0
5209,Yoto,Maritime,2022,174451,68.21,10,90,224,582,82.68,174,77,4844,62,1814,26,3.76,1
5210,Dankpen,Kara,2023,184632,80.32,7,87,104,544,84.33,334,69,1572,98,214,51,2.72,0
5211,Kozah,Kara,2021,283738,77.9,6,25,256,551,92.95,125,50,3302,295,411,15,4.11,0
5212,Amou,Plateaux,2023,110948,73.5,19,43,48,157,67.47,152,34,2874,38,1327,61,2.5,0
5213,Binah,Kara,2021,84739,51.93,2,59,231,584,55.17,71,66,3095,49,1985,41,4.04,1
5214,Doufelgou,Kara,2022,87588,73.87,19,52,52,274,56.35,142,92,2033,37,362,41,3.29,1
5215,Moyen-Mono,Plateaux,2020,90505,94.49,14,84,289,550,50.8,219,65,5067,211,1906,29,3.78,1
5216,Assoli,Kara,2022,66492,45.5,12,60,63,333,51.22,395,105,1784,22,10,8,4.61,1
5217,Tchaoudjo,Centrale,2022,240360,84.61,25,31,145,161,63.23,315,111,3125,148,478,15,3.56,1
5218,Dankpen,Kara,2021,184632,62.36,23,74,136,406,67.56,369,48,5448,14,1300,24,4.3,1
5219,Wawa,Plateaux,2022,101300,57.94,11,63,73,318,93.93,360,115,575,199,764,27,3.82,1
5220,Golfe,Maritime,2022,1305681,94.3,20,89,111,356,91.35,199,72,292,44,1148,78,4.26,0
5221,Binah,Kara,2021,84739,83.92,25,84,122,563,88.45,261,21,4311,217,279,56,2.51,1
5222,Amou,Plateaux,2022,110948,42.72,19,66,231,331,50.4,192,115,1017,94,952,19,4.0,1
5223,Lacs,Maritime,2021,241207,67.7,15,17,273,535,74.47,206,76,2987,71,194,47,2.69,0
5224,Moyen-Mono,Plateaux,2023,90505,65.24,30,27,109,135,66.2,399,48,4673,114,1065,33,3.1,1
5225,Wawa,Plateaux,2020,101300,79.89,30,74,157,590,89.52,329,67,3443,169,1459,76,3.04,0
5226,Assoli,Kara,2021,66492,55.59,13,88,153,559,53.62,175,99,5748,19,73,62,4.36,1
5227,Anié,Plateaux,2021,177188,61.78,22,76,265,577,61.44,100,72,3121,188,42,5,4.79,0
5228,Assoli,Kara,2023,66492,52.21,13,74,68,503,72.15,245,119,1791,107,1474,50,3.81,1
5229,Doufelgou,Kara,2021,87588,48.56,21,7,235,363,67.57,76,90,3576,216,1337,44,3.54,1
5230,Tchaoudjo,Centrale,2023,240360,69.6,25,20,277,461,70.64,152,68,3192,87,945,7,3.11,0
5231,Avé,Maritime,2021,111214,79.38,30,17,62,437,69.05,334,27,2792,205,1139,5,4.75,0
5232,Binah,Kara,2022,84739,92.71,16,16,224,115,67.24,211,76,4935,66,339,28,4.32,1
5233,Moyen-Mono,Plateaux,2023,90505,93.11,19,52,31,278,67.6,65,62,2222,123,1364,44,3.86,0
5234,Tône,Savanes,2022,388775,59.67,14,31,293,174,79.06,157,94,1075,278,1288,58,4.03,1
5235,Tône,Savanes,2022,388775,55.08,6,45,44,56,96.15,309,22,5466,78,1489,48,3.25,1
5236,Danyi,Plateaux,2023,40240,84.49,14,32,90,521,78.86,226,57,2545,266,352,58,4.58,0
5237,Lacs,Maritime,2022,241207,68.52,6,78,67,490,80.98,366,114,2201,8,870,30,3.0,1
5238,Amou,Plateaux,2022,110948,60.65,23,72,143,411,64.2,356,48,1585,70,71,59,2.98,0
5239,Kloto,Plateaux,2023,145985,91.33,9,7,59,595,97.12,323,54,3454,204,1301,51,3.8,0
5240,Sotouboua,Centrale,2020,141404,64.88,17,45,224,132,70.35,304,25,5483,55,585,67,3.22,1
5241,Oti,Savanes,2022,123324,92.29,4,57,118,389,95.25,281,41,4375,279,875,73,4.39,1
5242,Dankpen,Kara,2023,184632,46.25,15,74,103,577,66.27,81,32,566,169,1095,64,2.62,1
5243,Bas-Mono,Maritime,2020,95380,42.98,23,58,168,308,82.01,261,115,787,172,1231,20,4.03,1
5244,Wawa,Plateaux,2022,101300,74.52,14,5,269,436,69.22,220,35,4549,290,659,56,4.73,1
5245,Kozah,Kara,2023,283738,84.18,25,7,22,151,92.73,271,81,2135,236,1140,10,3.33,1
5246,Doufelgou,Kara,2020,87588,83.07,13,39,121,547,70.84,220,49,5458,184,1846,14,3.47,1
5247,Tône,Savanes,2023,388775,59.39,5,47,168,261,56.31,121,70,5785,281,1878,61,3.59,1
5248,Sotouboua,Centrale,2023,141404,70.92,9,92,248,461,50.29,133,53,5831,145,72,79,4.26,1
5249,Mô,Centrale,2021,52448,65.46,10,17,189,161,90.05,76,84,915,161,947,19,3.4,1
5250,Oti-Sud,Savanes,2021,150806,72.27,30,87,44,292,95.36,194,48,4263,106,1782,20,4.7,1
5251,Kloto,Plateaux,2023,145985,57.95,18,32,128,322,59.69,154,90,1157,59,590,56,3.74,1
5252,Kpendjal-Ouest,Savanes,2020,120285,89.86,27,29,28,525,54.94,161,22,5626,256,459,73,4.18,1
5253,Ogou,Plateaux,2023,253467,57.5,26,21,270,315,89.38,143,120,1521,114,962,74,3.8,1
5254,Kpendjal-Ouest,Savanes,2022,120285,85.56,6,69,105,182,70.04,256,108,2964,10,1516,6,2.8,1
5255,Lacs,Maritime,2020,241207,63.49,23,54,283,514,53.02,81,33,5394,130,1476,61,2.73,1
5256,Akébou,Plateaux,2020,73188,58.37,30,64,71,300,94.97,269,44,4977,175,947,59,4.64,1
5257,Agoè-Nyivé,Maritime,2023,882695,91.16,2,59,183,234,68.65,201,79,1896,136,1143,23,3.25,0
5258,Bas-Mono,Maritime,2022,95380,84.94,8,38,226,388,94.09,70,28,4298,224,748,20,2.58,1
5259,Est-Mono,Plateaux,2022,164460,72.81,5,47,228,370,96.85,143,27,4743,4,1280,50,4.41,1
5260,Anié,Plateaux,2022,177188,63.35,9,27,129,480,73.18,110,73,1889,149,514,9,3.62,0
5261,Vo,Maritime,2021,224411,81.27,9,32,212,282,62.47,61,113,986,191,1196,25,2.76,1
5262,Agou,Plateaux,2022,85793,88.91,11,38,234,374,56.83,256,79,1411,247,94,54,2.64,0
5263,Sotouboua,Centrale,2020,141404,74.27,14,51,76,598,70.02,387,100,4337,278,1815,5,4.25,1
5264,Tchamba,Centrale,2021,200585,87.64,24,23,150,224,64.58,227,63,1228,238,537,18,3.19,0
5265,Golfe,Maritime,2021,1305681,90.77,18,84,25,390,65.07,109,80,4373,110,531,65,2.87,1
5266,Avé,Maritime,2021,111214,52.64,29,40,202,358,97.5,139,83,1243,285,1154,14,3.19,1
5267,Kpélé,Plateaux,2022,81620,79.43,21,25,233,139,61.96,333,86,3679,136,1575,49,4.12,1
5268,Agoè-Nyivé,Maritime,2020,882695,84.33,28,75,198,227,96.19,397,120,4136,257,1638,4,3.45,1
5269,Bas-Mono,Maritime,2021,95380,58.69,20,80,23,443,55.46,232,48,1044,106,505,42,4.13,1
5270,Tandjoaré,Savanes,2021,35537,71.59,6,30,217,523,54.11,276,107,3115,81,572,15,4.6,1
5271,Sotouboua,Centrale,2020,141404,85.84,16,57,252,555,71.43,123,81,4739,171,1163,39,4.32,1
5272,Blitta,Centrale,2021,218753,71.96,15,29,56,567,90.1,140,41,4161,160,1093,16,2.91,1
5273,Binah,Kara,2021,84739,71.85,29,32,279,433,77.67,394,67,1432,63,1785,75,3.02,0
5274,Bas-Mono,Maritime,2020,95380,57.69,17,65,78,464,95.92,150,120,3174,236,920,30,3.96,1
5275,Kpendjal,Savanes,2021,150806,89.65,20,77,166,147,53.01,249,29,3749,284,636,56,2.78,0
5276,Blitta,Centrale,2021,218753,45.44,21,82,98,392,61.87,172,83,549,21,835,20,3.17,1
5277,Blitta,Centrale,2023,218753,86.64,2,58,118,594,57.78,367,112,1455,11,1818,74,3.21,1
5278,Lacs,Maritime,2021,241207,93.52,16,44,81,58,60.38,218,79,1010,89,673,49,2.98,0
5279,Agou,Plateaux,2022,85793,87.28,8,26,67,285,81.58,341,81,2730,222,600,57,4.03,1
5280,Tchaoudjo,Centrale,2020,240360,48.39,22,9,90,246,88.2,211,115,1536,155,972,31,3.95,1
5281,Mô,Centrale,2022,52448,90.38,2,70,68,481,68.69,245,79,4900,68,701,70,3.76,1
5282,Mô,Centrale,2020,52448,65.65,30,36,41,148,63.32,105,37,1065,219,1657,56,3.04,0
5283,Kloto,Plateaux,2020,145985,53.14,22,74,153,335,54.6,243,96,1810,90,285,80,4.05,1
5284,Tandjoaré,Savanes,2020,35537,49.88,8,65,44,295,86.18,289,89,5328,49,1048,52,3.39,1
5285,Tône,Savanes,2023,388775,86.75,7,85,236,232,88.45,81,77,1410,37,1371,69,4.57,0
5286,Amou,Plateaux,2021,110948,73.85,7,20,284,413,66.15,248,87,5357,35,1213,30,4.75,1
5287,Yoto,Maritime,2021,174451,50.42,12,6,284,419,67.0,63,56,3613,13,1758,19,2.62,1
5288,Kpendjal-Ouest,Savanes,2023,120285,72.83,28,14,131,257,57.64,183,32,3726,47,581,79,2.68,0
5289,Binah,Kara,2022,84739,74.66,10,75,273,86,85.72,336,53,3093,177,1183,37,3.96,0
5290,Zio,Maritime,2021,500032,49.52,24,76,271,540,63.28,282,109,5420,144,241,7,4.23,1
5291,Yoto,Maritime,2021,174451,48.47,2,95,80,254,82.52,88,30,2316,58,1493,41,4.15,1
5292,Doufelgou,Kara,2020,87588,81.61,4,43,290,173,71.91,140,106,3579,152,696,5,4.52,1
5293,Amou,Plateaux,2020,110948,68.01,5,88,139,54,88.96,220,43,2210,276,1999,48,3.59,0
5294,Avé,Maritime,2023,111214,50.47,18,10,119,354,69.94,219,70,3503,32,345,27,4.64,1
5295,Wawa,Plateaux,2021,101300,82.65,27,16,97,159,55.3,354,41,2523,152,1830,29,3.14,0
5296,Est-Mono,Plateaux,2021,164460,78.29,19,87,287,273,92.52,338,42,4458,127,1000,41,3.37,1
5297,Tône,Savanes,2023,388775,54.47,2,8,236,209,63.93,225,35,2076,267,638,54,3.39,1
5298,Tandjoaré,Savanes,2020,35537,51.68,27,62,138,517,61.59,289,43,4813,58,117,42,3.66,1
5299,Oti-Sud,Savanes,2023,150806,73.22,13,96,77,590,65.02,213,42,2371,180,1816,45,2.84,0
5300,Amou,Plateaux,2020,110948,44.27,24,33,228,149,84.9,60,74,5521,15,791,47,4.74,1
5301,Yoto,Maritime,2022,174451,88.53,13,9,104,403,54.53,376,67,864,265,660,15,3.25,0
5302,Kloto,Plateaux,2020,145985,47.24,15,71,179,268,85.52,119,111,394,227,1381,76,3.84,1
5303,Zio,Maritime,2021,500032,52.08,29,64,180,506,68.34,50,37,210,77,1371,74,3.64,1
5304,Danyi,Plateaux,2020,40240,54.81,20,96,198,414,68.81,131,68,5007,64,16,75,2.93,1
5305,Kpendjal,Savanes,2020,150806,60.36,12,59,182,553,80.71,339,25,2461,79,1029,10,3.28,0
5306,Amou,Plateaux,2022,110948,47.87,28,80,51,199,52.41,90,56,4934,203,225,44,3.09,1
5307,Zio,Maritime,2022,500032,64.34,21,34,155,599,77.95,105,41,309,235,775,78,4.73,0
5308,Avé,Maritime,2020,111214,77.84,23,27,246,105,71.85,218,119,2176,176,1254,29,2.56,1
5309,Haho,Plateaux,2022,305096,66.23,18,87,120,534,92.92,397,27,4649,158,1113,8,4.4,1
5310,Assoli,Kara,2022,66492,87.83,22,19,163,202,58.12,70,78,3889,241,322,80,3.52,0
5311,Vo,Maritime,2020,224411,44.02,4,16,96,544,79.34,117,49,3076,260,821,67,4.23,1
5312,Binah,Kara,2023,84739,40.42,29,5,83,372,55.91,276,24,3619,288,1864,59,4.65,1
5313,Wawa,Plateaux,2020,101300,76.91,10,88,256,260,57.69,259,120,1870,168,274,22,3.38,1
5314,Est-Mono,Plateaux,2020,164460,66.33,15,100,272,489,92.61,254,106,826,21,1017,25,2.72,1
5315,Mô,Centrale,2022,52448,92.41,8,23,273,596,80.51,85,91,3265,206,811,27,3.75,1
5316,Oti-Sud,Savanes,2020,150806,81.19,5,21,205,554,61.49,342,88,5922,73,915,30,4.7,1
5317,Est-Mono,Plateaux,2023,164460,78.12,2,96,230,261,63.91,263,49,2162,227,1367,14,3.81,0
5318,Akébou,Plateaux,2021,73188,60.65,16,26,70,526,83.3,267,106,1584,75,540,26,4.41,1
5319,Agoè-Nyivé,Maritime,2022,882695,44.0,2,27,143,230,66.39,319,54,1861,49,1821,48,2.77,1
5320,Cinkassé,Savanes,2021,173987,40.51,5,30,184,336,84.13,284,77,3756,206,1626,54,4.6,1
5321,Haho,Plateaux,2023,305096,65.68,13,23,227,355,73.5,209,36,1746,269,900,76,3.57,0
5322,Kozah,Kara,2020,283738,94.77,6,51,281,413,67.26,314,62,5610,16,941,19,2.75,1
5323,Tandjoaré,Savanes,2020,35537,85.2,13,86,74,582,80.5,199,116,813,107,1737,44,2.78,1
5324,Haho,Plateaux,2020,305096,42.18,26,73,85,354,81.77,370,110,4610,119,291,68,4.14,1
5325,Sotouboua,Centrale,2023,141404,51.01,9,69,85,97,74.77,236,91,1179,238,1774,74,3.27,1
5326,Wawa,Plateaux,2021,101300,63.35,29,76,283,521,57.9,123,108,483,164,548,68,3.76,1
5327,Cinkassé,Savanes,2023,173987,88.15,12,78,203,334,76.59,201,83,5476,97,172,51,3.68,1
5328,Kpendjal,Savanes,2021,150806,73.24,15,100,209,65,91.96,396,99,5521,290,6,31,4.77,1
5329,Kozah,Kara,2022,283738,75.63,30,16,255,100,73.81,183,38,3859,54,1206,33,2.92,0
5330,Yoto,Maritime,2021,174451,84.86,22,76,281,517,57.87,56,54,2826,185,242,26,3.74,0
5331,Tône,Savanes,2021,388775,83.56,29,39,104,572,73.97,373,69,923,4,59,26,3.26,0
5332,Anié,Plateaux,2021,177188,79.47,8,32,117,570,89.94,168,81,3468,56,421,59,3.62,1
5333,Zio,Maritime,2023,500032,54.18,21,67,225,182,67.48,222,89,4456,196,588,79,3.92,1
5334,Agou,Plateaux,2022,85793,62.44,19,90,226,571,66.97,121,65,2314,136,546,49,4.19,0
5335,Kpélé,Plateaux,2023,81620,57.91,13,95,241,439,69.27,58,69,2149,191,54,48,3.76,1
5336,Kpendjal-Ouest,Savanes,2021,120285,57.1,22,38,293,303,52.11,193,94,470,114,1636,4,4.26,1
5337,Danyi,Plateaux,2022,40240,50.45,3,13,271,388,74.03,101,27,4364,64,209,25,4.46,1
5338,Assoli,Kara,2021,66492,94.17,24,91,152,406,85.26,344,100,2101,2,1215,28,4.29,1
5339,Kéran,Kara,2022,123138,93.63,9,8,104,417,89.73,234,113,1489,212,1335,24,4.06,1
5340,Vo,Maritime,2022,224411,55.47,14,75,130,528,53.47,113,112,4188,167,14,48,4.28,1
5341,Golfe,Maritime,2023,1305681,59.35,14,7,37,524,73.24,232,24,4620,245,149,34,3.93,1
5342,Haho,Plateaux,2022,305096,75.16,11,66,224,255,90.78,54,35,4281,185,1125,5,2.66,1
5343,Tandjoaré,Savanes,2023,35537,54.99,4,83,62,481,65.82,390,92,969,156,453,37,4.36,1
5344,Avé,Maritime,2020,111214,52.0,3,25,127,62,66.47,114,115,1173,1,1233,30,4.28,1
5345,Assoli,Kara,2023,66492,49.76,2,7,85,498,55.6,240,39,3133,25,599,17,4.32,1
5346,Sotouboua,Centrale,2021,141404,59.92,18,36,190,372,86.36,357,94,447,6,951,53,2.52,1
5347,Moyen-Mono,Plateaux,2020,90505,83.78,28,6,228,168,59.76,379,91,2348,89,1673,74,3.16,1
5348,Tchaoudjo,Centrale,2021,240360,55.95,21,100,248,163,60.58,389,96,1936,298,1025,78,2.62,1
5349,Haho,Plateaux,2023,305096,44.22,12,73,275,580,84.72,315,69,1118,26,398,70,4.59,1
5350,Blitta,Centrale,2022,218753,47.98,7,11,180,301,67.59,105,58,4855,125,1721,3,3.73,1
5351,Assoli,Kara,2020,66492,73.79,21,45,180,535,72.89,256,59,2814,6,556,55,3.04,0
5352,Assoli,Kara,2022,66492,42.77,8,19,271,391,84.8,127,62,1027,225,1659,19,4.65,1
5353,Mô,Centrale,2020,52448,93.5,8,24,24,159,82.74,384,81,4611,163,1945,23,4.35,1
5354,Est-Mono,Plateaux,2020,164460,78.01,27,22,143,474,83.36,356,108,4154,161,615,11,4.8,1
5355,Tchaoudjo,Centrale,2020,240360,49.65,10,34,115,371,70.05,83,20,3851,240,1232,63,3.01,1
5356,Bas-Mono,Maritime,2023,95380,83.45,4,67,54,502,96.48,95,44,2244,107,1073,29,2.54,0
5357,Tchamba,Centrale,2022,200585,64.53,6,50,123,92,74.24,187,99,3201,172,1213,72,3.0,1
5358,Kéran,Kara,2022,123138,55.43,17,53,182,287,81.72,363,44,3660,223,1724,46,4.59,1
5359,Cinkassé,Savanes,2022,173987,40.77,16,32,83,125,94.47,227,60,3187,203,678,47,2.8,1
5360,Cinkassé,Savanes,2022,173987,73.7,27,68,39,184,79.29,114,47,3524,237,955,13,3.18,0
5361,Kéran,Kara,2022,123138,55.82,20,68,282,126,61.61,251,31,4530,116,464,3,4.11,1
5362,Sotouboua,Centrale,2020,141404,46.84,25,97,57,516,57.3,306,92,1845,12,1329,9,3.32,1
5363,Yoto,Maritime,2020,174451,73.36,28,14,87,258,51.03,104,67,3311,182,100,51,4.18,0
5364,Assoli,Kara,2022,66492,86.68,30,77,52,460,80.96,288,86,5120,126,728,46,3.17,1
5365,Cinkassé,Savanes,2023,173987,52.57,21,30,80,482,91.72,325,52,5611,11,1008,46,4.0,1
5366,Sotouboua,Centrale,2023,141404,45.79,26,43,195,318,85.87,295,21,2914,164,1999,21,4.24,1
5367,Vo,Maritime,2020,224411,54.58,6,20,217,280,87.6,388,28,2364,154,1466,17,4.41,1
5368,Mô,Centrale,2023,52448,67.34,17,34,265,238,54.54,292,37,4721,46,1709,38,4.41,1
5369,Haho,Plateaux,2022,305096,45.43,24,79,216,86,72.53,301,104,2883,54,752,31,2.58,1
5370,Oti-Sud,Savanes,2023,150806,86.63,14,47,183,515,84.37,386,95,2876,161,226,19,4.09,1
5371,Blitta,Centrale,2020,218753,47.5,12,55,252,70,96.88,381,86,2323,71,613,44,3.94,1
5372,Golfe,Maritime,2020,1305681,43.87,20,17,289,317,60.47,76,34,3863,268,960,45,4.06,1
5373,Tchamba,Centrale,2021,200585,85.53,30,64,143,129,88.89,232,102,2184,151,1989,3,4.28,1
5374,Kozah,Kara,2022,283738,63.72,14,89,148,175,67.4,167,69,1113,47,1411,77,4.27,0
5375,Est-Mono,Plateaux,2020,164460,78.95,20,18,284,392,59.47,146,36,235,149,941,41,3.4,0
5376,Yoto,Maritime,2023,174451,71.88,24,87,214,192,68.11,354,67,1017,262,158,10,3.75,0
5377,Danyi,Plateaux,2022,40240,86.61,5,79,236,393,52.57,84,25,4221,186,630,75,4.57,1
5378,Kpendjal,Savanes,2022,150806,70.33,30,49,21,240,75.99,108,96,1642,6,199,7,3.34,1
5379,Amou,Plateaux,2022,110948,59.24,4,5,259,530,60.24,333,104,4504,14,30,53,3.96,1
5380,Anié,Plateaux,2021,177188,71.27,12,31,60,228,87.89,364,68,1248,20,1769,63,2.99,0
5381,Blitta,Centrale,2020,218753,87.86,10,14,90,588,56.87,163,76,4668,251,521,25,4.14,1
5382,Tchaoudjo,Centrale,2022,240360,54.32,11,59,188,167,73.95,303,33,3292,107,604,32,4.5,1
5383,Wawa,Plateaux,2021,101300,82.97,2,58,96,348,67.24,108,120,4455,247,256,28,3.28,1
5384,Est-Mono,Plateaux,2023,164460,84.08,15,65,176,326,51.15,55,117,2766,90,1966,54,2.6,1
5385,Assoli,Kara,2021,66492,66.76,3,95,266,555,59.84,291,71,5489,117,1062,30,3.34,1
5386,Bassar,Kara,2022,152038,74.34,7,95,121,308,87.21,345,98,4736,33,214,54,3.0,1
5387,Lacs,Maritime,2020,241207,59.89,5,31,141,474,84.53,322,26,3927,270,832,72,3.1,1
5388,Agoè-Nyivé,Maritime,2023,882695,58.08,18,55,280,366,61.07,93,96,4442,36,950,56,4.12,1
5389,Kéran,Kara,2021,123138,89.24,16,18,114,440,79.08,230,50,4629,257,803,44,4.55,1
5390,Assoli,Kara,2021,66492,54.26,7,13,232,160,90.87,300,84,3624,264,1540,15,4.48,1
5391,Tandjoaré,Savanes,2020,35537,43.73,18,94,254,182,52.95,67,80,1122,121,989,73,3.94,1
5392,Tône,Savanes,2022,388775,94.27,24,21,297,141,55.12,125,31,5224,35,1008,14,2.87,1
5393,Bas-Mono,Maritime,2020,95380,41.85,14,70,67,58,56.31,346,92,3142,180,1547,49,4.63,1
5394,Kéran,Kara,2023,123138,74.03,17,86,45,386,96.16,163,51,1081,162,1352,36,3.68,0
5395,Kpendjal-Ouest,Savanes,2021,120285,82.89,7,74,35,425,67.53,88,50,285,46,961,64,3.87,0
5396,Blitta,Centrale,2021,218753,54.86,9,68,159,449,58.68,111,117,3977,202,251,65,3.37,1
5397,Tchaoudjo,Centrale,2020,240360,64.83,7,18,51,438,74.85,53,49,2065,289,1310,18,4.68,0
5398,Doufelgou,Kara,2021,87588,81.83,16,82,54,138,81.56,298,89,3728,161,663,42,3.5,1
5399,Agou,Plateaux,2020,85793,51.13,25,66,266,277,75.45,210,82,1767,36,1633,29,4.79,1
5400,Moyen-Mono,Plateaux,2020,90505,93.14,16,60,55,463,57.47,266,57,2123,57,1353,1,4.16,0
5401,Sotouboua,Centrale,2023,141404,87.39,25,65,287,342,93.35,97,91,389,156,1933,33,2.7,1
5402,Tandjoaré,Savanes,2023,35537,74.6,6,8,53,99,92.93,154,58,2526,250,889,55,3.33,0
5403,Kozah,Kara,2023,283738,70.6,8,83,114,225,93.52,258,45,722,210,1423,66,4.18,0
5404,Yoto,Maritime,2022,174451,85.26,14,20,50,120,73.9,346,54,3559,89,1356,71,2.96,0
5405,Oti-Sud,Savanes,2023,150806,68.13,23,95,242,405,52.33,204,46,1982,261,1464,29,4.07,0
5406,Kloto,Plateaux,2022,145985,43.2,18,26,288,319,71.06,52,85,4237,239,351,37,4.07,1
5407,Kpendjal,Savanes,2021,150806,86.18,13,19,143,344,82.02,93,117,3039,6,1794,21,4.29,1
5408,Yoto,Maritime,2021,174451,69.87,10,80,34,474,83.51,117,89,2958,119,1120,0,3.15,1
5409,Moyen-Mono,Plateaux,2023,90505,87.44,21,8,162,202,90.22,181,84,5459,168,1261,38,3.49,1
5410,Haho,Plateaux,2021,305096,76.0,5,24,279,399,67.16,211,22,444,53,1117,64,3.08,0
5411,Avé,Maritime,2023,111214,79.08,21,55,97,81,56.54,186,54,3824,217,84,11,2.93,0
5412,Bas-Mono,Maritime,2022,95380,68.21,7,55,24,232,96.38,320,84,5093,171,441,7,4.43,1
5413,Oti-Sud,Savanes,2023,150806,78.75,5,70,118,187,72.42,353,117,724,174,509,56,4.76,1
5414,Agou,Plateaux,2020,85793,93.75,8,85,226,170,73.13,305,99,3820,226,1659,30,4.1,1
5415,Agou,Plateaux,2022,85793,82.68,18,52,53,471,72.71,264,28,357,234,871,38,3.95,0
5416,Dankpen,Kara,2020,184632,73.11,8,19,209,489,52.07,162,29,312,123,1331,42,3.09,0
5417,Dankpen,Kara,2023,184632,76.42,28,25,252,552,92.31,151,21,3472,289,1477,0,4.02,0
5418,Ogou,Plateaux,2022,253467,60.64,15,75,87,458,91.38,133,23,1668,239,1297,11,4.1,0
5419,Kpélé,Plateaux,2020,81620,49.69,3,97,144,86,89.82,280,21,5294,165,1661,76,2.68,1
5420,Sotouboua,Centrale,2023,141404,55.46,24,27,271,358,85.95,185,74,323,95,508,59,4.06,1
5421,Wawa,Plateaux,2023,101300,53.45,7,98,86,77,83.73,280,76,2222,209,1226,42,3.0,1
5422,Kloto,Plateaux,2021,145985,49.61,2,66,28,439,50.51,295,28,1271,142,1619,29,3.93,1
5423,Zio,Maritime,2022,500032,65.68,17,63,173,271,95.49,102,37,2800,16,1816,72,3.33,0
5424,Cinkassé,Savanes,2021,173987,76.91,7,34,40,466,50.63,136,54,882,112,1425,5,2.79,0
5425,Bassar,Kara,2023,152038,43.77,10,27,33,185,58.69,347,95,2483,145,511,63,3.43,1
5426,Yoto,Maritime,2022,174451,76.59,11,48,296,407,57.02,321,98,290,14,580,57,3.96,1
5427,Kéran,Kara,2023,123138,49.63,7,72,148,335,93.93,282,38,1728,81,1869,31,3.58,1
5428,Bas-Mono,Maritime,2020,95380,51.41,5,46,172,146,72.14,62,109,2895,101,461,76,3.42,1
5429,Tchaoudjo,Centrale,2021,240360,54.07,9,59,218,181,96.1,336,89,4660,18,396,66,3.25,1
5430,Tchaoudjo,Centrale,2020,240360,72.31,23,64,263,406,80.49,252,67,2315,60,1156,16,2.67,0
5431,Kpélé,Plateaux,2023,81620,75.9,25,96,98,116,51.52,193,54,3684,91,989,68,2.97,0
5432,Yoto,Maritime,2021,174451,59.79,25,40,252,592,59.22,211,119,5011,120,779,64,3.45,1
5433,Kpendjal-Ouest,Savanes,2022,120285,55.45,5,70,55,92,52.2,319,44,5106,84,1516,74,3.27,1
5434,Blitta,Centrale,2023,218753,50.15,12,12,40,248,61.56,300,82,967,81,1532,31,3.25,1
5435,Tchamba,Centrale,2021,200585,46.98,18,51,153,312,91.31,340,103,2099,236,1800,30,4.78,1
5436,Mô,Centrale,2021,52448,54.2,3,73,297,50,90.49,115,65,1466,275,1421,58,2.54,1
5437,Wawa,Plateaux,2020,101300,78.53,10,20,112,350,92.12,261,56,1988,167,750,36,4.01,0
5438,Cinkassé,Savanes,2021,173987,65.36,20,27,93,118,79.64,73,84,1605,191,805,5,2.96,1
5439,Kpélé,Plateaux,2023,81620,49.67,8,62,298,52,68.9,386,50,3353,200,1617,59,2.72,1
5440,Anié,Plateaux,2020,177188,46.85,21,37,61,458,84.81,191,51,3103,230,837,57,2.54,1
5441,Kéran,Kara,2021,123138,64.83,15,50,156,101,96.24,299,65,5732,77,1849,28,4.76,1
5442,Lacs,Maritime,2022,241207,56.46,9,18,173,52,63.17,388,120,852,270,340,50,2.52,1
5443,Blitta,Centrale,2023,218753,81.3,30,90,297,544,83.44,174,94,3712,125,82,65,4.5,1
5444,Kpendjal-Ouest,Savanes,2021,120285,69.17,14,47,30,448,91.42,353,68,5926,229,129,3,3.88,1
5445,Yoto,Maritime,2021,174451,63.11,29,100,233,314,73.02,128,23,1140,187,670,56,4.74,0
5446,Kloto,Plateaux,2020,145985,41.86,20,22,105,123,95.93,228,54,3645,52,653,17,2.93,1
5447,Amou,Plateaux,2022,110948,42.92,6,17,62,197,78.85,396,57,4181,188,135,59,3.19,1
5448,Kpendjal-Ouest,Savanes,2020,120285,70.62,15,33,62,56,87.98,376,66,2088,35,711,19,4.25,0
5449,Agoè-Nyivé,Maritime,2022,882695,63.12,20,85,272,73,70.29,376,73,5158,120,1082,25,4.07,1
5450,Agoè-Nyivé,Maritime,2021,882695,80.93,14,34,165,125,55.13,400,111,3902,222,1313,45,2.72,1
5451,Kloto,Plateaux,2022,145985,76.33,29,67,276,324,68.34,351,86,543,124,704,19,4.19,1
5452,Moyen-Mono,Plateaux,2023,90505,71.3,21,55,52,71,65.58,276,70,2054,6,1605,23,2.61,0
5453,Kéran,Kara,2021,123138,82.42,8,8,282,181,63.44,80,84,3637,176,1505,70,4.07,1
5454,Golfe,Maritime,2021,1305681,87.05,18,84,139,259,72.4,334,55,2226,202,722,76,3.21,0
5455,Avé,Maritime,2021,111214,86.32,13,52,262,102,68.38,157,62,1923,269,494,52,2.82,0
5456,Kloto,Plateaux,2021,145985,71.91,23,46,70,349,76.57,110,96,4375,207,764,50,3.26,1
5457,Agoè-Nyivé,Maritime,2022,882695,72.96,26,53,161,561,87.58,75,80,1943,50,816,8,3.85,0
5458,Blitta,Centrale,2020,218753,42.21,16,69,156,315,84.47,107,91,5805,172,265,51,3.52,1
5459,Bas-Mono,Maritime,2020,95380,63.14,22,84,245,358,67.23,95,58,2791,225,1826,31,4.66,0
5460,Kozah,Kara,2021,283738,67.37,3,87,262,108,77.0,132,20,1952,35,933,38,3.11,0
5461,Assoli,Kara,2020,66492,57.3,7,73,271,559,79.35,186,111,1241,11,577,72,4.55,1
5462,Bassar,Kara,2022,152038,63.27,14,31,233,366,51.2,237,45,540,126,709,20,2.66,0
5463,Zio,Maritime,2020,500032,46.48,19,79,43,208,80.81,82,74,2981,300,1907,15,3.18,1
5464,Cinkassé,Savanes,2022,173987,69.01,23,36,146,168,92.3,381,29,232,112,668,54,3.59,0
5465,Kpélé,Plateaux,2020,81620,56.64,25,17,254,206,50.51,385,98,301,239,1203,50,3.79,1
5466,Kpendjal-Ouest,Savanes,2020,120285,60.56,2,15,38,538,87.12,144,81,511,234,1424,35,4.07,1
5467,Mô,Centrale,2022,52448,88.48,24,9,85,446,72.35,104,26,2472,225,1507,41,2.53,0
5468,Kozah,Kara,2023,283738,85.52,12,11,46,74,85.84,108,35,5576,29,1945,33,4.65,1
5469,Est-Mono,Plateaux,2021,164460,55.56,24,90,282,55,93.12,355,96,3228,282,1884,5,2.55,1
5470,Tchamba,Centrale,2020,200585,53.03,20,60,154,149,81.09,235,104,2586,154,745,20,4.58,1
5471,Bassar,Kara,2020,152038,42.21,17,24,101,383,94.17,191,97,1868,98,236,76,3.64,1
5472,Bas-Mono,Maritime,2021,95380,58.04,23,14,170,527,87.15,231,86,3120,242,767,70,2.97,1
5473,Zio,Maritime,2023,500032,81.39,27,35,273,358,84.87,205,92,5620,238,149,25,2.69,1
5474,Binah,Kara,2022,84739,46.77,26,16,175,96,50.1,282,104,3518,230,994,32,3.69,1
5475,Vo,Maritime,2023,224411,44.63,2,39,182,96,67.03,308,119,2605,15,1498,61,3.08,1
5476,Yoto,Maritime,2022,174451,71.47,10,80,185,523,65.38,332,67,3548,50,1008,10,4.22,0
5477,Moyen-Mono,Plateaux,2021,90505,55.68,25,58,254,385,69.93,356,116,622,107,704,56,2.89,1
5478,Danyi,Plateaux,2020,40240,41.51,14,22,249,524,70.15,372,55,3338,80,1230,11,2.93,1
5479,Moyen-Mono,Plateaux,2023,90505,93.43,19,57,237,408,75.24,284,89,2709,168,1924,35,4.64,1
5480,Amou,Plateaux,2021,110948,77.12,18,100,39,514,85.52,263,73,1857,292,947,7,3.99,0
5481,Dankpen,Kara,2021,184632,43.29,28,16,75,194,96.57,169,71,1685,125,976,43,3.07,1
5482,Doufelgou,Kara,2023,87588,89.43,21,56,30,314,73.46,207,118,4707,63,1962,20,4.45,1
5483,Assoli,Kara,2020,66492,70.77,27,81,111,577,51.75,209,61,1036,232,1434,5,4.03,0
5484,Tchaoudjo,Centrale,2020,240360,78.43,13,93,299,73,59.15,101,100,1771,274,1892,68,2.91,1
5485,Golfe,Maritime,2021,1305681,66.85,29,18,117,58,74.4,185,76,593,298,1281,77,4.07,0
5486,Oti-Sud,Savanes,2022,150806,48.49,5,53,125,515,88.6,267,112,4336,215,1186,52,3.27,1
5487,Tchaoudjo,Centrale,2020,240360,83.67,10,46,102,412,68.7,344,27,3080,183,1930,38,2.99,0
5488,Avé,Maritime,2020,111214,69.6,17,37,69,369,82.68,115,107,3160,17,1213,63,2.94,1
5489,Lacs,Maritime,2022,241207,64.25,28,37,260,372,93.9,337,72,1655,185,508,19,3.22,0
5490,Amou,Plateaux,2022,110948,64.3,20,74,77,319,80.25,304,68,2033,112,496,15,4.65,0
5491,Bassar,Kara,2021,152038,41.71,5,48,254,270,57.98,226,81,575,272,57,40,2.52,1
5492,Bassar,Kara,2022,152038,47.81,29,93,169,223,61.53,377,30,1840,178,1987,32,4.75,1
5493,Bas-Mono,Maritime,2020,95380,68.95,15,8,172,295,55.24,69,79,611,159,411,61,3.39,0
5494,Assoli,Kara,2023,66492,42.16,19,37,91,427,66.47,176,47,5104,26,333,3,4.16,1
5495,Bas-Mono,Maritime,2023,95380,49.25,25,80,149,287,88.36,158,72,4319,227,1302,24,4.21,1
5496,Bassar,Kara,2023,152038,48.94,16,14,164,498,51.73,265,44,5710,283,1949,6,3.06,1
5497,Est-Mono,Plateaux,2023,164460,70.57,3,28,100,150,77.39,92,39,4464,121,1745,24,4.08,1
5498,Dankpen,Kara,2022,184632,79.23,18,39,191,582,74.55,368,69,5884,250,1626,80,4.36,1
5499,Avé,Maritime,2021,111214,49.97,17,13,212,227,72.06,94,47,3777,81,1338,43,3.1,1
5500,Oti,Savanes,2020,123324,74.39,22,17,166,379,87.48,282,100,3029,76,77,63,4.15,1
5501,Akébou,Plateaux,2022,73188,48.36,23,31,109,429,76.51,207,56,4693,240,1293,10,2.9,1
5502,Ogou,Plateaux,2022,253467,63.02,19,43,75,220,62.07,128,79,5989,121,6,56,3.03,1
5503,Bassar,Kara,2022,152038,54.08,3,7,166,96,69.03,54,120,2450,258,918,14,3.98,1
5504,Kloto,Plateaux,2022,145985,67.63,26,64,173,197,62.58,317,102,4111,211,199,41,4.63,1
5505,Amou,Plateaux,2020,110948,86.03,16,98,206,264,75.85,127,64,5509,279,576,23,2.52,1
5506,Oti,Savanes,2020,123324,48.21,7,56,271,348,96.43,125,91,3211,269,1899,39,4.72,1
5507,Tchamba,Centrale,2022,200585,48.42,19,21,217,456,53.13,133,107,4996,93,478,63,4.04,1
5508,Golfe,Maritime,2022,1305681,42.26,21,15,73,209,65.9,299,63,5078,225,976,62,3.38,1
5509,Mô,Centrale,2020,52448,57.95,19,100,143,460,96.73,377,45,4079,73,364,15,3.89,1
5510,Moyen-Mono,Plateaux,2023,90505,76.24,11,39,108,361,54.88,272,21,1792,114,1086,3,4.75,0
5511,Agoè-Nyivé,Maritime,2021,882695,59.95,19,30,227,268,95.97,73,89,2882,30,1776,37,3.82,1
5512,Tchamba,Centrale,2021,200585,42.39,18,51,281,578,55.83,63,113,5647,4,235,44,4.58,1
5513,Anié,Plateaux,2020,177188,88.67,6,18,98,65,92.25,96,35,3123,78,49,52,3.6,0
5514,Wawa,Plateaux,2021,101300,77.75,12,27,66,345,73.27,174,54,2094,47,1568,17,3.88,0
5515,Ogou,Plateaux,2020,253467,83.12,17,5,295,374,68.31,146,54,4550,71,953,40,3.38,1
5516,Cinkassé,Savanes,2023,173987,82.56,21,38,61,276,74.69,332,108,4336,33,576,72,3.63,1
5517,Avé,Maritime,2022,111214,83.72,12,7,251,342,80.27,178,78,3118,182,659,47,3.28,0
5518,Kozah,Kara,2020,283738,80.32,18,47,35,514,95.82,185,70,827,263,1459,58,3.22,0
5519,Avé,Maritime,2020,111214,56.61,30,46,136,258,90.55,189,70,3052,1,444,78,4.19,1
5520,Avé,Maritime,2022,111214,49.43,28,14,300,51,86.98,365,28,5532,124,1887,56,4.24,1
5521,Oti,Savanes,2023,123324,41.34,19,75,127,190,80.1,248,26,4030,216,512,48,4.64,1
5522,Wawa,Plateaux,2020,101300,83.19,4,44,64,248,68.22,358,89,4066,81,1482,77,4.48,1
5523,Moyen-Mono,Plateaux,2021,90505,42.28,6,20,144,95,70.76,213,44,4313,214,643,72,4.53,1
5524,Est-Mono,Plateaux,2022,164460,50.12,6,12,274,363,80.82,186,46,3315,196,1008,22,4.76,1
5525,Dankpen,Kara,2021,184632,77.78,9,26,276,439,70.74,82,80,3128,56,1494,9,4.0,0
5526,Mô,Centrale,2020,52448,52.74,6,7,53,154,93.9,275,44,3583,272,1857,4,3.99,1
5527,Kpendjal-Ouest,Savanes,2020,120285,78.25,10,6,240,274,66.84,378,25,5883,297,1850,12,4.47,1
5528,Wawa,Plateaux,2020,101300,71.24,15,85,211,424,60.82,132,41,5711,189,1472,25,2.94,1
5529,Ogou,Plateaux,2022,253467,78.21,26,71,284,478,84.94,205,99,2571,134,1172,64,4.4,1
5530,Yoto,Maritime,2020,174451,52.38,2,44,170,591,80.6,364,73,842,293,353,24,2.65,1
5531,Doufelgou,Kara,2021,87588,85.3,22,60,180,345,83.27,219,47,3322,57,1833,70,4.62,0
5532,Blitta,Centrale,2023,218753,45.41,22,62,200,72,78.04,297,59,4271,288,1306,15,4.78,1
5533,Agoè-Nyivé,Maritime,2020,882695,50.24,12,51,127,61,71.58,260,60,5713,148,1677,54,3.9,1
5534,Doufelgou,Kara,2023,87588,67.85,17,14,41,542,70.12,286,58,2271,176,799,45,2.83,0
5535,Lacs,Maritime,2022,241207,41.32,14,47,181,389,85.88,59,103,323,152,1620,58,4.19,1
5536,Kloto,Plateaux,2023,145985,93.09,23,14,241,86,60.8,300,41,4368,13,720,4,2.76,1
5537,Tône,Savanes,2023,388775,78.35,30,99,103,553,71.81,97,55,1652,13,1107,42,3.33,0
5538,Oti-Sud,Savanes,2020,150806,58.56,15,95,250,261,90.43,137,117,4781,155,436,69,3.01,1
5539,Golfe,Maritime,2022,1305681,65.19,5,10,128,369,90.53,91,106,5395,151,845,58,3.06,1
5540,Agou,Plateaux,2023,85793,53.95,18,83,265,230,54.66,307,36,5235,67,1282,22,4.73,1
5541,Amou,Plateaux,2022,110948,40.66,24,67,88,102,97.81,386,32,5103,204,1663,74,3.29,1
5542,Binah,Kara,2023,84739,94.14,24,45,250,262,95.25,82,22,5396,142,1813,55,4.19,1
5543,Agou,Plateaux,2021,85793,49.11,28,30,93,286,92.03,92,78,338,193,1260,4,2.8,1
5544,Bas-Mono,Maritime,2021,95380,75.21,15,8,67,219,61.2,73,86,4252,39,1640,60,3.93,1
5545,Agoè-Nyivé,Maritime,2021,882695,61.13,25,93,135,92,97.6,313,47,4656,142,1495,22,3.74,1
5546,Lacs,Maritime,2020,241207,44.09,30,44,165,287,52.2,219,106,3676,71,1559,35,4.77,1
5547,Amou,Plateaux,2021,110948,49.24,30,14,207,551,66.78,380,120,3138,226,938,74,3.37,1
5548,Danyi,Plateaux,2020,40240,40.29,26,40,57,596,71.86,119,99,390,107,882,53,3.81,1
5549,Tchaoudjo,Centrale,2021,240360,40.35,5,68,282,396,87.84,148,22,1748,34,210,20,4.03,1
5550,Kpendjal,Savanes,2020,150806,59.95,28,54,279,198,71.46,298,44,3605,199,534,74,2.79,1
5551,Yoto,Maritime,2021,174451,63.26,9,68,209,229,85.24,304,79,1608,290,861,32,4.37,0
5552,Golfe,Maritime,2023,1305681,90.12,16,70,123,181,76.35,167,73,4824,45,596,6,2.86,1
5553,Anié,Plateaux,2020,177188,71.87,24,79,244,204,59.33,252,115,1890,80,643,55,3.46,1
5554,Bassar,Kara,2021,152038,71.37,24,23,204,341,65.75,249,95,5374,228,1337,28,4.47,1
5555,Amou,Plateaux,2022,110948,93.64,12,32,94,434,64.97,229,25,5879,70,721,34,3.97,1
5556,Oti,Savanes,2023,123324,64.19,27,40,40,152,79.76,146,97,1366,19,516,80,2.73,1
5557,Blitta,Centrale,2023,218753,70.88,27,57,127,441,68.9,151,58,5433,269,897,28,4.53,1
5558,Kozah,Kara,2021,283738,84.94,10,64,273,121,54.07,386,24,5946,192,1413,59,2.58,1
5559,Tandjoaré,Savanes,2021,35537,94.79,2,32,43,406,57.3,278,95,2750,31,161,47,4.41,1
5560,Agoè-Nyivé,Maritime,2021,882695,70.29,16,97,233,253,53.44,206,77,1779,236,697,78,3.38,0
5561,Sotouboua,Centrale,2022,141404,82.13,15,11,101,351,55.24,196,66,3792,97,177,30,3.24,0
5562,Zio,Maritime,2020,500032,75.69,26,92,200,460,83.0,356,21,2419,198,1704,68,2.87,0
5563,Cinkassé,Savanes,2020,173987,43.45,15,23,238,164,63.03,393,45,3786,120,633,37,3.46,1
5564,Assoli,Kara,2023,66492,75.64,24,75,293,255,92.04,197,80,672,88,9,47,2.8,0
5565,Kéran,Kara,2021,123138,57.87,20,54,299,263,69.34,191,108,2257,141,333,16,3.34,1
5566,Akébou,Plateaux,2023,73188,75.24,12,12,257,485,68.15,305,70,4296,146,652,60,4.52,1
5567,Kpendjal-Ouest,Savanes,2020,120285,64.91,23,51,152,388,84.96,290,60,903,222,1676,23,3.14,0
5568,Assoli,Kara,2021,66492,83.3,14,95,102,485,84.18,176,31,1514,168,975,14,3.79,0
5569,Kozah,Kara,2023,283738,74.57,27,91,121,590,97.51,154,29,4319,190,163,18,4.76,1
5570,Sotouboua,Centrale,2020,141404,80.13,30,57,253,341,57.12,70,73,5305,91,515,62,2.99,1
5571,Vo,Maritime,2021,224411,69.0,10,54,101,319,74.02,160,67,2033,236,258,38,3.09,0
5572,Tchaoudjo,Centrale,2023,240360,63.47,6,11,121,537,82.93,59,82,3130,131,799,59,3.89,1
5573,Kloto,Plateaux,2020,145985,49.4,9,10,164,172,88.49,132,36,945,273,95,20,4.51,1
5574,Vo,Maritime,2021,224411,55.65,24,24,258,229,95.49,177,66,3542,115,69,34,4.38,1
5575,Danyi,Plateaux,2020,40240,92.68,28,17,134,478,51.56,156,72,4984,185,1616,18,4.18,1
5576,Oti,Savanes,2022,123324,76.64,10,59,187,307,91.39,69,117,4432,212,1443,40,4.35,1
5577,Akébou,Plateaux,2022,73188,66.36,2,57,296,99,89.1,387,90,4467,61,1484,20,2.84,1
5578,Bassar,Kara,2023,152038,92.45,24,99,31,228,76.31,159,82,3090,284,666,11,4.18,1
5579,Tchaoudjo,Centrale,2020,240360,73.35,27,87,113,118,56.24,152,20,4670,16,1173,35,4.47,1
5580,Amou,Plateaux,2020,110948,40.79,4,64,123,67,82.89,104,73,3675,41,1865,50,3.98,1
5581,Kloto,Plateaux,2020,145985,80.94,16,23,299,190,65.54,232,104,1545,233,415,80,2.94,1
5582,Doufelgou,Kara,2023,87588,65.56,11,60,225,149,68.52,58,40,2555,80,1405,23,3.16,0
5583,Golfe,Maritime,2021,1305681,76.1,8,87,103,222,74.33,54,32,5973,127,1394,69,4.43,1
5584,Doufelgou,Kara,2023,87588,80.46,13,45,114,109,84.27,52,116,238,26,1001,15,2.67,1
5585,Haho,Plateaux,2022,305096,69.93,28,10,292,466,87.5,227,81,5835,232,836,79,4.11,1
5586,Golfe,Maritime,2023,1305681,49.75,4,15,262,307,82.6,138,75,1187,27,1242,40,4.21,1
5587,Anié,Plateaux,2023,177188,54.88,30,70,286,52,78.36,392,33,2774,241,149,29,4.02,1
5588,Cinkassé,Savanes,2023,173987,43.53,3,85,88,514,94.6,377,22,502,255,1711,41,2.6,1
5589,Cinkassé,Savanes,2023,173987,46.55,21,52,220,282,51.22,189,40,4166,124,270,53,3.44,1
5590,Zio,Maritime,2020,500032,41.21,30,81,178,184,74.64,356,82,3268,100,1264,75,3.24,1
5591,Golfe,Maritime,2022,1305681,42.84,29,19,228,141,83.74,206,42,3582,21,987,0,3.66,1
5592,Cinkassé,Savanes,2022,173987,49.74,30,12,71,510,62.13,371,95,4816,153,820,11,4.1,1
5593,Vo,Maritime,2021,224411,90.69,26,77,300,243,79.55,324,120,586,40,1265,4,4.01,1
5594,Ogou,Plateaux,2022,253467,55.24,22,86,101,242,66.14,176,24,787,144,99,35,4.49,1
5595,Doufelgou,Kara,2022,87588,50.26,18,68,123,592,52.85,76,73,3804,277,436,35,3.13,1
5596,Haho,Plateaux,2021,305096,74.48,19,99,94,287,64.78,317,76,2676,133,1367,13,2.59,0
5597,Doufelgou,Kara,2022,87588,61.29,14,43,178,78,94.45,124,96,4836,291,889,45,4.74,1
5598,Agou,Plateaux,2020,85793,68.89,27,88,225,415,75.88,390,30,5034,1,326,77,4.21,1
5599,Assoli,Kara,2022,66492,58.25,5,51,234,409,71.86,144,82,1133,95,1164,7,3.67,1
5600,Cinkassé,Savanes,2023,173987,89.82,17,27,90,597,80.92,369,65,798,72,87,67,3.32,0
5601,Wawa,Plateaux,2022,101300,53.04,28,73,216,488,65.16,79,111,434,211,1508,73,4.52,1
5602,Est-Mono,Plateaux,2023,164460,64.33,23,54,232,548,80.22,126,68,2733,160,1910,77,3.17,0
5603,Assoli,Kara,2022,66492,94.47,7,26,80,191,79.45,114,41,4831,262,865,5,4.59,1
5604,Yoto,Maritime,2022,174451,65.86,17,37,71,247,84.63,201,58,2305,22,1216,14,3.97,0
5605,Kloto,Plateaux,2020,145985,62.42,17,68,260,234,50.29,328,43,3592,103,1321,34,4.79,0
5606,Yoto,Maritime,2020,174451,92.64,24,42,189,169,70.57,281,85,3136,25,61,9,3.74,1
5607,Moyen-Mono,Plateaux,2022,90505,79.39,24,74,121,230,66.75,392,80,423,220,1246,48,3.12,0
5608,Sotouboua,Centrale,2020,141404,78.74,22,79,76,357,90.91,279,48,255,95,570,57,3.93,0
5609,Amou,Plateaux,2023,110948,86.08,9,37,101,536,90.31,363,53,2932,67,1914,55,3.46,0
5610,Wawa,Plateaux,2023,101300,80.04,28,5,231,287,62.71,119,112,4597,266,334,59,3.95,1
5611,Sotouboua,Centrale,2022,141404,78.06,20,92,257,323,95.56,61,119,1145,287,403,76,4.27,1
5612,Kozah,Kara,2020,283738,90.21,3,5,253,269,86.83,268,72,5560,148,217,65,2.66,1
5613,Avé,Maritime,2020,111214,41.64,22,19,298,210,69.89,234,115,1248,134,777,28,3.79,1
5614,Bassar,Kara,2023,152038,89.19,30,42,32,270,57.06,71,39,2291,245,1446,39,4.26,0
5615,Blitta,Centrale,2021,218753,57.08,14,56,199,142,50.66,251,106,1592,79,1302,54,3.58,1
5616,Agou,Plateaux,2020,85793,82.73,29,26,239,596,83.76,300,24,4459,25,1337,49,3.71,1
5617,Oti,Savanes,2020,123324,66.32,16,42,32,138,69.66,78,51,3725,189,469,63,3.32,0
5618,Zio,Maritime,2022,500032,49.88,15,37,258,133,63.23,294,27,871,74,1308,3,3.69,1
5619,Akébou,Plateaux,2022,73188,51.07,22,7,138,361,78.38,270,80,1535,266,1919,12,4.37,1
5620,Golfe,Maritime,2023,1305681,89.46,24,38,205,56,63.93,312,96,2136,192,1249,35,3.16,1
5621,Kpendjal-Ouest,Savanes,2022,120285,50.03,21,54,134,492,50.59,371,93,1322,252,1475,44,4.32,1
5622,Bas-Mono,Maritime,2022,95380,73.67,8,43,42,361,56.55,326,96,5856,232,289,78,3.19,1
5623,Kozah,Kara,2022,283738,54.91,14,71,54,382,65.73,296,46,1516,300,1468,37,2.91,1
5624,Doufelgou,Kara,2022,87588,71.45,6,76,288,222,84.94,58,58,5037,17,1084,32,4.11,1
5625,Blitta,Centrale,2023,218753,71.5,17,40,69,310,56.87,214,80,207,46,592,23,3.77,0
5626,Dankpen,Kara,2023,184632,45.86,23,32,235,263,68.36,60,81,3634,36,1426,78,3.29,1
5627,Kpendjal,Savanes,2023,150806,70.65,28,56,249,147,58.88,252,83,1317,265,381,36,2.64,1
5628,Lacs,Maritime,2021,241207,83.33,9,79,85,154,80.2,137,38,3591,148,882,74,4.14,0
5629,Haho,Plateaux,2023,305096,85.15,29,17,213,404,80.95,219,33,4805,60,240,13,3.8,1
5630,Bassar,Kara,2022,152038,88.1,22,68,247,563,80.71,68,98,5015,278,325,38,4.57,1
5631,Tandjoaré,Savanes,2020,35537,78.63,2,40,104,70,79.19,388,55,1143,14,1690,13,4.45,0
5632,Cinkassé,Savanes,2021,173987,59.46,10,17,265,456,75.5,369,32,1176,189,416,6,2.71,1
5633,Mô,Centrale,2022,52448,91.3,20,41,60,66,75.54,55,101,1474,171,1356,11,3.47,1
5634,Bassar,Kara,2022,152038,76.78,25,44,255,431,89.1,374,61,2116,275,817,45,4.73,0
5635,Wawa,Plateaux,2021,101300,74.16,14,10,243,267,76.41,284,52,900,157,1680,29,4.15,0
5636,Doufelgou,Kara,2020,87588,73.25,26,50,266,577,53.04,399,30,5902,235,1732,10,3.81,1
5637,Wawa,Plateaux,2020,101300,91.2,13,60,236,84,64.39,224,64,5075,282,923,34,2.87,1
5638,Ogou,Plateaux,2022,253467,41.3,24,58,164,394,79.78,258,37,1751,38,1722,47,3.51,1
5639,Agoè-Nyivé,Maritime,2023,882695,50.02,3,18,20,111,63.39,379,109,1099,217,1594,39,2.67,1
5640,Yoto,Maritime,2021,174451,53.2,26,67,261,565,93.23,204,48,638,43,682,79,3.7,1
5641,Oti-Sud,Savanes,2021,150806,49.06,3,46,107,157,56.98,229,92,1392,238,823,19,3.89,1
5642,Doufelgou,Kara,2023,87588,76.93,22,84,253,233,83.69,303,107,2747,156,1350,49,3.23,1
5643,Danyi,Plateaux,2023,40240,67.76,24,61,225,72,96.9,291,90,2167,219,1809,27,2.53,1
5644,Lacs,Maritime,2022,241207,73.25,22,86,155,116,52.57,166,75,2353,259,1317,57,2.72,0
5645,Bas-Mono,Maritime,2022,95380,40.17,26,50,236,376,92.41,242,105,2719,276,504,51,4.18,1
5646,Agou,Plateaux,2020,85793,82.12,16,41,22,564,80.82,270,37,1839,31,1495,26,2.68,0
5647,Est-Mono,Plateaux,2021,164460,42.03,27,36,171,454,53.85,366,56,3355,153,1042,10,4.77,1
5648,Anié,Plateaux,2021,177188,44.64,19,77,218,108,65.62,379,47,4783,254,1356,42,4.69,1
5649,Assoli,Kara,2022,66492,91.26,21,52,298,530,50.58,330,82,996,218,180,10,4.51,1
5650,Tône,Savanes,2020,388775,68.79,28,100,214,473,90.79,167,40,3614,19,262,31,3.83,0
5651,Tône,Savanes,2020,388775,90.64,9,97,172,57,71.78,142,77,4045,21,1922,51,2.76,1
5652,Haho,Plateaux,2023,305096,61.47,4,22,114,200,62.4,356,100,3004,262,1574,0,3.79,1
5653,Vo,Maritime,2021,224411,72.77,3,9,117,275,59.27,99,49,5755,40,150,71,2.54,1
5654,Binah,Kara,2022,84739,92.63,28,41,288,191,56.31,376,117,713,46,519,53,3.83,1
5655,Mô,Centrale,2022,52448,48.09,22,83,206,499,68.3,193,70,4815,166,252,64,4.39,1
5656,Moyen-Mono,Plateaux,2020,90505,66.19,18,77,40,51,55.43,189,67,1720,286,1170,25,4.77,0
5657,Assoli,Kara,2022,66492,58.96,10,29,133,139,66.84,365,50,2714,53,1712,13,3.89,1
5658,Sotouboua,Centrale,2021,141404,57.43,25,20,289,403,73.43,126,88,4010,200,1723,31,2.54,1
5659,Mô,Centrale,2020,52448,92.95,29,39,268,100,65.9,106,48,2419,293,779,65,3.25,0
5660,Mô,Centrale,2021,52448,67.46,28,11,278,506,93.48,357,114,1283,118,987,52,4.2,1
5661,Tchamba,Centrale,2023,200585,84.15,29,58,206,386,70.93,67,36,1528,213,1083,59,4.26,0
5662,Kpélé,Plateaux,2020,81620,43.23,2,47,255,469,92.62,63,61,2886,86,277,63,4.17,1
5663,Anié,Plateaux,2021,177188,60.02,4,26,117,415,86.31,327,39,5486,131,760,75,2.97,1
5664,Zio,Maritime,2023,500032,86.59,11,95,172,280,62.39,388,46,2126,193,1718,65,4.7,0
5665,Moyen-Mono,Plateaux,2022,90505,60.34,30,16,21,304,64.79,57,77,2797,8,1071,31,3.62,0
5666,Amou,Plateaux,2021,110948,90.38,10,51,260,80,96.13,90,75,3945,236,444,45,3.92,0
5667,Oti-Sud,Savanes,2020,150806,43.54,11,79,149,539,73.13,326,104,1658,8,510,44,3.62,1
5668,Kéran,Kara,2022,123138,50.02,5,96,220,405,85.58,138,81,2830,258,756,19,2.54,1
5669,Yoto,Maritime,2021,174451,57.81,12,48,155,152,77.14,113,79,512,292,1274,51,4.09,1
5670,Est-Mono,Plateaux,2022,164460,88.51,17,25,62,206,81.71,205,25,1282,35,1326,36,3.77,0
5671,Bassar,Kara,2021,152038,87.61,12,32,300,431,54.84,111,33,1159,94,233,55,4.36,0
5672,Danyi,Plateaux,2021,40240,85.08,17,90,254,271,84.35,204,99,3966,195,825,45,2.68,1
5673,Bassar,Kara,2020,152038,63.66,10,54,290,531,94.95,65,69,2097,100,0,55,4.66,0
5674,Dankpen,Kara,2022,184632,44.59,9,6,215,281,74.91,247,97,3204,179,285,31,4.68,1
5675,Kpendjal-Ouest,Savanes,2023,120285,90.46,22,17,298,416,51.97,395,102,2389,89,1701,31,4.51,1
5676,Lacs,Maritime,2022,241207,78.05,2,50,97,101,67.2,278,77,253,151,1371,35,2.82,0
5677,Ogou,Plateaux,2022,253467,72.29,20,68,103,362,58.34,375,55,2373,250,596,79,3.88,0
5678,Kloto,Plateaux,2021,145985,66.29,5,19,152,278,92.32,255,34,691,154,1424,31,2.77,0
5679,Agoè-Nyivé,Maritime,2020,882695,66.9,10,65,128,518,81.78,64,73,2910,269,1548,9,3.02,0
5680,Dankpen,Kara,2021,184632,47.45,25,45,220,508,57.08,87,93,5665,223,58,70,2.55,1
5681,Akébou,Plateaux,2020,73188,48.61,17,6,289,95,57.96,356,93,2389,151,1443,33,3.92,1
5682,Kéran,Kara,2020,123138,69.04,6,98,274,395,50.93,366,115,902,192,1247,66,4.09,1
5683,Tchaoudjo,Centrale,2021,240360,58.09,24,35,201,344,72.0,135,39,1518,155,1151,76,2.98,1
5684,Cinkassé,Savanes,2020,173987,82.11,9,62,187,411,71.33,58,72,1940,95,366,47,3.36,0
5685,Binah,Kara,2022,84739,72.26,19,35,87,88,90.64,238,46,825,152,202,59,4.28,0
5686,Mô,Centrale,2023,52448,87.71,8,60,244,51,89.85,382,26,1253,165,1921,66,4.73,0
5687,Danyi,Plateaux,2022,40240,53.77,4,7,41,95,86.21,170,70,5203,95,1339,34,3.61,1
5688,Lacs,Maritime,2023,241207,73.11,19,29,160,514,53.3,115,99,3450,298,1565,41,2.67,1
5689,Kloto,Plateaux,2022,145985,92.41,15,69,275,252,78.27,86,116,1167,55,1222,4,4.14,1
5690,Avé,Maritime,2023,111214,76.06,26,8,213,436,97.34,324,100,2505,24,625,55,4.74,1
5691,Vo,Maritime,2023,224411,53.97,25,27,201,425,53.92,91,90,3865,12,43,51,4.17,1
5692,Akébou,Plateaux,2022,73188,75.24,9,34,222,529,79.88,51,79,2948,101,1039,7,3.97,0
5693,Kpendjal-Ouest,Savanes,2022,120285,69.7,13,66,265,276,76.41,163,34,4386,267,821,4,4.32,1
5694,Sotouboua,Centrale,2021,141404,86.05,23,67,151,263,68.47,348,80,5781,224,1025,71,3.2,1
5695,Kpendjal-Ouest,Savanes,2022,120285,48.52,24,87,168,251,97.24,133,50,4811,52,743,67,4.03,1
5696,Vo,Maritime,2020,224411,77.44,14,86,117,563,75.59,307,46,2114,20,105,40,3.53,0
5697,Vo,Maritime,2021,224411,66.48,26,46,237,164,89.75,273,41,796,7,639,40,2.7,0
5698,Kloto,Plateaux,2022,145985,72.13,11,7,40,412,67.54,355,110,5185,26,1398,24,3.31,1
5699,Dankpen,Kara,2022,184632,64.03,3,69,288,198,74.44,188,49,3840,119,604,66,3.33,0
5700,Ogou,Plateaux,2023,253467,71.77,5,60,92,536,68.46,301,91,265,232,1771,11,3.96,1
5701,Binah,Kara,2023,84739,52.38,28,51,297,540,60.12,55,64,3579,269,1807,28,4.12,1
5702,Oti,Savanes,2023,123324,57.16,13,55,192,388,63.9,90,33,3750,165,1620,41,4.62,1
5703,Kéran,Kara,2020,123138,72.73,28,67,170,109,91.64,60,102,2873,294,1312,16,2.96,1
5704,Moyen-Mono,Plateaux,2021,90505,93.32,17,93,45,189,91.95,142,38,3502,99,1690,28,3.71,0
5705,Ogou,Plateaux,2022,253467,40.3,13,44,220,418,68.89,326,29,880,80,1907,46,2.83,1
5706,Haho,Plateaux,2021,305096,43.42,18,61,199,136,54.68,135,22,4392,181,637,45,2.59,1
5707,Agou,Plateaux,2021,85793,62.37,27,17,250,107,79.32,286,31,1553,80,658,11,2.81,0
5708,Bas-Mono,Maritime,2022,95380,44.48,28,73,296,465,78.51,161,120,5232,100,1289,77,2.54,1
5709,Kozah,Kara,2023,283738,81.24,15,76,153,163,69.29,344,28,3334,72,173,20,4.02,0
5710,Agoè-Nyivé,Maritime,2023,882695,59.26,4,21,90,256,77.52,195,74,1287,299,1785,64,4.33,1
5711,Agou,Plateaux,2020,85793,71.61,18,7,233,340,74.0,340,63,4194,247,1270,33,2.58,1
5712,Kpendjal,Savanes,2020,150806,91.75,3,74,104,293,74.55,344,51,3375,228,1085,12,4.56,0
5713,Golfe,Maritime,2023,1305681,79.0,14,27,39,470,82.66,388,108,2848,112,1874,50,2.61,1
5714,Anié,Plateaux,2020,177188,85.63,10,36,260,56,73.31,262,48,1300,200,1789,32,4.35,0
5715,Blitta,Centrale,2020,218753,90.68,26,74,299,486,91.95,120,47,5491,151,1658,6,3.9,1
5716,Zio,Maritime,2021,500032,51.48,16,93,207,533,63.81,298,100,5668,191,1525,13,2.68,1
5717,Binah,Kara,2023,84739,61.4,7,51,283,449,69.91,283,27,4356,128,1641,2,2.53,1
5718,Bassar,Kara,2022,152038,92.59,16,65,126,417,65.67,387,94,357,44,1677,42,4.25,1
5719,Ogou,Plateaux,2021,253467,52.82,11,85,241,189,51.03,235,95,1177,157,1899,19,3.82,1
5720,Kpendjal,Savanes,2021,150806,73.72,24,47,230,113,61.09,87,67,5696,60,924,5,2.57,1
5721,Amou,Plateaux,2022,110948,64.7,11,54,119,389,85.83,284,38,5951,67,1058,7,3.73,1
5722,Tchamba,Centrale,2023,200585,90.29,5,47,281,507,64.85,144,113,3286,9,763,67,2.5,1
5723,Sotouboua,Centrale,2021,141404,52.72,21,92,286,361,88.06,95,80,3262,169,1083,28,2.9,1
5724,Ogou,Plateaux,2020,253467,53.41,25,85,195,96,97.63,374,77,1410,194,41,35,2.76,1
5725,Tandjoaré,Savanes,2023,35537,90.08,23,54,180,155,57.77,124,26,561,169,976,43,3.58,0
5726,Doufelgou,Kara,2023,87588,89.75,29,74,52,518,57.37,54,82,3400,20,337,61,4.29,1
5727,Amou,Plateaux,2022,110948,58.11,29,47,55,146,72.85,146,43,5867,76,731,73,3.16,1
5728,Agou,Plateaux,2021,85793,49.57,21,76,84,404,76.74,237,114,5876,18,1006,18,3.69,1
5729,Yoto,Maritime,2022,174451,45.56,18,68,70,181,83.8,92,71,3184,244,52,61,4.13,1
5730,Anié,Plateaux,2020,177188,58.87,3,45,224,311,71.52,382,82,3169,234,1750,36,4.21,1
5731,Assoli,Kara,2023,66492,67.67,11,60,44,479,74.51,255,77,4911,14,1719,39,3.12,1
5732,Lacs,Maritime,2023,241207,51.52,6,65,101,485,96.07,274,114,1417,174,686,39,4.32,1
5733,Binah,Kara,2022,84739,65.96,2,64,251,350,72.36,209,21,4582,294,309,49,4.5,1
5734,Akébou,Plateaux,2020,73188,56.34,14,21,199,65,91.66,210,118,4748,158,281,72,3.47,1
5735,Kéran,Kara,2022,123138,45.66,5,71,139,392,71.57,75,36,615,101,268,13,3.17,1
5736,Moyen-Mono,Plateaux,2020,90505,79.93,4,62,139,368,76.84,98,53,4853,284,611,62,3.93,1
5737,Amou,Plateaux,2021,110948,40.24,19,5,31,397,94.79,260,22,4660,257,207,41,4.59,1
5738,Tône,Savanes,2021,388775,49.73,27,29,177,290,55.23,158,73,5392,62,161,37,3.78,1
5739,Wawa,Plateaux,2022,101300,75.03,24,69,256,312,67.5,190,52,5621,104,1534,20,4.02,1
5740,Wawa,Plateaux,2020,101300,87.87,4,66,54,560,62.44,397,36,3619,26,1257,41,2.81,0
5741,Golfe,Maritime,2020,1305681,71.02,20,56,172,372,82.87,264,41,966,173,3,56,3.91,0
5742,Kloto,Plateaux,2020,145985,73.13,25,31,73,382,94.9,305,80,2868,97,1804,39,3.38,0
5743,Dankpen,Kara,2021,184632,91.99,23,97,239,450,76.06,167,109,874,299,555,20,4.27,1
5744,Lacs,Maritime,2023,241207,75.58,8,54,194,198,97.19,147,26,3929,117,260,49,3.9,0
5745,Lacs,Maritime,2022,241207,61.46,11,59,74,194,74.44,160,56,4663,200,883,3,4.08,1
5746,Binah,Kara,2020,84739,83.05,13,46,175,316,56.46,70,95,4902,205,1033,8,3.87,1
5747,Wawa,Plateaux,2020,101300,74.0,22,26,210,494,80.28,232,38,3953,139,1728,38,4.52,0
5748,Agou,Plateaux,2023,85793,52.4,7,53,271,488,67.38,225,50,3307,199,802,64,4.42,1
5749,Kpendjal,Savanes,2021,150806,93.78,16,84,288,283,60.35,302,81,3768,191,504,66,3.9,1
5750,Blitta,Centrale,2021,218753,67.91,6,43,40,368,88.68,178,20,2713,252,530,26,4.34,0
5751,Tchaoudjo,Centrale,2021,240360,81.62,20,36,180,206,64.6,128,60,5467,218,839,14,3.42,1
5752,Cinkassé,Savanes,2022,173987,75.38,12,67,166,228,59.56,212,48,2945,22,1839,20,4.09,0
5753,Oti-Sud,Savanes,2020,150806,89.25,26,10,266,295,80.76,398,50,3247,69,1229,56,3.69,0
5754,Oti-Sud,Savanes,2020,150806,61.26,14,64,91,267,80.19,343,50,4282,149,1885,34,2.63,1
5755,Haho,Plateaux,2020,305096,79.13,21,53,250,89,97.46,83,84,5568,290,625,37,3.29,1
5756,Kéran,Kara,2021,123138,78.46,12,10,225,93,76.11,369,75,5156,126,511,10,2.82,1
5757,Amou,Plateaux,2022,110948,40.11,14,14,255,448,62.51,224,27,831,28,212,12,3.32,1
5758,Agou,Plateaux,2021,85793,46.62,13,40,174,516,51.41,295,120,2501,150,626,20,3.1,1
5759,Ogou,Plateaux,2022,253467,83.41,13,44,191,167,74.79,340,41,3952,70,546,34,3.03,0
5760,Amou,Plateaux,2020,110948,45.59,10,34,156,580,88.34,307,65,4353,193,1968,52,2.61,1
5761,Bassar,Kara,2021,152038,41.17,15,88,58,340,64.18,340,22,2227,174,1587,48,3.57,1
5762,Akébou,Plateaux,2022,73188,79.11,29,8,178,123,56.85,197,21,1241,116,1061,31,3.71,0
5763,Oti,Savanes,2023,123324,76.85,7,49,87,119,74.47,322,105,4314,59,305,50,4.56,1
5764,Dankpen,Kara,2022,184632,88.32,30,86,276,444,66.57,283,120,3747,221,1312,35,4.12,1
5765,Moyen-Mono,Plateaux,2022,90505,43.99,24,71,47,520,95.67,133,37,5647,190,1868,41,3.02,1
5766,Sotouboua,Centrale,2022,141404,43.9,3,27,300,423,86.79,87,32,1166,222,1514,78,2.69,1
5767,Tchaoudjo,Centrale,2023,240360,72.94,7,40,129,223,63.08,197,65,2054,170,1755,15,3.08,0
5768,Tchaoudjo,Centrale,2021,240360,70.07,17,35,144,550,84.76,400,72,3683,99,1304,44,4.56,0
5769,Tandjoaré,Savanes,2022,35537,72.41,12,17,62,190,92.41,93,92,594,44,1625,10,2.82,1
5770,Blitta,Centrale,2021,218753,45.96,11,27,159,426,95.95,98,90,3554,94,376,38,2.96,1
5771,Avé,Maritime,2021,111214,63.41,30,83,273,154,86.58,87,20,5775,265,754,8,3.23,1
5772,Oti,Savanes,2021,123324,89.15,15,45,157,307,59.76,290,76,3904,49,1130,35,3.64,0
5773,Assoli,Kara,2020,66492,66.44,14,22,56,282,80.63,266,109,5218,30,232,73,4.07,1
5774,Yoto,Maritime,2020,174451,61.66,27,19,101,484,55.8,111,21,5045,221,5,74,4.27,1
5775,Est-Mono,Plateaux,2022,164460,51.54,15,69,56,88,83.79,249,112,5584,275,1782,12,3.65,1
5776,Mô,Centrale,2021,52448,79.25,16,7,294,435,52.8,295,105,2911,79,308,13,4.53,1
5777,Moyen-Mono,Plateaux,2020,90505,56.74,12,42,125,578,64.25,113,90,3692,165,1709,5,2.52,1
5778,Oti,Savanes,2021,123324,58.57,3,16,235,212,54.21,377,55,3637,150,411,71,2.9,1
5779,Tône,Savanes,2021,388775,56.82,18,42,95,494,59.63,285,107,5116,73,337,32,2.63,1
5780,Binah,Kara,2023,84739,60.93,6,29,270,162,58.73,247,119,800,263,530,4,4.54,1
5781,Avé,Maritime,2022,111214,68.13,25,95,91,552,69.47,308,100,1845,274,1727,13,3.27,1
5782,Danyi,Plateaux,2023,40240,46.06,13,40,71,593,58.67,343,97,1245,2,1665,68,4.08,1
5783,Kpélé,Plateaux,2020,81620,93.75,21,31,31,343,84.97,358,43,5592,229,170,77,3.94,1
5784,Tchamba,Centrale,2020,200585,63.57,12,82,181,128,52.85,132,25,2659,159,453,33,2.73,0
5785,Bas-Mono,Maritime,2023,95380,91.38,15,45,119,197,86.18,162,91,1696,22,1469,54,4.4,1
5786,Binah,Kara,2021,84739,59.57,13,49,127,478,81.45,176,58,4518,280,441,16,2.93,1
5787,Agoè-Nyivé,Maritime,2021,882695,75.46,22,20,172,52,74.29,258,21,844,186,1359,62,4.69,0
5788,Doufelgou,Kara,2020,87588,76.12,24,83,50,71,51.61,183,63,1712,144,1944,42,4.16,0
5789,Doufelgou,Kara,2023,87588,44.54,25,58,97,273,82.03,105,66,596,131,975,13,3.67,1
5790,Danyi,Plateaux,2020,40240,49.72,24,33,227,231,55.41,327,107,1456,6,272,58,2.58,1
5791,Binah,Kara,2021,84739,65.9,3,15,113,461,90.22,77,41,2971,280,928,79,4.52,0
5792,Anié,Plateaux,2021,177188,47.96,8,94,163,529,74.78,268,89,255,93,427,70,4.34,1
5793,Ogou,Plateaux,2021,253467,94.12,27,57,279,312,50.3,285,61,4959,178,1972,12,3.33,1
5794,Tône,Savanes,2021,388775,94.2,28,38,89,555,71.58,364,72,4984,10,855,67,3.56,1
5795,Kéran,Kara,2020,123138,52.16,16,16,107,301,92.94,361,108,4591,205,1852,13,4.37,1
5796,Tchaoudjo,Centrale,2021,240360,66.67,8,9,45,231,69.48,267,73,4751,105,1349,25,4.33,1
5797,Oti,Savanes,2020,123324,54.72,10,11,255,118,66.33,174,54,2713,7,117,22,4.14,1
5798,Agoè-Nyivé,Maritime,2023,882695,47.56,7,15,150,221,91.57,122,92,3202,7,1568,39,2.9,1
5799,Agou,Plateaux,2023,85793,47.17,10,60,129,172,52.83,382,104,3620,83,756,20,3.15,1
5800,Doufelgou,Kara,2022,87588,90.62,28,12,96,407,80.53,221,106,2469,80,794,75,3.12,1
5801,Tône,Savanes,2021,388775,61.66,10,45,175,491,67.12,103,41,5479,278,1653,35,4.3,1
5802,Tchamba,Centrale,2022,200585,91.98,21,38,242,70,74.29,239,106,3403,151,995,64,2.51,1
5803,Oti,Savanes,2021,123324,79.85,29,29,272,445,58.56,164,90,5362,238,959,79,3.35,1
5804,Zio,Maritime,2022,500032,87.14,10,62,37,154,58.39,177,38,574,217,1726,8,4.5,0
5805,Kpélé,Plateaux,2023,81620,76.14,2,70,38,546,65.44,104,98,751,101,704,2,4.62,1
5806,Tchamba,Centrale,2023,200585,60.52,25,100,74,96,89.76,389,113,4214,38,1125,1,3.11,1
5807,Sotouboua,Centrale,2022,141404,75.94,6,70,121,316,59.81,254,81,432,171,255,30,3.37,1
5808,Moyen-Mono,Plateaux,2023,90505,73.59,25,19,66,263,93.88,208,75,1602,110,1990,40,4.09,0
5809,Bas-Mono,Maritime,2023,95380,55.18,30,93,247,190,97.96,388,44,583,245,1083,1,3.54,1
5810,Blitta,Centrale,2021,218753,66.25,28,73,49,289,65.35,328,97,4505,289,306,5,2.91,1
5811,Oti-Sud,Savanes,2023,150806,59.89,18,52,241,577,62.75,281,62,5390,267,1813,8,2.71,1
5812,Vo,Maritime,2021,224411,94.06,21,74,47,588,93.32,357,68,3314,178,1867,72,4.48,0
5813,Moyen-Mono,Plateaux,2023,90505,88.62,17,8,192,154,52.57,210,117,1152,53,690,77,3.05,1
5814,Yoto,Maritime,2020,174451,51.25,22,99,284,281,50.94,175,77,3401,230,733,28,4.26,1
5815,Blitta,Centrale,2020,218753,40.52,20,35,244,341,65.05,174,57,5842,127,1957,23,3.33,1
5816,Akébou,Plateaux,2023,73188,66.54,9,28,42,166,94.69,147,116,5868,214,1496,63,2.91,1
5817,Tandjoaré,Savanes,2020,35537,71.6,5,13,167,310,61.3,354,38,641,280,454,19,4.48,0
5818,Oti-Sud,Savanes,2023,150806,78.44,2,61,159,329,58.38,131,85,285,27,45,78,3.74,1
5819,Danyi,Plateaux,2020,40240,89.48,18,8,82,574,85.74,121,119,2269,185,1652,61,4.74,1
5820,Tône,Savanes,2021,388775,83.96,28,41,226,218,78.33,68,81,4136,203,1254,31,4.11,1
5821,Mô,Centrale,2022,52448,89.1,29,99,241,281,88.94,302,29,1852,296,290,36,3.39,0
5822,Tandjoaré,Savanes,2020,35537,53.15,15,89,295,293,92.23,300,78,5468,285,1673,21,2.5,1
5823,Tandjoaré,Savanes,2021,35537,49.5,17,23,108,542,54.48,236,32,3077,200,1118,62,4.51,1
5824,Blitta,Centrale,2023,218753,67.18,30,73,111,165,97.37,315,63,4234,98,502,41,4.06,1
5825,Agoè-Nyivé,Maritime,2021,882695,54.75,25,94,135,87,92.8,103,23,5317,35,1440,21,3.05,1
5826,Agoè-Nyivé,Maritime,2020,882695,88.99,16,34,164,180,51.5,202,51,2695,143,176,78,2.81,0
5827,Sotouboua,Centrale,2022,141404,48.43,15,65,190,218,70.92,241,49,1545,183,1617,20,2.6,1
5828,Kozah,Kara,2020,283738,48.25,5,91,108,184,81.45,139,90,4749,97,203,65,3.08,1
5829,Moyen-Mono,Plateaux,2021,90505,67.72,14,51,146,200,72.81,339,56,5885,255,1937,41,3.96,1
5830,Blitta,Centrale,2021,218753,56.89,17,20,31,379,55.34,81,28,2135,284,1571,21,4.78,1
5831,Agoè-Nyivé,Maritime,2021,882695,71.49,13,13,162,188,89.68,310,38,4799,68,464,51,4.75,1
5832,Mô,Centrale,2023,52448,46.1,7,64,235,189,83.96,50,54,4179,213,659,7,4.6,1
5833,Zio,Maritime,2022,500032,53.93,27,93,75,385,68.85,216,117,768,145,413,37,3.31,1
5834,Blitta,Centrale,2022,218753,48.12,8,86,175,211,56.29,113,116,2432,14,1611,54,3.21,1
5835,Kéran,Kara,2020,123138,59.49,6,27,253,371,83.07,73,39,634,182,1741,61,2.63,1
5836,Moyen-Mono,Plateaux,2021,90505,90.85,7,97,135,446,79.26,398,21,921,35,187,55,3.18,0
5837,Dankpen,Kara,2023,184632,82.4,26,78,214,215,77.32,241,29,5993,122,1628,1,2.67,1
5838,Tône,Savanes,2021,388775,64.77,7,45,142,308,70.88,346,114,708,155,1627,17,4.45,1
5839,Moyen-Mono,Plateaux,2020,90505,90.95,27,9,269,320,67.27,228,67,3615,148,1287,75,3.47,0
5840,Tandjoaré,Savanes,2021,35537,61.23,12,14,24,460,78.48,103,87,4041,119,1391,64,3.82,1
5841,Kloto,Plateaux,2023,145985,58.3,28,90,53,166,67.97,346,39,5316,186,1854,67,4.62,1
5842,Lacs,Maritime,2021,241207,45.48,14,81,22,583,95.62,385,49,5103,89,442,3,3.13,1
5843,Assoli,Kara,2023,66492,94.16,11,31,80,188,63.0,138,50,4589,180,1369,68,3.78,1
5844,Bas-Mono,Maritime,2020,95380,73.49,19,34,293,562,57.66,278,71,577,177,236,73,3.68,0
5845,Kpendjal,Savanes,2020,150806,41.79,24,90,26,434,54.58,395,45,799,218,20,27,3.12,1
5846,Mô,Centrale,2021,52448,93.37,11,75,78,361,64.78,85,97,2466,48,1581,56,3.49,1
5847,Akébou,Plateaux,2022,73188,86.41,12,95,186,403,86.42,50,30,5142,151,110,12,3.73,1
5848,Oti-Sud,Savanes,2023,150806,90.97,17,61,133,546,76.69,269,63,4396,161,442,6,3.46,1
5849,Bas-Mono,Maritime,2023,95380,57.26,4,74,215,118,65.75,65,54,500,109,578,50,2.65,1
5850,Oti,Savanes,2021,123324,88.8,22,18,64,223,62.33,202,60,4486,11,220,41,2.67,1
5851,Anié,Plateaux,2022,177188,80.05,26,7,104,592,86.41,107,67,2022,197,512,25,3.17,0
5852,Danyi,Plateaux,2021,40240,63.27,20,19,204,543,97.99,366,52,779,97,603,75,4.79,0
5853,Anié,Plateaux,2021,177188,91.03,18,79,41,185,74.38,50,80,3736,132,296,63,3.99,0
5854,Mô,Centrale,2020,52448,61.06,12,22,45,187,54.25,143,30,3850,34,843,9,4.63,0
5855,Mô,Centrale,2023,52448,64.1,23,99,127,487,72.05,373,35,5837,70,241,72,3.54,1
5856,Golfe,Maritime,2020,1305681,68.7,25,12,69,581,86.71,304,35,4179,134,1244,15,4.69,1
5857,Oti,Savanes,2023,123324,54.33,11,5,283,587,92.89,266,101,5529,7,764,70,3.97,1
5858,Mô,Centrale,2022,52448,73.42,25,100,287,281,88.27,232,115,2675,68,1348,70,2.68,1
5859,Blitta,Centrale,2022,218753,92.45,30,81,96,539,73.6,68,46,4737,54,1782,32,3.22,1
5860,Golfe,Maritime,2020,1305681,93.07,26,56,204,570,78.85,353,100,1079,51,301,57,3.19,1
5861,Est-Mono,Plateaux,2023,164460,44.91,9,74,51,239,97.97,329,91,2529,61,54,40,3.83,1
5862,Binah,Kara,2022,84739,73.88,15,28,197,242,84.99,57,44,2501,26,1533,78,4.13,0
5863,Bas-Mono,Maritime,2021,95380,93.46,27,85,156,424,54.74,333,106,4453,148,616,70,3.29,1
5864,Bassar,Kara,2023,152038,85.41,8,32,221,547,63.66,268,71,1103,59,1067,15,4.09,0
5865,Yoto,Maritime,2022,174451,64.9,15,62,133,182,86.16,239,21,975,138,1529,12,4.41,0
5866,Oti,Savanes,2021,123324,90.24,20,87,71,210,63.16,297,102,3019,136,1125,45,3.77,1
5867,Bassar,Kara,2021,152038,72.41,24,32,242,467,65.38,314,26,2836,157,1159,39,3.81,0
5868,Kloto,Plateaux,2020,145985,49.7,10,24,197,548,77.8,113,105,868,187,1843,4,2.62,1
5869,Kéran,Kara,2023,123138,69.03,6,73,64,312,55.63,367,103,3930,220,366,66,2.97,1
5870,Kloto,Plateaux,2023,145985,78.7,23,38,58,277,67.87,169,75,5815,21,1086,12,3.76,1
5871,Dankpen,Kara,2022,184632,78.46,12,96,78,587,50.49,209,39,772,212,404,42,2.66,0
5872,Lacs,Maritime,2021,241207,59.31,24,34,182,141,58.94,188,96,4141,284,1895,49,3.51,1
5873,Mô,Centrale,2020,52448,90.82,16,5,24,337,82.42,332,31,5866,104,1619,55,2.58,1
5874,Yoto,Maritime,2022,174451,46.55,27,43,194,239,63.56,369,76,5730,60,1753,4,3.93,1
5875,Dankpen,Kara,2020,184632,60.36,22,37,228,164,62.36,221,76,3797,150,884,14,3.32,0
5876,Assoli,Kara,2022,66492,70.43,11,74,117,156,57.01,225,62,5842,147,1829,74,3.57,1
5877,Blitta,Centrale,2023,218753,67.64,3,41,64,381,94.0,251,85,5569,100,1833,60,2.55,1
5878,Dankpen,Kara,2022,184632,86.09,29,50,43,413,79.98,342,120,1535,71,1745,17,4.13,1
5879,Kozah,Kara,2022,283738,49.15,16,77,149,404,93.79,70,27,1045,148,1981,25,2.73,1
5880,Vo,Maritime,2020,224411,93.29,9,66,170,162,58.49,384,94,655,49,1025,43,4.66,1
5881,Kloto,Plateaux,2020,145985,59.94,24,53,288,591,86.87,180,58,5085,233,1714,78,3.32,1
5882,Bas-Mono,Maritime,2020,95380,86.91,15,83,266,162,59.29,52,117,1965,232,686,8,3.99,1
5883,Kloto,Plateaux,2023,145985,72.52,3,80,250,432,80.74,182,54,2935,48,1281,59,3.84,0
5884,Zio,Maritime,2023,500032,78.51,13,17,168,226,92.16,230,41,5927,173,1896,61,3.28,1
5885,Assoli,Kara,2021,66492,64.76,30,97,41,89,54.76,104,59,1260,131,1999,45,4.16,0
5886,Danyi,Plateaux,2022,40240,62.57,29,97,189,333,68.88,214,67,352,217,44,32,4.43,0
5887,Kloto,Plateaux,2023,145985,79.9,23,47,184,114,78.76,149,88,2354,122,1365,54,2.82,1
5888,Agoè-Nyivé,Maritime,2020,882695,50.03,12,5,252,81,54.69,288,113,1869,27,925,42,3.46,1
5889,Est-Mono,Plateaux,2023,164460,86.81,11,48,207,350,56.32,103,79,4232,155,656,4,3.43,1
5890,Kpendjal,Savanes,2022,150806,79.66,25,75,192,110,69.54,395,101,5108,142,982,21,3.63,1
5891,Oti,Savanes,2020,123324,94.46,3,31,299,122,85.91,81,104,4781,192,1778,44,3.62,1
5892,Moyen-Mono,Plateaux,2020,90505,82.74,15,94,244,168,54.81,60,32,3835,16,1051,18,2.65,0
5893,Ogou,Plateaux,2021,253467,92.0,14,41,106,530,86.25,239,48,4576,117,1134,8,2.91,1
5894,Agoè-Nyivé,Maritime,2020,882695,92.48,21,77,266,160,69.8,273,117,809,37,763,63,3.28,1
5895,Tchamba,Centrale,2023,200585,68.81,28,75,80,315,62.68,398,26,3785,270,325,20,3.45,0
5896,Oti-Sud,Savanes,2022,150806,41.94,13,100,263,132,88.17,340,47,1644,299,860,0,4.76,1
5897,Tandjoaré,Savanes,2020,35537,80.66,13,93,75,61,50.93,351,90,2100,29,933,52,3.51,1
5898,Tchaoudjo,Centrale,2022,240360,75.47,13,30,195,520,84.42,307,38,2647,130,1398,18,4.51,0
5899,Yoto,Maritime,2023,174451,71.05,27,68,112,220,63.19,231,76,2715,139,1466,33,2.74,0
5900,Ogou,Plateaux,2023,253467,46.57,7,43,146,597,84.82,173,100,1472,227,618,28,4.61,1
5901,Kloto,Plateaux,2021,145985,78.1,24,89,298,376,68.64,155,102,2345,13,1607,29,4.49,1
5902,Tchamba,Centrale,2020,200585,45.1,7,25,55,213,59.46,316,96,562,238,941,67,4.16,1
5903,Zio,Maritime,2023,500032,58.67,10,65,214,465,56.04,99,97,1824,249,1687,50,2.75,1
5904,Sotouboua,Centrale,2021,141404,94.05,5,21,69,222,88.59,91,78,834,49,1242,74,4.58,0
5905,Bassar,Kara,2022,152038,71.92,14,99,73,53,60.34,235,91,2348,235,1057,63,4.03,1
5906,Kpendjal,Savanes,2020,150806,68.55,2,6,104,243,83.33,87,98,2206,287,1484,53,4.24,1
5907,Binah,Kara,2020,84739,76.84,15,79,53,415,97.46,52,55,3834,129,853,39,4.68,0
5908,Sotouboua,Centrale,2021,141404,93.2,15,24,56,216,96.43,329,74,1225,103,853,50,2.89,0
5909,Anié,Plateaux,2021,177188,40.33,3,56,60,585,65.38,393,50,2550,264,1470,20,4.11,1
5910,Bas-Mono,Maritime,2021,95380,73.28,15,28,154,428,56.12,365,37,5142,81,116,41,4.42,1
5911,Yoto,Maritime,2020,174451,60.92,27,76,77,219,58.07,322,74,4113,181,705,7,2.71,1
5912,Est-Mono,Plateaux,2023,164460,89.21,15,18,254,350,55.61,324,41,4188,198,1341,63,4.02,1
5913,Cinkassé,Savanes,2021,173987,88.3,16,50,183,571,54.41,390,28,5233,7,683,63,2.7,1
5914,Doufelgou,Kara,2020,87588,57.02,5,36,40,426,94.62,73,36,3370,11,975,36,4.1,1
5915,Kéran,Kara,2021,123138,64.88,23,61,173,333,90.4,73,24,1953,86,492,79,3.91,0
5916,Binah,Kara,2022,84739,82.71,14,97,87,522,80.59,102,40,1102,181,64,2,4.41,0
5917,Danyi,Plateaux,2020,40240,60.2,2,92,77,401,58.06,208,111,1778,284,1367,14,3.72,1
5918,Bas-Mono,Maritime,2022,95380,87.73,8,35,183,434,68.88,370,30,3992,247,612,71,2.64,0
5919,Haho,Plateaux,2020,305096,52.3,30,84,24,260,55.15,107,28,1894,20,1999,60,2.56,1
5920,Sotouboua,Centrale,2022,141404,71.16,19,67,290,329,54.01,71,41,2548,125,1959,73,3.43,0
5921,Mô,Centrale,2022,52448,59.19,18,35,297,200,79.99,147,29,3900,12,568,67,3.81,1
5922,Tandjoaré,Savanes,2022,35537,91.72,28,69,85,163,52.14,288,115,4604,102,210,32,4.45,1
5923,Avé,Maritime,2020,111214,59.41,11,83,158,57,73.56,334,105,5993,59,1122,50,2.52,1
5924,Mô,Centrale,2020,52448,45.97,3,98,131,399,50.97,274,40,5264,61,741,66,2.77,1
5925,Tchaoudjo,Centrale,2021,240360,68.01,19,98,166,479,56.06,154,26,677,89,190,78,4.25,0
5926,Kozah,Kara,2023,283738,89.98,15,66,140,163,62.13,306,115,3488,51,1545,17,2.91,1
5927,Wawa,Plateaux,2023,101300,49.09,30,5,220,598,89.85,281,111,3101,66,1740,0,3.39,1
5928,Golfe,Maritime,2020,1305681,54.97,4,53,227,443,73.35,363,64,496,233,961,69,3.7,1
5929,Kozah,Kara,2022,283738,59.87,11,5,233,215,76.28,193,95,1929,295,532,78,2.6,1
5930,Dankpen,Kara,2022,184632,62.88,20,24,247,75,62.59,212,22,3090,181,1401,16,3.6,0
5931,Kpendjal-Ouest,Savanes,2023,120285,94.24,18,88,245,293,59.63,320,32,3836,149,1023,0,3.92,0
5932,Kpélé,Plateaux,2022,81620,89.17,21,33,85,148,82.34,157,96,1765,233,1959,42,3.12,1
5933,Kpendjal,Savanes,2021,150806,93.84,25,10,163,459,83.72,289,53,4029,25,1934,34,2.66,1
5934,Ogou,Plateaux,2023,253467,72.16,3,90,190,219,51.15,275,96,4939,131,1055,21,4.38,1
5935,Tône,Savanes,2022,388775,52.03,25,80,234,391,78.41,319,66,1679,112,1147,76,4.02,1
5936,Kpendjal-Ouest,Savanes,2020,120285,68.91,16,17,163,338,78.97,192,58,1728,36,1316,51,3.2,0
5937,Dankpen,Kara,2020,184632,89.22,27,20,243,58,84.85,116,84,3843,145,494,56,4.35,1
5938,Mô,Centrale,2020,52448,69.86,12,57,188,593,83.67,345,117,3269,219,97,47,2.89,1
5939,Anié,Plateaux,2020,177188,65.78,4,56,94,520,95.82,236,76,5543,6,1857,52,4.17,1
5940,Akébou,Plateaux,2020,73188,62.42,19,19,223,305,77.74,85,25,1053,286,712,66,4.13,0
5941,Wawa,Plateaux,2023,101300,71.08,21,25,20,116,76.2,69,117,1969,269,710,6,2.8,1
5942,Est-Mono,Plateaux,2020,164460,44.57,21,95,89,242,97.24,350,46,1628,126,1430,16,3.47,1
5943,Tandjoaré,Savanes,2021,35537,63.64,10,33,29,274,59.89,255,35,3977,112,1828,11,3.47,0
5944,Tône,Savanes,2022,388775,63.5,29,88,151,75,50.95,218,53,4440,210,1374,7,3.08,1
5945,Assoli,Kara,2021,66492,43.63,23,97,190,462,63.48,396,57,5401,276,1251,71,4.25,1
5946,Wawa,Plateaux,2022,101300,56.12,23,46,65,281,68.31,195,83,1536,130,1940,61,3.38,1
5947,Anié,Plateaux,2022,177188,66.16,7,43,239,110,61.07,370,91,1059,48,1128,51,4.31,1
5948,Vo,Maritime,2020,224411,64.81,25,82,165,227,84.88,356,43,5647,89,1294,38,4.44,1
5949,Lacs,Maritime,2022,241207,88.28,16,86,274,552,67.3,347,57,2856,47,743,11,4.72,0
5950,Est-Mono,Plateaux,2022,164460,51.28,13,6,146,282,53.28,208,63,2452,84,64,76,2.99,1
5951,Anié,Plateaux,2020,177188,65.81,21,87,105,346,51.72,186,69,3353,25,1504,53,3.56,0
5952,Oti-Sud,Savanes,2021,150806,50.84,20,94,63,68,57.85,239,73,2944,61,1393,76,2.71,1
5953,Oti-Sud,Savanes,2023,150806,83.48,6,7,277,396,77.83,252,70,3672,78,1233,48,3.49,0
5954,Avé,Maritime,2021,111214,78.03,16,79,57,524,75.74,258,22,654,104,1450,28,2.94,0
5955,Assoli,Kara,2021,66492,81.73,23,28,83,480,92.75,329,105,3396,244,1099,63,3.54,1
5956,Anié,Plateaux,2021,177188,54.17,21,93,225,531,88.72,320,24,767,275,985,21,4.29,1
5957,Kozah,Kara,2020,283738,82.55,4,66,201,410,54.08,63,57,3611,292,1340,26,3.94,0
5958,Oti,Savanes,2023,123324,56.36,13,92,244,116,78.18,97,52,1965,222,1367,42,3.88,1
5959,Assoli,Kara,2022,66492,49.92,15,74,239,392,97.48,128,93,5005,119,1888,3,4.57,1
5960,Agoè-Nyivé,Maritime,2023,882695,71.77,30,27,29,352,67.91,205,56,299,45,177,58,3.45,0
5961,Bas-Mono,Maritime,2020,95380,42.53,11,31,65,340,59.03,81,111,4641,100,821,5,3.93,1
5962,Kéran,Kara,2022,123138,41.4,13,50,76,157,65.89,211,74,310,30,391,20,4.23,1
5963,Dankpen,Kara,2020,184632,50.86,21,59,65,268,62.53,274,91,4316,98,805,11,3.96,1
5964,Oti-Sud,Savanes,2022,150806,75.92,24,25,268,430,78.94,292,52,5085,71,1956,22,3.23,1
5965,Akébou,Plateaux,2021,73188,87.66,20,88,102,164,75.49,201,68,5696,35,1087,52,4.76,1
5966,Oti,Savanes,2023,123324,72.37,17,94,286,543,85.87,244,43,2080,108,1580,36,4.04,0
5967,Kpendjal,Savanes,2023,150806,89.24,6,13,279,297,92.18,279,119,5130,209,697,30,3.39,1
5968,Tandjoaré,Savanes,2023,35537,47.41,26,52,72,590,94.25,347,55,763,186,882,17,4.22,1
5969,Assoli,Kara,2021,66492,46.2,20,5,191,102,90.15,209,110,1053,118,1460,36,3.18,1
5970,Wawa,Plateaux,2020,101300,82.9,30,85,160,95,64.87,72,37,4749,63,274,55,3.16,1
5971,Tchamba,Centrale,2020,200585,55.28,3,69,173,461,90.35,398,61,1157,103,1670,31,4.57,1
5972,Dankpen,Kara,2022,184632,76.67,13,37,189,410,62.85,324,69,2216,173,45,64,4.12,0
5973,Mô,Centrale,2021,52448,72.07,17,70,150,493,78.4,367,100,3825,169,1537,44,2.66,1
5974,Mô,Centrale,2021,52448,66.4,8,56,143,429,58.78,89,61,351,77,399,6,3.81,0
5975,Agou,Plateaux,2020,85793,54.84,14,22,267,498,92.82,305,87,1133,219,335,49,4.0,1
5976,Vo,Maritime,2020,224411,93.51,20,16,119,328,73.99,212,89,1441,234,1014,54,4.15,1
5977,Haho,Plateaux,2021,305096,58.43,16,35,225,412,53.93,135,87,4473,205,411,78,4.6,1
5978,Ogou,Plateaux,2022,253467,61.44,30,21,36,126,65.54,176,103,2200,132,1328,4,3.44,1
5979,Binah,Kara,2022,84739,53.74,5,89,46,172,77.3,331,47,4021,90,1290,11,3.03,1
5980,Golfe,Maritime,2023,1305681,90.0,15,62,262,421,77.56,86,74,647,56,1612,28,3.06,0
5981,Kozah,Kara,2021,283738,60.72,10,78,55,209,81.98,152,72,1550,199,1576,39,4.69,0
5982,Vo,Maritime,2023,224411,49.51,3,90,66,66,67.85,367,79,3109,106,1644,18,4.07,1
5983,Zio,Maritime,2020,500032,69.23,29,64,174,523,66.01,57,113,3272,188,1356,23,4.58,1
5984,Tchaoudjo,Centrale,2023,240360,92.91,21,9,260,139,54.63,275,88,5970,263,1063,38,3.76,1
5985,Golfe,Maritime,2023,1305681,83.97,18,24,237,71,93.49,129,50,5823,1,1209,44,3.45,1
5986,Kpendjal-Ouest,Savanes,2021,120285,59.03,13,81,199,487,83.47,352,85,3914,68,409,79,3.97,1
5987,Bas-Mono,Maritime,2023,95380,41.27,4,53,185,251,69.31,114,76,4985,240,72,71,3.65,1
5988,Tandjoaré,Savanes,2022,35537,56.39,14,7,64,578,70.65,177,24,3013,36,1460,30,4.43,1
5989,Kpendjal,Savanes,2023,150806,91.33,21,74,267,143,64.83,105,39,3672,274,548,67,4.6,0
5990,Agoè-Nyivé,Maritime,2020,882695,89.53,18,53,140,382,53.25,250,33,2413,61,661,1,2.72,0
5991,Kpendjal-Ouest,Savanes,2021,120285,88.67,29,17,248,509,78.16,166,41,1750,6,1973,61,2.88,0
5992,Avé,Maritime,2023,111214,57.71,22,44,58,328,76.46,197,26,5853,30,354,32,4.53,1
5993,Zio,Maritime,2023,500032,76.4,4,11,28,428,94.23,93,41,2443,285,834,2,3.17,0
5994,Avé,Maritime,2023,111214,82.73,5,22,272,262,74.33,68,60,2294,220,1922,53,2.79,0
5995,Agou,Plateaux,2023,85793,56.49,21,53,162,320,62.15,304,25,4704,176,1969,32,3.21,1
5996,Cinkassé,Savanes,2021,173987,62.86,8,51,209,363,78.81,255,75,5764,82,1309,31,2.75,1
5997,Tchaoudjo,Centrale,2020,240360,71.0,4,24,55,96,54.85,70,117,1968,54,1902,18,3.04,1
5998,Amou,Plateaux,2022,110948,46.94,12,25,284,307,69.52,75,80,4530,36,1661,70,3.73,1
5999,Zio,Maritime,2023,500032,52.8,22,30,188,421,95.69,350,20,2777,107,641,64,3.0,1
6000,Doufelgou,Kara,2020,87588,74.19,4,97,219,351,52.77,182,55,4660,92,1263,68,3.36,1
6001,Mô,Centrale,2022,52448,68.22,25,28,295,371,67.5,219,39,5422,135,1070,24,2.81,1
6002,Vo,Maritime,2021,224411,94.97,27,5,279,345,85.79,244,43,2392,207,1430,19,2.95,0
6003,Est-Mono,Plateaux,2020,164460,43.39,13,33,198,229,90.9,311,101,2122,255,539,0,4.36,1
6004,Ogou,Plateaux,2023,253467,88.27,23,62,188,233,73.56,396,88,4379,88,1578,32,2.93,1
6005,Est-Mono,Plateaux,2022,164460,41.26,24,100,267,298,58.06,288,58,1479,291,1141,24,2.74,1
6006,Kpélé,Plateaux,2021,81620,65.68,30,45,266,536,89.42,278,30,4447,120,1170,76,4.3,1
6007,Avé,Maritime,2023,111214,87.78,25,85,171,598,85.87,139,29,2247,146,400,38,2.92,0
6008,Ogou,Plateaux,2023,253467,85.86,25,9,211,176,59.49,234,49,3883,133,300,2,3.24,0
6009,Zio,Maritime,2020,500032,45.95,21,54,136,120,81.97,261,120,1672,122,1794,66,4.12,1
6010,Wawa,Plateaux,2022,101300,75.43,5,20,76,84,72.49,219,47,1799,186,245,30,4.0,0
6011,Kpendjal,Savanes,2020,150806,63.28,30,27,60,350,85.64,188,96,785,297,1667,5,3.26,1
6012,Blitta,Centrale,2023,218753,63.62,14,92,184,58,86.71,382,34,3513,135,1046,18,3.61,0
6013,Mô,Centrale,2023,52448,70.93,6,55,20,66,76.21,130,64,4610,233,194,77,2.8,1
6014,Assoli,Kara,2023,66492,75.88,20,90,247,374,56.81,62,28,2077,155,37,11,3.11,0
6015,Cinkassé,Savanes,2023,173987,92.57,7,46,54,598,57.27,102,68,5787,129,607,21,3.99,1
6016,Blitta,Centrale,2022,218753,78.8,27,46,26,244,88.81,68,59,4691,81,1213,4,2.97,1
6017,Sotouboua,Centrale,2023,141404,80.48,5,98,115,397,79.38,257,63,3612,262,1162,36,4.64,0
6018,Blitta,Centrale,2023,218753,67.51,23,19,292,126,65.85,254,43,5197,236,1035,61,3.57,1
6019,Assoli,Kara,2022,66492,53.97,22,80,72,52,58.75,115,22,4282,79,1869,42,3.2,1
6020,Tandjoaré,Savanes,2021,35537,86.81,13,24,166,56,74.34,310,40,1767,138,429,4,3.42,0
6021,Est-Mono,Plateaux,2022,164460,78.19,17,73,69,471,92.09,313,82,2969,153,1378,8,3.56,1
6022,Kloto,Plateaux,2020,145985,61.5,12,79,289,135,97.92,63,93,3606,106,127,72,3.78,1
6023,Kpélé,Plateaux,2022,81620,64.7,20,13,36,119,79.71,272,60,1036,95,1997,51,4.73,0
6024,Binah,Kara,2020,84739,87.07,27,30,236,597,63.16,316,85,4593,73,1386,70,4.77,1
6025,Yoto,Maritime,2020,174451,66.02,20,70,126,354,80.08,272,20,374,246,833,70,3.8,0
6026,Vo,Maritime,2021,224411,80.09,6,83,257,242,74.31,107,50,2751,39,756,54,3.53,0
6027,Mô,Centrale,2021,52448,69.21,21,10,35,489,54.83,341,64,361,195,760,69,2.86,0
6028,Doufelgou,Kara,2023,87588,62.86,11,10,153,383,60.82,92,92,2465,225,616,53,3.03,1
6029,Akébou,Plateaux,2021,73188,43.33,5,99,150,381,97.43,203,117,4151,81,1516,37,2.6,1
6030,Tchamba,Centrale,2023,200585,44.44,11,64,149,456,65.27,374,99,2625,265,19,78,3.31,1
6031,Sotouboua,Centrale,2021,141404,94.43,24,60,54,484,88.62,295,62,5770,43,1679,47,4.07,1
6032,Moyen-Mono,Plateaux,2021,90505,63.5,4,20,164,237,62.66,150,20,2537,61,1699,12,3.28,0
6033,Mô,Centrale,2021,52448,44.23,14,72,153,332,64.95,222,70,4862,17,1550,29,2.85,1
6034,Est-Mono,Plateaux,2022,164460,65.69,5,81,193,147,80.69,95,117,5882,251,1969,68,4.78,1
6035,Sotouboua,Centrale,2020,141404,93.21,19,60,75,231,91.29,396,110,5765,184,745,7,3.93,1
6036,Danyi,Plateaux,2020,40240,58.89,30,81,100,565,67.27,211,90,1719,181,516,71,3.91,1
6037,Kéran,Kara,2022,123138,81.72,7,63,193,261,96.55,159,25,3114,292,1787,45,4.27,0
6038,Kéran,Kara,2022,123138,49.7,12,14,82,381,86.76,228,84,5026,27,253,10,3.56,1
6039,Bas-Mono,Maritime,2021,95380,54.7,2,23,42,453,59.2,320,20,1368,4,1806,19,3.69,1
6040,Kéran,Kara,2022,123138,45.43,17,66,24,365,88.21,340,68,4859,285,1962,12,3.0,1
6041,Dankpen,Kara,2021,184632,58.9,22,9,91,81,94.0,203,96,2808,262,151,27,2.62,1
6042,Ogou,Plateaux,2021,253467,93.21,11,76,168,523,94.52,325,90,3301,76,923,44,2.59,1
6043,Moyen-Mono,Plateaux,2021,90505,84.2,10,6,26,389,61.24,344,35,200,224,1417,52,3.46,0
6044,Sotouboua,Centrale,2020,141404,63.22,2,96,59,516,50.2,293,115,3531,114,1956,7,3.32,1
6045,Tandjoaré,Savanes,2020,35537,92.99,6,13,290,537,66.36,74,47,2850,37,1433,69,4.15,0
6046,Kozah,Kara,2021,283738,60.72,12,61,187,408,81.15,318,66,3577,276,185,12,3.11,0
6047,Kpendjal,Savanes,2023,150806,73.15,22,56,101,598,95.86,215,107,1764,109,575,29,4.7,1
6048,Bassar,Kara,2023,152038,55.51,21,37,129,357,85.9,172,78,1478,166,236,50,3.69,1
6049,Tchamba,Centrale,2020,200585,51.3,2,73,136,563,57.77,218,88,764,298,1646,13,4.36,1
6050,Bas-Mono,Maritime,2022,95380,74.79,11,87,93,182,83.36,323,45,5338,35,33,33,3.45,1
6051,Akébou,Plateaux,2020,73188,40.21,27,99,189,178,86.27,279,50,5008,45,1879,46,2.99,1
6052,Tandjoaré,Savanes,2022,35537,75.67,17,20,53,470,86.77,178,103,3616,38,975,43,2.85,1
6053,Kpélé,Plateaux,2023,81620,76.23,2,95,84,368,81.7,276,108,3678,236,795,75,4.54,1
6054,Ogou,Plateaux,2020,253467,87.12,22,71,190,375,57.62,390,38,2745,151,1244,14,3.38,0
6055,Kéran,Kara,2023,123138,73.21,26,54,203,145,54.62,160,102,3205,67,772,79,4.6,1
6056,Amou,Plateaux,2023,110948,65.97,12,33,290,462,63.23,219,63,1622,185,1300,74,4.29,0
6057,Binah,Kara,2023,84739,52.8,28,16,209,581,91.3,354,39,842,192,1511,77,4.75,1
6058,Akébou,Plateaux,2020,73188,69.7,3,58,101,597,61.65,344,114,5257,28,24,4,3.08,1
6059,Bas-Mono,Maritime,2022,95380,62.35,21,66,180,390,57.76,195,54,3745,127,1181,46,3.62,0
6060,Binah,Kara,2020,84739,77.87,2,50,83,514,79.07,165,39,2488,207,556,24,4.57,0
6061,Sotouboua,Centrale,2021,141404,72.32,7,75,165,531,51.88,383,20,1943,129,1465,27,2.75,0
6062,Anié,Plateaux,2020,177188,94.36,21,11,269,304,69.77,363,38,3200,86,1272,77,3.75,0
6063,Doufelgou,Kara,2023,87588,58.66,28,79,179,66,84.42,365,116,1453,195,87,32,3.19,1
6064,Amou,Plateaux,2021,110948,69.43,2,50,248,324,87.18,122,32,5788,170,954,36,3.56,1
6065,Bas-Mono,Maritime,2023,95380,78.69,25,18,142,393,93.78,297,80,1398,201,613,4,3.11,0
6066,Sotouboua,Centrale,2022,141404,94.06,12,86,270,343,76.33,144,43,3416,122,314,56,3.98,0
6067,Agoè-Nyivé,Maritime,2022,882695,82.5,8,78,78,228,53.6,271,26,4740,78,1530,66,4.35,1
6068,Haho,Plateaux,2021,305096,61.34,25,71,99,504,62.0,289,68,3510,75,484,80,3.76,0
6069,Lacs,Maritime,2023,241207,44.75,7,16,59,107,91.02,385,80,4887,79,255,11,2.87,1
6070,Kpendjal,Savanes,2020,150806,51.28,13,79,155,288,79.09,305,117,5554,152,700,21,3.23,1
6071,Wawa,Plateaux,2020,101300,63.82,29,96,99,136,93.78,154,25,3495,75,682,63,4.03,0
6072,Bassar,Kara,2023,152038,57.45,25,21,116,113,74.3,103,115,4395,49,1133,11,4.22,1
6073,Sotouboua,Centrale,2021,141404,43.62,9,85,299,90,97.94,212,84,3075,201,261,39,3.5,1
6074,Yoto,Maritime,2021,174451,74.55,10,5,209,531,77.68,330,53,2279,106,1928,17,3.66,0
6075,Yoto,Maritime,2021,174451,40.98,16,83,25,591,92.78,299,88,3061,127,143,59,3.46,1
6076,Mô,Centrale,2021,52448,49.58,3,7,129,459,61.28,108,72,5869,30,456,72,2.56,1
6077,Agou,Plateaux,2020,85793,56.02,27,23,116,393,69.59,139,25,5533,32,1639,31,2.66,1
6078,Doufelgou,Kara,2021,87588,68.3,21,99,203,68,67.17,324,65,5887,145,1032,75,4.45,1
6079,Assoli,Kara,2023,66492,85.6,28,64,179,220,96.44,269,85,1728,29,490,57,4.04,1
6080,Est-Mono,Plateaux,2022,164460,94.0,2,92,272,409,87.01,74,75,4022,279,1711,40,3.82,1
6081,Kloto,Plateaux,2022,145985,56.6,29,26,45,382,96.87,219,77,2205,268,177,75,4.19,1
6082,Vo,Maritime,2022,224411,64.31,13,39,38,345,75.89,286,75,4329,80,1763,20,4.62,1
6083,Bas-Mono,Maritime,2022,95380,62.11,28,88,189,389,50.47,204,27,1458,276,989,66,3.75,0
6084,Kozah,Kara,2020,283738,77.27,8,56,123,204,91.65,327,97,1252,19,1642,42,4.54,1
6085,Kpendjal-Ouest,Savanes,2020,120285,48.05,27,62,171,111,70.78,97,77,1159,194,1558,4,3.3,1
6086,Yoto,Maritime,2021,174451,86.73,28,34,237,417,54.4,178,63,1368,242,516,13,3.48,0
6087,Dankpen,Kara,2022,184632,70.31,23,17,260,194,88.52,82,30,5029,88,1851,26,2.86,1
6088,Akébou,Plateaux,2021,73188,60.47,14,75,142,77,76.8,279,38,1949,135,129,17,3.27,0
6089,Kéran,Kara,2023,123138,69.37,25,51,225,562,62.38,356,56,2218,190,675,78,3.61,0
6090,Oti,Savanes,2023,123324,46.52,12,26,251,589,52.38,118,50,2643,127,1791,32,4.07,1
6091,Blitta,Centrale,2020,218753,53.11,13,100,182,527,64.15,273,20,932,110,1704,80,4.2,1
6092,Est-Mono,Plateaux,2022,164460,83.02,29,40,131,523,71.47,285,49,5353,99,1420,33,3.12,1
6093,Yoto,Maritime,2021,174451,64.52,20,54,117,341,60.25,189,79,2885,45,1406,40,3.58,0
6094,Avé,Maritime,2023,111214,57.74,2,82,165,325,96.59,78,107,1753,129,1997,67,4.57,1
6095,Binah,Kara,2023,84739,58.08,7,56,24,560,77.49,292,83,3649,144,1265,69,3.18,1
6096,Danyi,Plateaux,2023,40240,66.23,26,90,185,179,66.92,225,36,1703,30,926,30,3.95,0
6097,Assoli,Kara,2020,66492,55.79,6,16,21,326,90.64,238,22,310,114,522,65,2.93,1
6098,Sotouboua,Centrale,2021,141404,42.61,28,27,209,561,61.59,174,73,503,246,1206,56,4.43,1
6099,Tône,Savanes,2020,388775,70.03,17,44,120,234,56.32,186,51,3373,191,1359,65,2.9,0
6100,Sotouboua,Centrale,2020,141404,64.26,2,57,231,150,72.38,135,41,4683,284,861,46,4.08,1
6101,Oti-Sud,Savanes,2022,150806,76.91,5,54,183,368,95.91,257,48,5444,27,457,70,2.68,1
6102,Blitta,Centrale,2020,218753,75.03,6,86,98,302,53.06,121,79,4041,64,351,56,2.81,1
6103,Haho,Plateaux,2021,305096,59.09,3,11,115,81,76.28,149,42,1172,98,1823,25,2.67,1
6104,Wawa,Plateaux,2022,101300,86.0,9,61,292,481,66.65,296,98,3099,75,1868,29,3.65,1
6105,Kéran,Kara,2022,123138,41.38,8,74,173,552,55.47,227,99,3633,61,1469,48,3.88,1
6106,Avé,Maritime,2023,111214,42.56,3,40,168,116,64.27,334,70,2723,113,63,62,3.96,1
6107,Assoli,Kara,2020,66492,54.79,6,99,221,429,73.72,243,59,4982,102,290,34,2.82,1
6108,Kéran,Kara,2021,123138,65.52,28,69,230,424,58.01,335,57,4973,192,1589,36,4.3,1
6109,Kéran,Kara,2021,123138,49.96,26,7,161,512,90.25,208,82,4173,183,1904,55,3.76,1
6110,Kloto,Plateaux,2023,145985,41.15,21,69,126,278,96.36,134,115,5428,175,393,65,4.61,1
6111,Tchamba,Centrale,2020,200585,44.16,19,23,91,288,92.46,171,62,386,95,205,80,4.66,1
6112,Golfe,Maritime,2023,1305681,42.34,22,35,146,216,50.26,317,27,2417,20,1560,20,4.49,1
6113,Tandjoaré,Savanes,2022,35537,73.98,2,37,151,287,62.61,364,83,5256,203,1378,4,3.86,1
6114,Cinkassé,Savanes,2023,173987,87.23,28,38,256,419,86.86,69,47,3527,204,956,58,3.96,0
6115,Haho,Plateaux,2020,305096,47.44,26,54,57,238,91.31,385,102,2682,255,1935,59,3.12,1
6116,Tchamba,Centrale,2023,200585,84.47,10,73,273,430,71.89,228,120,3180,139,197,78,4.47,1
6117,Cinkassé,Savanes,2020,173987,77.4,25,15,87,115,69.25,351,105,483,58,1377,60,4.52,1
6118,Bassar,Kara,2020,152038,73.4,5,83,145,170,74.56,323,62,1388,296,172,33,3.82,0
6119,Zio,Maritime,2022,500032,75.07,26,49,263,250,53.3,76,22,3404,173,1342,38,4.66,0
6120,Anié,Plateaux,2020,177188,50.33,5,24,30,289,89.83,320,34,3146,78,1833,8,4.78,1
6121,Binah,Kara,2021,84739,66.13,17,79,220,193,57.66,93,43,4758,119,599,65,3.18,1
6122,Moyen-Mono,Plateaux,2023,90505,46.17,29,39,196,78,83.68,366,40,5081,264,1841,3,3.57,1
6123,Akébou,Plateaux,2020,73188,71.07,7,78,23,569,97.26,202,82,5264,182,1603,14,3.4,1
6124,Agou,Plateaux,2022,85793,72.19,20,65,104,483,93.51,284,60,4763,251,1001,55,3.41,1
6125,Yoto,Maritime,2022,174451,80.09,25,63,131,89,71.07,114,23,1713,168,1062,16,4.28,0
6126,Binah,Kara,2023,84739,45.15,18,73,230,263,91.7,78,74,3763,188,581,61,2.73,1
6127,Agou,Plateaux,2021,85793,45.88,28,72,191,169,62.82,109,46,3521,57,732,36,3.27,1
6128,Haho,Plateaux,2023,305096,62.05,7,57,254,243,63.07,106,99,1897,0,1772,55,4.25,1
6129,Oti,Savanes,2021,123324,69.02,28,87,124,200,58.48,187,20,833,94,1603,12,2.68,0
6130,Bas-Mono,Maritime,2023,95380,84.5,21,76,143,393,95.76,75,84,5261,241,503,11,4.71,1
6131,Kozah,Kara,2023,283738,87.22,18,7,262,310,67.16,200,23,4248,71,787,58,4.39,1
6132,Kloto,Plateaux,2022,145985,42.78,12,70,125,326,97.44,141,89,2904,177,1746,1,2.67,1
6133,Mô,Centrale,2023,52448,81.09,15,37,79,454,71.4,275,22,3109,172,431,4,4.12,0
6134,Wawa,Plateaux,2023,101300,53.29,25,90,48,270,92.54,70,104,1550,19,117,33,4.53,1
6135,Kpélé,Plateaux,2023,81620,51.17,18,29,213,164,75.3,91,106,1370,127,989,43,4.31,1
6136,Tandjoaré,Savanes,2022,35537,71.15,12,67,73,424,59.75,323,66,5864,252,199,55,4.73,1
6137,Tandjoaré,Savanes,2023,35537,77.47,7,35,30,268,59.89,167,73,1849,122,1973,79,2.58,0
6138,Agoè-Nyivé,Maritime,2022,882695,45.89,25,14,30,400,80.47,154,85,474,98,790,5,3.59,1
6139,Tchaoudjo,Centrale,2023,240360,66.93,16,18,143,573,52.18,173,59,2593,39,1842,2,4.46,0
6140,Lacs,Maritime,2020,241207,62.95,24,60,78,183,76.15,398,37,2135,63,1740,50,3.37,0
6141,Golfe,Maritime,2021,1305681,94.29,25,36,117,403,58.84,105,40,806,5,378,10,3.09,0
6142,Bassar,Kara,2021,152038,48.02,12,61,80,305,51.46,50,87,3051,16,922,45,3.1,1
6143,Anié,Plateaux,2021,177188,78.7,9,45,131,556,72.28,382,68,1560,208,932,65,2.99,0
6144,Kéran,Kara,2023,123138,88.66,28,62,253,168,97.34,203,61,5768,24,309,25,3.91,1
6145,Blitta,Centrale,2020,218753,47.24,17,10,153,562,53.16,221,37,2645,0,1960,41,4.38,1
6146,Doufelgou,Kara,2021,87588,61.87,28,48,147,191,64.35,353,110,5840,289,151,69,3.67,1
6147,Kloto,Plateaux,2020,145985,75.73,9,20,235,315,59.86,391,38,3529,102,337,2,3.01,0
6148,Lacs,Maritime,2021,241207,46.42,17,83,25,350,80.2,379,115,2859,249,453,39,4.23,1
6149,Sotouboua,Centrale,2020,141404,77.58,16,67,298,524,85.39,349,87,495,200,944,36,4.3,1
6150,Binah,Kara,2020,84739,77.1,22,41,163,559,60.12,366,93,4430,184,1013,18,2.55,1
6151,Tchaoudjo,Centrale,2023,240360,68.97,2,60,250,435,88.54,194,23,1429,37,1127,46,2.57,0
6152,Tchaoudjo,Centrale,2020,240360,43.94,17,24,116,124,63.91,266,36,2234,95,92,47,4.52,1
6153,Golfe,Maritime,2021,1305681,87.56,3,12,283,332,51.13,93,91,5621,259,949,21,2.58,1
6154,Tchaoudjo,Centrale,2020,240360,62.76,21,17,65,526,88.62,162,67,1974,293,383,18,3.35,0
6155,Ogou,Plateaux,2021,253467,50.07,29,42,152,134,94.56,194,63,2678,200,992,41,4.68,1
6156,Moyen-Mono,Plateaux,2020,90505,44.07,3,16,179,445,92.1,153,76,1019,96,1839,53,2.53,1
6157,Doufelgou,Kara,2022,87588,87.62,24,79,162,526,91.82,190,86,652,185,1348,11,3.37,1
6158,Tandjoaré,Savanes,2022,35537,68.34,28,49,51,73,79.53,200,62,712,36,183,23,4.57,0
6159,Kpendjal,Savanes,2023,150806,55.19,23,7,243,377,82.88,283,94,229,57,1339,32,4.18,1
6160,Tchaoudjo,Centrale,2021,240360,56.1,7,72,98,70,87.7,257,109,2129,96,706,41,3.99,1
6161,Wawa,Plateaux,2020,101300,68.24,7,33,230,128,68.94,234,118,870,29,170,26,3.67,1
6162,Kéran,Kara,2022,123138,81.11,13,39,251,317,58.54,335,35,4519,273,1836,6,4.57,1
6163,Kozah,Kara,2022,283738,64.87,9,13,153,452,91.24,256,26,5884,278,409,71,3.04,1
6164,Tchaoudjo,Centrale,2021,240360,92.0,13,80,54,280,59.07,335,61,4968,247,1621,32,4.03,1
6165,Kéran,Kara,2022,123138,88.97,11,49,195,524,56.74,284,62,3644,233,625,15,4.07,0
6166,Kloto,Plateaux,2022,145985,75.55,4,90,153,509,60.61,237,93,1723,252,1192,21,4.24,1
6167,Agoè-Nyivé,Maritime,2023,882695,91.62,20,38,291,198,85.73,118,74,5495,154,1202,24,2.73,1
6168,Tchamba,Centrale,2021,200585,80.69,18,47,274,449,58.05,249,55,5137,159,574,10,4.53,1
6169,Oti,Savanes,2020,123324,80.04,2,15,138,211,86.16,318,43,5772,170,1015,22,3.61,1
6170,Blitta,Centrale,2020,218753,47.3,19,76,173,381,84.9,124,101,5650,182,14,49,4.09,1
6171,Agoè-Nyivé,Maritime,2021,882695,91.2,10,8,80,345,72.21,231,61,2029,240,278,41,3.52,0
6172,Kpélé,Plateaux,2023,81620,50.62,10,22,250,490,84.33,217,111,3987,145,1213,31,2.9,1
6173,Golfe,Maritime,2020,1305681,50.48,24,11,165,216,74.42,146,25,472,172,836,73,3.77,1
6174,Kpendjal,Savanes,2022,150806,47.19,20,94,134,402,60.96,181,38,3319,165,374,69,4.68,1
6175,Amou,Plateaux,2022,110948,46.64,21,93,77,599,69.07,219,77,1570,269,310,25,4.37,1
6176,Assoli,Kara,2020,66492,78.34,8,79,198,553,78.21,348,92,4627,176,642,67,3.13,1
6177,Avé,Maritime,2023,111214,53.68,15,36,139,496,65.17,359,74,815,150,750,28,3.59,1
6178,Blitta,Centrale,2020,218753,70.76,30,90,90,83,65.75,150,77,3705,8,806,15,3.57,0
6179,Oti-Sud,Savanes,2022,150806,73.69,19,14,255,194,83.3,128,60,988,172,556,80,3.39,0
6180,Agoè-Nyivé,Maritime,2023,882695,81.39,18,100,149,150,51.3,116,94,963,152,214,63,4.32,1
6181,Kpendjal-Ouest,Savanes,2023,120285,42.26,19,55,124,141,50.25,135,91,5451,30,1556,31,3.04,1
6182,Cinkassé,Savanes,2020,173987,88.83,12,12,30,569,61.25,104,49,860,74,723,26,4.4,0
6183,Tandjoaré,Savanes,2020,35537,47.91,13,82,270,118,67.29,317,61,1949,131,839,17,4.2,1
6184,Wawa,Plateaux,2020,101300,47.75,13,27,252,495,83.61,153,34,272,51,1966,74,4.52,1
6185,Yoto,Maritime,2023,174451,74.54,7,67,300,238,67.43,290,60,1182,3,1260,77,3.28,0
6186,Haho,Plateaux,2020,305096,59.27,12,43,23,198,87.16,391,47,1559,298,1322,52,2.62,1
6187,Tchamba,Centrale,2020,200585,88.08,26,11,232,68,72.16,51,109,1725,110,1843,47,2.78,1
6188,Oti,Savanes,2020,123324,74.42,4,88,113,148,61.2,97,87,2431,59,586,43,3.28,1
6189,Danyi,Plateaux,2020,40240,92.11,6,67,274,115,68.36,222,48,908,39,536,67,3.39,0
6190,Kéran,Kara,2023,123138,85.71,3,13,57,223,95.48,219,88,5534,222,689,61,3.2,1
6191,Lacs,Maritime,2022,241207,50.78,20,16,228,232,77.76,71,38,2367,278,1037,64,4.35,1
6192,Oti,Savanes,2020,123324,58.53,29,10,105,303,70.14,233,32,2484,122,1374,7,4.28,1
6193,Danyi,Plateaux,2022,40240,93.52,13,35,258,225,54.73,194,119,5862,267,1341,18,3.96,1
6194,Doufelgou,Kara,2023,87588,52.53,23,75,98,420,58.47,209,73,5663,233,1517,80,3.44,1
6195,Sotouboua,Centrale,2020,141404,66.56,25,64,34,204,60.59,208,37,2385,109,1405,63,3.53,0
6196,Haho,Plateaux,2020,305096,53.65,15,75,44,81,69.96,219,92,5193,9,1050,67,3.15,1
6197,Mô,Centrale,2022,52448,44.04,21,89,146,394,88.47,274,25,2970,132,264,9,2.99,1
6198,Kpélé,Plateaux,2021,81620,43.63,17,27,290,491,91.54,111,97,2877,18,1914,64,3.83,1
6199,Amou,Plateaux,2023,110948,42.69,20,87,214,136,88.3,211,50,5517,138,1079,5,3.82,1
6200,Tône,Savanes,2020,388775,40.02,21,55,182,263,73.88,100,116,4573,243,802,49,4.48,1
6201,Bas-Mono,Maritime,2021,95380,63.57,10,82,205,72,89.64,107,117,2643,135,612,4,3.09,1
6202,Zio,Maritime,2021,500032,43.2,4,26,288,330,62.49,341,35,1764,79,604,16,3.56,1
6203,Tchamba,Centrale,2021,200585,47.92,16,73,271,573,62.4,210,78,4994,118,148,44,2.88,1
6204,Cinkassé,Savanes,2020,173987,91.83,13,73,88,234,60.7,146,64,5639,63,754,32,4.72,1
6205,Mô,Centrale,2020,52448,69.81,16,55,22,327,88.05,118,77,2544,176,895,43,4.66,0
6206,Anié,Plateaux,2022,177188,78.67,14,49,91,327,79.33,93,102,2388,38,591,7,4.15,1
6207,Bassar,Kara,2020,152038,93.23,15,18,276,85,65.53,366,108,1520,46,1787,7,4.69,1
6208,Agou,Plateaux,2021,85793,84.86,28,49,135,289,83.4,174,21,202,257,1034,46,3.44,0
6209,Avé,Maritime,2021,111214,82.24,4,68,276,259,76.15,319,83,5744,273,174,20,2.99,1
6210,Agou,Plateaux,2021,85793,66.12,12,67,96,350,52.9,120,22,1569,135,104,17,4.14,0
6211,Tône,Savanes,2020,388775,47.03,22,21,149,586,69.75,261,119,5644,179,1047,69,2.78,1
6212,Agou,Plateaux,2020,85793,59.87,11,20,119,306,80.24,171,20,1340,245,1134,47,4.64,1
6213,Kpendjal,Savanes,2022,150806,56.97,21,94,126,226,70.19,115,35,283,289,1693,58,3.81,1
6214,Kéran,Kara,2021,123138,88.47,19,44,268,511,52.69,185,92,5930,76,1040,36,3.69,1
6215,Haho,Plateaux,2021,305096,90.93,27,96,82,534,54.85,81,47,722,176,1484,51,3.6,0
6216,Ogou,Plateaux,2022,253467,82.77,23,55,295,511,88.37,256,29,2905,213,949,74,4.49,0
6217,Assoli,Kara,2021,66492,64.22,23,27,129,105,68.45,155,104,3041,100,1833,54,2.94,1
6218,Tône,Savanes,2020,388775,94.98,6,7,116,251,62.96,314,90,2635,95,159,32,4.3,1
6219,Golfe,Maritime,2021,1305681,53.87,29,82,298,216,73.8,236,107,4681,253,1563,61,4.09,1
6220,Moyen-Mono,Plateaux,2021,90505,71.44,8,42,240,155,66.97,210,38,5639,191,134,16,4.4,1
6221,Mô,Centrale,2021,52448,59.6,3,46,244,476,57.48,313,62,2113,169,849,35,4.45,1
6222,Binah,Kara,2020,84739,51.1,25,79,233,557,58.03,158,40,5608,279,1718,45,4.56,1
6223,Kpendjal,Savanes,2021,150806,73.69,13,48,45,419,94.39,317,75,1668,122,1296,23,3.58,0
6224,Oti-Sud,Savanes,2022,150806,69.09,24,10,252,430,87.83,386,43,2987,300,972,28,3.35,0
6225,Agou,Plateaux,2022,85793,88.86,28,6,136,269,90.1,169,56,843,115,1259,28,3.32,0
6226,Tandjoaré,Savanes,2022,35537,55.3,9,29,252,72,89.97,309,96,2769,51,1466,0,4.3,1
6227,Cinkassé,Savanes,2021,173987,66.69,4,97,84,566,90.47,308,39,3131,137,179,73,4.77,0
6228,Tône,Savanes,2022,388775,83.33,28,62,100,597,89.6,94,29,3552,121,1869,36,3.4,0
6229,Cinkassé,Savanes,2023,173987,58.78,25,75,241,245,55.39,111,52,3275,86,1858,2,2.97,1
6230,Avé,Maritime,2021,111214,88.66,30,33,103,242,75.64,217,79,4990,220,1084,16,3.04,1
6231,Lacs,Maritime,2023,241207,69.12,26,59,229,272,61.39,400,37,1425,114,486,13,4.18,0
6232,Kpendjal,Savanes,2023,150806,75.82,11,30,123,133,91.02,316,25,4163,182,621,74,3.14,1
6233,Moyen-Mono,Plateaux,2021,90505,80.56,5,11,252,427,90.33,282,94,4357,278,1525,37,4.27,1
6234,Zio,Maritime,2023,500032,46.79,30,41,29,257,94.53,347,118,4304,68,1841,31,3.7,1
6235,Oti-Sud,Savanes,2021,150806,76.86,6,15,112,187,68.6,251,64,3723,286,1700,40,4.53,0
6236,Est-Mono,Plateaux,2020,164460,78.38,21,31,62,462,90.2,240,43,1088,104,1337,66,3.42,0
6237,Tandjoaré,Savanes,2021,35537,89.07,22,11,186,455,70.49,174,44,3654,134,8,38,2.91,0
6238,Assoli,Kara,2022,66492,94.94,14,62,211,229,65.52,397,50,4860,56,466,58,3.85,1
6239,Dankpen,Kara,2022,184632,49.62,29,73,173,563,51.6,325,66,4873,181,418,62,4.62,1
6240,Amou,Plateaux,2021,110948,92.11,20,59,156,196,97.1,123,20,2957,247,1652,68,3.04,0
6241,Akébou,Plateaux,2020,73188,59.35,26,45,194,581,52.4,380,50,3357,20,1605,8,3.72,1
6242,Ogou,Plateaux,2020,253467,55.45,20,38,121,54,73.05,181,80,4821,213,1834,52,3.6,1
6243,Tchamba,Centrale,2023,200585,86.93,26,66,275,290,80.64,250,101,3445,292,1520,47,2.81,1
6244,Dankpen,Kara,2020,184632,42.19,8,84,287,337,80.57,95,59,4670,166,1043,44,2.74,1
6245,Bassar,Kara,2020,152038,68.48,17,23,61,468,87.07,172,49,2050,37,1906,44,2.67,0
6246,Bassar,Kara,2020,152038,49.27,22,35,209,356,63.57,197,85,4884,184,1023,29,4.45,1
6247,Cinkassé,Savanes,2023,173987,88.34,14,41,35,380,83.5,212,90,4000,213,720,10,3.01,1
6248,Moyen-Mono,Plateaux,2023,90505,60.69,7,92,184,520,93.91,374,46,2037,65,696,8,3.82,0
6249,Oti,Savanes,2022,123324,54.13,14,5,62,104,58.09,339,47,3618,218,267,63,3.37,1
6250,Zio,Maritime,2021,500032,59.88,15,67,113,575,87.75,95,112,5745,116,1851,79,3.46,1
6251,Akébou,Plateaux,2022,73188,55.93,20,9,101,309,79.07,124,52,4922,7,1646,57,4.17,1
6252,Avé,Maritime,2020,111214,92.4,15,72,109,262,60.58,397,59,2164,156,716,80,3.67,0
6253,Moyen-Mono,Plateaux,2021,90505,91.29,24,58,54,486,71.12,249,64,5916,149,817,42,2.95,1
6254,Binah,Kara,2021,84739,85.24,11,59,112,188,83.77,357,118,5262,91,1208,71,3.68,1
6255,Agou,Plateaux,2022,85793,88.59,3,51,93,233,86.43,248,100,4540,276,1233,44,2.5,1
6256,Avé,Maritime,2022,111214,76.24,25,95,163,464,82.38,303,64,3348,142,753,54,3.71,0
6257,Avé,Maritime,2020,111214,57.28,9,54,270,387,54.74,219,101,3941,221,1329,6,3.67,1
6258,Lacs,Maritime,2021,241207,59.54,19,63,195,489,76.92,180,120,2622,138,1156,5,4.62,1
6259,Tône,Savanes,2022,388775,80.81,9,93,74,213,96.98,239,65,956,115,537,46,3.33,0
6260,Akébou,Plateaux,2021,73188,73.23,10,50,231,325,90.98,225,119,5965,243,1432,41,4.12,1
6261,Bassar,Kara,2023,152038,73.22,3,15,266,75,50.26,161,91,743,159,1332,34,3.49,1
6262,Agoè-Nyivé,Maritime,2023,882695,53.5,27,97,198,125,84.92,362,105,3226,86,604,40,4.24,1
6263,Tchamba,Centrale,2023,200585,51.76,7,23,192,215,95.12,154,67,3850,213,1681,61,4.58,1
6264,Haho,Plateaux,2020,305096,77.54,22,26,225,73,65.53,85,90,4104,261,337,20,4.4,1
6265,Golfe,Maritime,2023,1305681,75.63,26,100,270,220,68.05,291,23,3001,7,1990,70,2.98,0
6266,Ogou,Plateaux,2021,253467,49.28,3,85,93,565,73.13,378,89,5914,291,973,59,3.21,1
6267,Binah,Kara,2021,84739,78.83,24,69,125,379,76.63,56,94,578,65,1847,24,3.82,1
6268,Mô,Centrale,2021,52448,76.82,9,35,234,584,53.38,340,114,3801,30,114,54,4.0,1
6269,Kpendjal-Ouest,Savanes,2021,120285,46.63,10,58,127,281,55.37,253,72,2650,54,1944,66,4.52,1
6270,Doufelgou,Kara,2022,87588,74.03,12,58,45,225,92.76,304,101,501,77,564,72,4.66,1
6271,Binah,Kara,2023,84739,62.48,4,10,270,214,96.68,58,54,1246,46,212,56,4.77,0
6272,Kpendjal-Ouest,Savanes,2021,120285,66.36,13,51,73,445,74.25,170,48,5205,27,626,26,2.7,1
6273,Est-Mono,Plateaux,2023,164460,64.67,20,31,128,272,80.07,343,42,2801,225,1254,45,4.06,0
6274,Bas-Mono,Maritime,2020,95380,78.32,21,55,245,135,85.31,216,77,4288,74,1444,46,4.72,1
6275,Oti-Sud,Savanes,2020,150806,67.63,6,25,172,195,75.48,87,63,5105,297,1168,52,3.74,1
6276,Wawa,Plateaux,2022,101300,87.21,28,67,132,204,69.0,78,85,5224,223,1280,34,3.45,1
6277,Kéran,Kara,2022,123138,86.55,24,79,87,333,59.51,393,95,3474,107,1882,65,2.71,1
6278,Tône,Savanes,2020,388775,94.74,13,18,172,309,75.42,311,102,5144,192,1983,20,3.21,1
6279,Kpélé,Plateaux,2023,81620,67.56,17,18,33,112,76.06,125,86,874,201,192,19,3.05,1
6280,Amou,Plateaux,2022,110948,43.45,16,49,165,294,59.77,145,106,1339,268,698,34,3.52,1
6281,Kpendjal-Ouest,Savanes,2022,120285,72.76,7,78,47,354,79.62,164,97,667,271,1357,75,3.25,1
6282,Anié,Plateaux,2021,177188,54.72,14,78,283,422,76.3,309,67,838,267,689,40,3.85,1
6283,Kéran,Kara,2020,123138,53.24,19,21,164,324,53.46,163,20,5241,92,600,45,4.42,1
6284,Kpendjal-Ouest,Savanes,2023,120285,85.63,7,47,71,58,50.2,111,31,5491,217,1574,27,3.27,1
6285,Tchaoudjo,Centrale,2023,240360,90.9,25,83,231,147,85.45,198,60,4637,169,1071,21,3.49,1
6286,Kpendjal-Ouest,Savanes,2022,120285,57.04,6,64,161,351,87.33,252,72,1037,293,204,60,3.65,1
6287,Doufelgou,Kara,2023,87588,89.57,6,100,220,178,53.58,98,42,1860,276,1587,12,4.74,0
6288,Tchamba,Centrale,2022,200585,72.83,22,59,156,556,52.42,103,33,4244,211,123,4,3.68,1
6289,Doufelgou,Kara,2021,87588,69.28,28,91,190,420,85.5,158,73,5963,68,1509,42,2.5,1
6290,Est-Mono,Plateaux,2022,164460,62.87,29,31,122,304,76.83,225,91,3787,238,581,73,2.63,1
6291,Oti-Sud,Savanes,2021,150806,54.42,20,81,250,319,94.8,88,106,3219,84,337,30,3.59,1
6292,Zio,Maritime,2022,500032,64.14,29,12,242,162,75.39,228,109,2319,124,1105,8,2.84,1
6293,Haho,Plateaux,2020,305096,49.7,3,16,265,428,59.23,271,37,3609,14,1071,42,2.83,1
6294,Blitta,Centrale,2023,218753,73.57,3,36,218,525,80.42,336,53,4963,208,957,72,3.79,1
6295,Mô,Centrale,2021,52448,54.78,7,17,289,569,64.98,149,79,2632,95,1541,79,4.11,1
6296,Zio,Maritime,2020,500032,42.51,14,33,156,275,83.08,291,96,3833,230,419,77,4.3,1
6297,Assoli,Kara,2023,66492,77.97,21,46,116,257,64.69,201,118,4112,4,1131,78,3.27,1
6298,Kozah,Kara,2020,283738,92.14,2,95,201,507,51.12,241,34,4998,202,1898,54,3.43,1
6299,Kozah,Kara,2023,283738,44.75,27,47,207,405,61.69,82,53,4373,72,439,24,3.46,1
6300,Oti,Savanes,2023,123324,68.81,24,93,188,67,75.59,333,78,1039,37,814,22,3.63,0
6301,Avé,Maritime,2020,111214,87.58,12,74,208,73,80.85,142,120,4422,152,846,29,2.51,1
6302,Yoto,Maritime,2022,174451,79.98,18,65,181,427,51.1,278,58,1863,270,779,28,3.75,0
6303,Dankpen,Kara,2023,184632,92.78,11,48,146,167,81.32,75,120,2673,216,826,73,4.25,1
6304,Yoto,Maritime,2022,174451,46.78,2,24,61,359,81.74,346,86,4741,109,1411,0,2.58,1
6305,Tandjoaré,Savanes,2020,35537,57.68,18,61,69,463,56.6,92,33,5013,210,281,54,4.1,1
6306,Agou,Plateaux,2021,85793,82.0,17,38,245,220,77.59,109,120,2755,84,472,75,4.64,1
6307,Dankpen,Kara,2022,184632,61.36,7,16,80,374,90.54,355,64,5574,1,1385,70,2.54,1
6308,Binah,Kara,2020,84739,89.11,9,12,281,307,72.84,342,90,1630,57,1328,32,3.02,1
6309,Assoli,Kara,2023,66492,42.81,20,25,125,431,52.89,200,96,3498,245,749,45,3.53,1
6310,Golfe,Maritime,2020,1305681,56.05,24,13,247,488,94.51,95,22,3638,3,344,54,4.68,1
6311,Dankpen,Kara,2020,184632,84.7,23,96,285,407,71.72,324,25,3422,252,567,55,4.77,0
6312,Kpendjal-Ouest,Savanes,2021,120285,75.81,17,20,108,268,90.68,56,75,873,150,1946,35,4.78,0
6313,Kloto,Plateaux,2020,145985,49.1,5,5,154,550,81.09,70,89,5958,220,490,31,3.23,1
6314,Anié,Plateaux,2021,177188,72.78,12,22,23,135,97.58,231,78,4586,71,905,19,2.56,1
6315,Cinkassé,Savanes,2020,173987,42.48,2,43,105,402,63.51,294,32,4291,154,1627,61,2.51,1
6316,Bas-Mono,Maritime,2020,95380,63.9,22,12,255,557,89.98,71,85,2707,7,820,58,3.37,1
6317,Blitta,Centrale,2020,218753,44.4,22,24,144,274,82.65,213,82,4518,73,989,5,4.31,1
6318,Zio,Maritime,2022,500032,58.81,14,65,125,276,93.64,204,103,5435,145,935,73,3.8,1
6319,Tône,Savanes,2023,388775,81.51,22,16,73,342,96.46,176,98,5295,222,1345,8,3.12,1
6320,Kpendjal-Ouest,Savanes,2020,120285,85.13,18,58,134,58,87.77,189,81,2221,161,1776,56,4.31,1
6321,Tandjoaré,Savanes,2021,35537,94.86,29,75,88,588,93.89,213,85,2112,212,727,65,3.62,1
6322,Wawa,Plateaux,2022,101300,80.73,21,8,175,67,80.14,57,54,4217,13,1387,73,3.46,1
6323,Blitta,Centrale,2022,218753,86.28,15,86,239,124,82.94,214,41,2720,19,1746,20,3.66,0
6324,Mô,Centrale,2020,52448,74.01,9,70,186,310,88.82,198,120,3533,261,1085,44,3.18,1
6325,Cinkassé,Savanes,2023,173987,59.77,17,91,211,524,88.28,150,82,886,149,971,57,4.8,1
6326,Wawa,Plateaux,2022,101300,61.3,19,21,206,85,81.84,193,72,3848,134,179,12,4.21,0
6327,Agou,Plateaux,2022,85793,88.22,18,48,59,588,75.7,172,40,3132,175,1059,27,4.62,0
6328,Agou,Plateaux,2021,85793,46.59,8,69,261,510,68.27,234,81,2344,19,1875,68,3.99,1
6329,Kéran,Kara,2021,123138,64.7,22,80,60,501,72.5,370,79,4875,55,1980,38,3.75,1
6330,Bassar,Kara,2021,152038,76.77,3,41,132,345,54.18,248,66,3721,145,1560,78,3.58,0
6331,Danyi,Plateaux,2021,40240,48.63,6,62,35,175,75.53,105,28,1055,17,859,20,3.76,1
6332,Kloto,Plateaux,2021,145985,91.81,23,45,34,425,91.2,271,29,1713,255,233,53,4.32,0
6333,Kloto,Plateaux,2022,145985,91.42,10,37,97,445,65.52,122,49,4021,146,1577,11,3.46,1
6334,Kozah,Kara,2023,283738,41.77,26,64,78,92,69.88,84,84,2711,139,582,35,4.08,1
6335,Moyen-Mono,Plateaux,2020,90505,81.6,21,25,235,567,74.22,210,97,5719,91,92,63,4.7,1
6336,Yoto,Maritime,2022,174451,84.57,14,22,153,549,84.91,242,113,3188,288,380,57,3.69,1
6337,Bas-Mono,Maritime,2023,95380,45.19,30,56,145,269,74.7,348,37,5697,88,281,80,4.66,1
6338,Kpendjal,Savanes,2022,150806,53.5,18,35,89,339,63.62,243,40,3124,25,770,20,3.78,1
6339,Kpélé,Plateaux,2020,81620,74.32,14,8,91,412,71.6,321,44,667,294,1910,27,3.24,0
6340,Danyi,Plateaux,2022,40240,59.71,11,7,295,59,94.08,257,67,4073,177,1000,76,4.1,1
6341,Ogou,Plateaux,2020,253467,61.12,10,93,180,256,62.85,298,57,5415,142,1093,52,4.61,1
6342,Cinkassé,Savanes,2022,173987,44.55,18,30,30,109,94.77,278,104,5725,258,682,25,3.96,1
6343,Lacs,Maritime,2020,241207,71.67,26,70,22,214,74.04,349,108,573,23,1845,76,3.97,1
6344,Kozah,Kara,2020,283738,50.08,23,86,89,127,97.43,307,120,2908,266,1113,26,3.57,1
6345,Kéran,Kara,2022,123138,94.73,25,83,181,546,81.67,211,73,3686,248,336,46,4.54,0
6346,Danyi,Plateaux,2022,40240,94.2,8,93,89,244,93.43,237,70,3957,164,1554,65,3.65,0
6347,Oti-Sud,Savanes,2020,150806,85.25,14,11,166,127,61.71,76,75,5172,258,628,22,4.37,1
6348,Avé,Maritime,2020,111214,66.77,11,33,229,82,76.49,363,44,4904,11,1162,49,2.77,1
6349,Oti-Sud,Savanes,2023,150806,42.63,18,33,202,93,64.52,287,55,3943,75,731,26,4.22,1
6350,Tône,Savanes,2020,388775,46.8,19,66,53,317,65.18,382,36,3954,190,1207,26,4.14,1
6351,Avé,Maritime,2022,111214,85.63,9,21,177,263,72.97,65,107,3670,82,699,75,2.92,1
6352,Oti,Savanes,2022,123324,73.66,14,78,91,481,86.52,156,86,2985,25,1459,51,2.61,1
6353,Lacs,Maritime,2023,241207,52.11,22,99,295,506,71.69,183,103,853,62,802,18,3.6,1
6354,Kéran,Kara,2020,123138,41.24,15,33,298,514,84.74,169,67,380,57,1539,58,2.62,1
6355,Amou,Plateaux,2020,110948,56.77,22,16,232,588,83.69,245,54,4815,5,234,20,3.47,1
6356,Assoli,Kara,2023,66492,56.36,26,66,148,578,74.31,339,101,5965,116,1314,49,3.07,1
6357,Doufelgou,Kara,2022,87588,49.4,9,72,32,455,62.88,309,71,1606,101,124,36,4.54,1
6358,Tchaoudjo,Centrale,2023,240360,67.61,21,30,158,587,75.01,256,59,4576,229,732,79,2.69,1
6359,Kozah,Kara,2023,283738,94.69,29,96,160,186,65.49,262,56,2603,243,241,45,2.51,0
6360,Sotouboua,Centrale,2020,141404,94.8,27,43,34,257,64.85,137,74,1106,35,1210,10,3.58,0
6361,Haho,Plateaux,2021,305096,53.09,11,7,259,233,79.73,197,69,5425,271,628,56,3.36,1
6362,Oti,Savanes,2020,123324,74.59,12,75,241,569,61.61,179,111,4068,62,163,57,2.98,1
6363,Mô,Centrale,2023,52448,52.14,28,65,224,267,50.87,360,75,2372,271,1154,55,4.25,1
6364,Kpélé,Plateaux,2023,81620,75.59,6,61,116,284,60.03,370,113,5323,95,179,23,3.57,1
6365,Est-Mono,Plateaux,2023,164460,40.4,29,100,28,138,69.19,102,104,2277,45,1373,8,3.51,1
6366,Mô,Centrale,2022,52448,85.96,9,70,52,266,68.19,153,79,1662,261,527,80,3.44,0
6367,Cinkassé,Savanes,2020,173987,74.38,3,25,123,332,71.96,314,76,906,146,1478,28,4.51,0
6368,Golfe,Maritime,2022,1305681,61.89,20,75,98,197,59.09,241,37,1401,256,1683,46,4.67,0
6369,Avé,Maritime,2020,111214,76.44,14,68,266,107,63.37,338,117,2455,242,575,54,4.63,1
6370,Sotouboua,Centrale,2021,141404,80.1,23,12,296,242,59.85,159,58,261,113,1554,6,4.72,0
6371,Tandjoaré,Savanes,2020,35537,77.96,10,85,161,533,72.09,87,25,1591,163,1567,2,4.02,0
6372,Kloto,Plateaux,2020,145985,80.44,25,84,219,485,87.43,143,87,5916,60,628,39,4.72,1
6373,Blitta,Centrale,2020,218753,69.08,7,60,144,140,59.08,332,25,3357,170,1954,64,3.66,0
6374,Est-Mono,Plateaux,2023,164460,85.19,8,27,278,137,77.47,379,105,304,241,863,65,3.13,1
6375,Cinkassé,Savanes,2020,173987,42.38,5,67,160,578,84.5,153,109,4601,154,1608,9,3.02,1
6376,Yoto,Maritime,2022,174451,69.3,2,67,47,98,75.98,290,69,724,195,1301,76,4.33,0
6377,Tandjoaré,Savanes,2020,35537,91.16,15,30,270,176,58.81,82,106,5089,77,1520,45,3.53,1
6378,Sotouboua,Centrale,2020,141404,87.4,15,24,65,72,52.59,317,81,5975,195,806,59,2.53,1
6379,Zio,Maritime,2020,500032,66.11,13,79,210,494,96.48,355,81,5193,22,837,66,4.01,1
6380,Kloto,Plateaux,2021,145985,88.06,8,59,205,183,84.97,175,29,1599,117,1538,22,3.19,0
6381,Haho,Plateaux,2021,305096,64.38,6,9,161,443,89.63,93,45,4533,62,231,36,4.21,1
6382,Bassar,Kara,2021,152038,79.15,29,53,175,189,72.52,239,50,4130,23,403,9,4.75,1
6383,Bas-Mono,Maritime,2022,95380,65.37,20,79,197,177,57.44,124,48,1463,56,498,64,4.28,0
6384,Assoli,Kara,2023,66492,91.41,12,87,206,340,56.89,287,113,294,99,1351,26,4.15,1
6385,Sotouboua,Centrale,2023,141404,45.15,21,7,143,438,68.84,286,85,2512,299,1728,34,4.78,1
6386,Kpendjal-Ouest,Savanes,2021,120285,71.23,30,55,186,313,77.94,188,84,5198,27,1279,50,4.47,1
6387,Kozah,Kara,2021,283738,92.4,10,66,274,369,57.14,329,34,1932,178,324,48,3.44,0
6388,Kpendjal-Ouest,Savanes,2021,120285,61.87,11,26,196,412,65.63,280,94,415,114,1069,5,4.77,1
6389,Binah,Kara,2022,84739,64.89,3,82,247,81,68.14,138,114,5305,299,1302,34,3.24,1
6390,Ogou,Plateaux,2021,253467,83.65,19,65,143,80,87.36,85,75,897,120,3,29,4.37,0
6391,Kozah,Kara,2023,283738,70.2,6,22,119,452,76.63,358,61,588,170,371,3,4.58,0
6392,Kpélé,Plateaux,2020,81620,50.77,12,93,184,428,88.18,149,82,1664,26,1717,67,3.34,1
6393,Akébou,Plateaux,2020,73188,86.51,20,26,96,167,94.19,338,111,1300,8,103,11,4.57,1
6394,Anié,Plateaux,2020,177188,63.01,2,46,176,113,61.68,272,27,1633,33,668,5,4.18,0
6395,Binah,Kara,2023,84739,41.62,20,47,158,562,85.55,275,22,5932,9,1759,24,3.37,1
6396,Tône,Savanes,2020,388775,74.32,3,98,94,100,73.02,347,94,4877,38,581,77,2.9,1
6397,Wawa,Plateaux,2020,101300,42.01,6,6,55,160,89.97,278,60,2536,225,11,45,2.97,1
6398,Moyen-Mono,Plateaux,2021,90505,71.65,6,36,132,97,85.42,167,56,5436,157,1965,76,4.04,1
6399,Mô,Centrale,2023,52448,73.53,19,20,105,194,69.41,229,96,2512,118,1278,33,3.41,1
6400,Danyi,Plateaux,2021,40240,59.65,13,33,43,298,79.88,357,32,954,59,1307,43,3.99,1
6401,Avé,Maritime,2020,111214,73.44,26,96,38,324,88.64,259,23,3380,26,1778,64,4.13,0
6402,Cinkassé,Savanes,2021,173987,80.25,15,77,297,357,63.18,187,95,5219,207,792,55,3.33,1
6403,Tône,Savanes,2021,388775,47.72,16,17,112,551,64.92,86,98,3809,159,711,5,4.17,1
6404,Kéran,Kara,2020,123138,71.58,3,44,214,68,65.77,243,20,959,86,589,58,3.56,0
6405,Sotouboua,Centrale,2021,141404,57.67,10,23,263,268,62.17,244,31,2660,91,1409,39,3.89,1
6406,Blitta,Centrale,2021,218753,53.72,23,47,41,278,66.47,181,73,4225,195,317,37,3.21,1
6407,Blitta,Centrale,2022,218753,87.99,12,45,76,510,62.88,328,103,5997,76,1773,47,4.32,1
6408,Agou,Plateaux,2020,85793,78.15,21,96,223,153,65.2,246,76,1373,269,429,36,3.65,0
6409,Mô,Centrale,2021,52448,87.31,24,58,207,162,81.75,171,28,3365,241,548,55,4.18,0
6410,Binah,Kara,2022,84739,56.09,22,49,161,164,52.94,388,93,2803,97,1428,9,4.02,1
6411,Zio,Maritime,2022,500032,92.87,27,49,268,499,86.86,225,47,5837,193,1902,62,4.52,1
6412,Sotouboua,Centrale,2023,141404,63.05,11,80,29,184,96.68,62,85,3274,204,477,58,4.56,1
6413,Bas-Mono,Maritime,2023,95380,59.55,26,50,74,348,80.37,376,39,1013,169,1589,30,2.57,1
6414,Blitta,Centrale,2021,218753,94.65,15,61,23,421,95.29,120,118,3460,84,687,55,3.56,1
6415,Danyi,Plateaux,2023,40240,78.93,19,16,243,349,78.19,279,70,613,199,1312,11,4.14,0
6416,Avé,Maritime,2021,111214,60.31,26,97,76,120,74.2,248,96,2357,17,1308,22,2.95,1
6417,Doufelgou,Kara,2021,87588,82.36,11,70,34,512,86.62,168,38,3380,133,1362,6,4.7,0
6418,Kozah,Kara,2021,283738,82.13,29,45,22,320,96.56,65,49,4760,71,1963,59,3.89,1
6419,Tandjoaré,Savanes,2020,35537,93.36,28,99,194,140,75.9,340,28,3092,163,1489,68,3.54,0
6420,Agoè-Nyivé,Maritime,2020,882695,50.07,15,55,226,229,78.31,357,50,1537,278,1770,62,4.08,1
6421,Yoto,Maritime,2020,174451,50.02,4,76,20,358,78.27,294,29,5051,184,986,54,3.19,1
6422,Assoli,Kara,2020,66492,48.82,8,75,207,256,58.95,130,100,2579,80,1942,19,3.61,1
6423,Moyen-Mono,Plateaux,2020,90505,76.63,4,71,190,194,51.79,180,89,4810,67,568,13,3.82,1
6424,Binah,Kara,2021,84739,86.7,27,30,167,580,87.04,153,39,2392,240,231,2,4.11,0
6425,Lacs,Maritime,2021,241207,80.1,28,8,235,403,68.98,157,29,1064,36,236,44,2.67,0
6426,Kozah,Kara,2020,283738,86.9,17,68,239,302,50.2,268,49,2627,198,68,32,4.27,0
6427,Amou,Plateaux,2022,110948,49.68,26,99,192,159,79.05,103,59,2514,81,967,25,3.3,1
6428,Sotouboua,Centrale,2020,141404,41.08,27,85,216,71,55.92,238,34,5400,119,1982,46,3.98,1
6429,Assoli,Kara,2021,66492,86.8,21,67,268,552,83.39,256,116,4462,70,453,39,4.79,1
6430,Assoli,Kara,2022,66492,87.41,30,80,56,497,61.28,253,67,4798,221,1363,57,3.07,1
6431,Dankpen,Kara,2021,184632,55.11,26,19,152,552,82.24,64,80,5669,235,1639,38,4.3,1
6432,Blitta,Centrale,2020,218753,82.11,9,33,281,141,55.04,53,94,2721,242,486,54,4.18,1
6433,Lacs,Maritime,2021,241207,65.52,4,35,111,81,78.51,210,94,2905,142,1731,58,3.38,1
6434,Haho,Plateaux,2022,305096,82.6,23,84,170,316,56.17,320,22,958,251,189,67,4.66,0
6435,Golfe,Maritime,2020,1305681,89.68,17,50,277,224,82.2,281,93,5641,77,1249,20,4.49,1
6436,Agoè-Nyivé,Maritime,2020,882695,66.59,6,40,177,278,85.05,395,80,5370,281,956,5,3.96,1
6437,Wawa,Plateaux,2022,101300,83.14,24,99,286,329,62.49,174,94,2185,42,950,62,4.19,1
6438,Bassar,Kara,2021,152038,90.49,7,37,86,542,82.34,215,96,4494,224,1828,74,4.37,1
6439,Doufelgou,Kara,2021,87588,74.71,18,57,287,252,85.02,386,110,5967,224,503,14,2.99,1
6440,Est-Mono,Plateaux,2023,164460,45.32,11,5,123,287,84.89,398,106,2255,150,1275,14,3.58,1
6441,Kéran,Kara,2023,123138,51.79,12,97,74,258,87.75,156,96,1454,43,140,52,3.06,1
6442,Tône,Savanes,2022,388775,40.45,11,97,241,456,87.76,248,35,2047,32,1184,7,4.36,1
6443,Akébou,Plateaux,2020,73188,94.66,5,61,164,249,77.18,274,87,351,133,1867,54,4.71,1
6444,Oti-Sud,Savanes,2020,150806,89.18,7,78,211,336,82.2,200,82,2824,262,839,62,3.92,1
6445,Zio,Maritime,2021,500032,91.48,24,60,208,184,60.96,271,87,5105,267,363,5,2.62,1
6446,Binah,Kara,2020,84739,44.86,13,22,270,165,62.94,239,98,5650,114,1329,9,3.03,1
6447,Bassar,Kara,2021,152038,80.78,9,45,34,570,63.03,125,56,4661,17,807,42,3.22,1
6448,Vo,Maritime,2023,224411,71.53,7,63,210,92,61.62,361,73,3596,155,654,37,3.58,0
6449,Tône,Savanes,2020,388775,73.1,10,97,103,321,79.21,165,104,4750,13,598,56,4.12,1
6450,Agou,Plateaux,2021,85793,51.27,3,52,213,314,62.09,161,96,938,123,663,2,4.21,1
6451,Anié,Plateaux,2022,177188,91.65,2,94,123,279,53.0,224,118,5464,83,1771,54,3.87,1
6452,Danyi,Plateaux,2021,40240,61.99,21,26,70,149,91.85,269,88,4127,287,549,68,2.63,1
6453,Tchamba,Centrale,2022,200585,60.48,8,97,81,176,93.78,303,91,5707,152,334,7,3.02,1
6454,Tchaoudjo,Centrale,2020,240360,52.94,29,59,143,179,82.69,307,27,4719,66,1367,59,3.23,1
6455,Amou,Plateaux,2021,110948,76.27,18,49,155,258,79.58,333,109,3862,81,425,59,2.89,1
6456,Binah,Kara,2022,84739,54.95,6,94,162,484,65.47,365,24,5818,295,1835,10,2.54,1
6457,Danyi,Plateaux,2023,40240,90.84,18,86,175,544,82.11,269,76,2663,242,1291,60,3.35,0
6458,Kpendjal-Ouest,Savanes,2020,120285,53.73,12,84,152,128,52.53,229,99,1195,249,1872,15,4.2,1
6459,Cinkassé,Savanes,2023,173987,72.1,25,79,42,114,68.15,377,59,5554,45,1751,40,3.67,1
6460,Kpélé,Plateaux,2023,81620,42.02,4,35,222,524,60.69,100,38,4531,68,246,66,3.33,1
6461,Sotouboua,Centrale,2021,141404,74.55,22,73,73,408,56.64,365,104,2555,181,1375,52,4.68,1
6462,Doufelgou,Kara,2020,87588,65.78,22,15,263,502,92.15,387,68,5992,49,1298,80,2.64,1
6463,Agou,Plateaux,2021,85793,59.82,20,67,234,64,52.6,365,42,1257,112,349,56,3.13,1
6464,Tône,Savanes,2021,388775,41.62,18,57,192,177,82.28,331,22,3484,57,1120,2,3.43,1
6465,Agou,Plateaux,2023,85793,83.51,6,12,180,218,64.49,122,50,2682,163,1615,33,3.45,0
6466,Sotouboua,Centrale,2022,141404,64.01,11,53,136,352,93.11,100,24,488,129,1396,8,2.53,0
6467,Tchamba,Centrale,2021,200585,71.07,19,51,122,451,77.79,250,57,1071,24,1611,4,2.76,0
6468,Kpendjal-Ouest,Savanes,2021,120285,75.18,7,48,152,292,66.8,327,27,4444,242,885,8,3.12,1
6469,Kloto,Plateaux,2023,145985,88.83,18,61,30,174,79.89,346,37,1278,162,1751,66,3.62,0
6470,Danyi,Plateaux,2022,40240,72.91,25,56,117,458,65.07,247,81,5847,274,336,19,4.23,1
6471,Doufelgou,Kara,2021,87588,93.95,3,81,250,72,90.92,233,34,3155,295,272,74,2.95,0
6472,Kloto,Plateaux,2022,145985,74.85,20,14,266,185,80.8,310,55,1569,170,1254,23,3.98,0
6473,Lacs,Maritime,2020,241207,54.0,29,82,118,273,70.92,275,107,4222,113,1425,15,3.96,1
6474,Moyen-Mono,Plateaux,2022,90505,62.24,3,81,77,414,60.2,240,115,1302,112,1194,38,2.81,1
6475,Sotouboua,Centrale,2021,141404,89.95,10,88,38,66,61.2,300,114,4407,224,873,76,4.79,1
6476,Danyi,Plateaux,2020,40240,92.4,10,66,69,408,68.34,100,73,2671,159,1775,5,3.11,0
6477,Ogou,Plateaux,2021,253467,87.88,8,26,192,86,89.24,314,102,1213,281,52,19,3.13,1
6478,Amou,Plateaux,2023,110948,46.65,15,45,57,305,71.08,160,106,5928,162,51,9,4.77,1
6479,Kpendjal-Ouest,Savanes,2020,120285,43.45,10,12,162,147,73.23,250,49,1540,109,1202,20,3.93,1
6480,Kpendjal,Savanes,2023,150806,48.67,26,32,212,408,66.22,93,66,3758,163,1073,78,4.76,1
6481,Assoli,Kara,2022,66492,63.1,17,79,182,309,83.95,149,108,2580,91,1755,68,3.6,1
6482,Vo,Maritime,2022,224411,76.24,26,90,133,432,73.84,108,54,585,290,515,64,4.55,0
6483,Tchamba,Centrale,2020,200585,78.86,27,24,161,546,51.46,329,101,5241,71,1618,27,3.19,1
6484,Avé,Maritime,2022,111214,89.25,9,91,249,333,93.43,289,78,370,214,1727,43,3.69,0
6485,Lacs,Maritime,2022,241207,54.22,9,95,111,300,65.14,148,72,4552,72,392,19,3.07,1
6486,Danyi,Plateaux,2020,40240,89.88,4,91,284,358,93.7,169,102,436,149,1639,12,4.28,1
6487,Kpélé,Plateaux,2022,81620,44.17,20,79,166,102,56.91,99,21,2569,15,229,78,3.98,1
6488,Amou,Plateaux,2020,110948,86.21,9,33,201,501,54.97,237,96,582,280,233,40,3.51,1
6489,Oti,Savanes,2020,123324,46.37,26,34,191,103,94.82,171,79,5779,189,623,59,3.68,1
6490,Akébou,Plateaux,2023,73188,64.13,10,25,129,233,63.98,142,61,546,161,1261,35,2.98,0
6491,Amou,Plateaux,2022,110948,76.29,23,7,34,458,63.1,365,77,2074,160,795,29,3.95,0
6492,Akébou,Plateaux,2020,73188,91.75,30,9,137,405,96.67,143,44,360,279,358,74,4.27,0
6493,Amou,Plateaux,2023,110948,42.62,15,23,180,423,65.1,248,103,3918,173,8,70,4.48,1
6494,Danyi,Plateaux,2020,40240,58.54,18,77,278,88,69.65,94,57,1423,224,1913,47,3.8,1
6495,Kozah,Kara,2021,283738,52.09,28,12,65,166,79.48,135,106,1601,157,1927,78,2.82,1
6496,Tchamba,Centrale,2022,200585,91.65,16,42,25,420,76.64,51,116,525,43,440,16,2.54,1
6497,Ogou,Plateaux,2022,253467,60.92,6,29,42,376,88.05,134,79,4937,67,126,57,3.08,1
6498,Anié,Plateaux,2022,177188,87.41,24,16,74,139,93.68,127,110,1469,279,1838,5,4.49,1
6499,Anié,Plateaux,2022,177188,61.68,30,92,63,399,83.53,298,109,436,16,895,70,3.55,1
6500,Doufelgou,Kara,2020,87588,62.84,16,49,25,182,87.29,372,21,2413,97,1870,40,4.45,0
6501,Oti,Savanes,2023,123324,57.97,14,64,268,454,69.22,175,89,5544,92,33,10,4.16,1
6502,Vo,Maritime,2023,224411,75.34,6,99,221,153,60.49,121,113,3765,260,618,31,4.26,1
6503,Agoè-Nyivé,Maritime,2021,882695,62.93,12,82,168,59,66.2,68,68,1862,81,955,6,2.66,0
6504,Kloto,Plateaux,2023,145985,82.83,23,64,132,429,80.07,174,96,4761,72,1294,23,3.93,1
6505,Est-Mono,Plateaux,2023,164460,78.0,24,74,233,391,54.66,117,114,2362,100,137,18,2.7,1
6506,Dankpen,Kara,2020,184632,43.41,8,60,278,71,92.39,206,73,5197,85,351,26,2.69,1
6507,Anié,Plateaux,2021,177188,46.87,14,72,170,312,71.92,159,117,1255,103,640,32,4.05,1
6508,Bassar,Kara,2020,152038,81.84,14,15,219,562,77.01,211,67,1189,271,1363,2,3.37,0
6509,Golfe,Maritime,2021,1305681,48.67,8,47,295,373,96.85,138,86,1864,300,1700,48,2.92,1
6510,Kéran,Kara,2023,123138,56.26,7,68,40,238,64.55,285,61,488,238,686,72,4.6,1
6511,Danyi,Plateaux,2023,40240,61.73,9,99,167,382,92.96,155,50,5817,266,1215,61,4.45,1
6512,Agou,Plateaux,2021,85793,87.89,11,6,94,82,54.08,307,93,1860,107,1306,72,3.86,1
6513,Zio,Maritime,2020,500032,42.53,26,51,251,456,64.89,312,90,1571,255,1551,37,3.32,1
6514,Blitta,Centrale,2023,218753,71.36,7,35,183,190,53.37,138,20,1852,18,634,23,3.41,0
6515,Wawa,Plateaux,2023,101300,89.33,6,54,170,491,71.12,176,49,2663,201,1,67,4.43,0
6516,Tchaoudjo,Centrale,2022,240360,75.71,5,49,138,586,63.0,206,65,3331,129,524,19,4.2,0
6517,Agou,Plateaux,2022,85793,44.58,28,93,251,161,97.42,366,63,1862,168,630,43,3.54,1
6518,Doufelgou,Kara,2020,87588,56.44,8,98,279,485,67.26,211,120,4326,100,539,15,3.66,1
6519,Cinkassé,Savanes,2020,173987,89.11,22,31,176,100,69.75,169,27,5029,234,831,72,2.57,1
6520,Binah,Kara,2022,84739,43.28,13,43,105,431,59.72,65,32,4237,221,1245,75,4.08,1
6521,Ogou,Plateaux,2020,253467,67.72,10,38,199,583,74.86,298,77,2746,188,1618,3,4.61,0
6522,Binah,Kara,2021,84739,63.51,2,10,272,78,84.07,365,35,4909,26,572,27,4.23,1
6523,Vo,Maritime,2023,224411,64.47,13,77,175,241,52.56,394,88,1285,225,995,13,4.15,1
6524,Mô,Centrale,2022,52448,79.13,8,46,186,424,58.67,89,108,5602,214,385,12,4.39,1
6525,Mô,Centrale,2023,52448,69.78,26,56,218,185,86.06,85,34,4906,63,1271,37,2.74,1
6526,Agoè-Nyivé,Maritime,2022,882695,68.4,5,15,274,187,53.06,314,67,2793,98,1965,51,3.96,0
6527,Wawa,Plateaux,2020,101300,63.06,25,79,215,319,52.12,184,42,820,267,1591,40,3.36,0
6528,Anié,Plateaux,2022,177188,73.22,28,92,276,404,64.54,79,85,4065,176,1066,72,4.24,1
6529,Akébou,Plateaux,2023,73188,75.2,29,48,106,230,88.83,188,47,873,31,619,24,2.53,0
6530,Kloto,Plateaux,2021,145985,41.13,17,64,260,113,79.05,379,103,3463,57,375,54,4.54,1
6531,Anié,Plateaux,2021,177188,44.65,23,21,215,380,63.76,353,63,3083,48,1054,16,4.75,1
6532,Kozah,Kara,2022,283738,65.4,13,20,252,235,93.13,302,40,3804,55,1107,24,3.5,0
6533,Tandjoaré,Savanes,2023,35537,43.91,18,15,142,484,83.57,215,51,2335,150,1654,20,3.15,1
6534,Anié,Plateaux,2023,177188,41.42,22,17,67,438,90.65,228,70,1665,90,1374,65,2.7,1
6535,Yoto,Maritime,2021,174451,60.97,22,34,163,370,61.7,179,114,2118,179,1651,17,3.92,1
6536,Est-Mono,Plateaux,2022,164460,46.7,2,56,200,595,54.59,189,64,2439,32,1539,79,3.15,1
6537,Kozah,Kara,2020,283738,42.07,8,20,204,591,94.73,61,97,1666,111,1203,8,2.61,1
6538,Kpendjal-Ouest,Savanes,2020,120285,59.25,6,15,85,105,68.98,198,37,1578,261,1962,57,4.74,1
6539,Kloto,Plateaux,2020,145985,63.87,5,54,292,376,78.72,213,116,4375,89,1946,28,4.62,1
6540,Bassar,Kara,2023,152038,81.86,23,27,260,309,91.73,50,87,5932,202,57,13,4.75,1
6541,Tchamba,Centrale,2022,200585,50.12,18,12,28,113,83.12,239,97,4330,273,622,48,3.85,1
6542,Assoli,Kara,2023,66492,63.93,26,81,279,317,52.2,350,101,2151,50,1196,69,4.65,1
6543,Lacs,Maritime,2023,241207,89.98,17,69,218,206,52.8,90,74,2891,10,1237,65,4.28,0
6544,Danyi,Plateaux,2021,40240,83.19,6,39,138,118,94.66,173,74,4328,298,755,44,4.07,1
6545,Lacs,Maritime,2021,241207,48.28,11,17,221,144,75.96,204,115,3923,221,1328,1,3.94,1
6546,Wawa,Plateaux,2021,101300,75.32,13,58,250,358,63.6,235,81,5191,217,1580,8,2.52,1
6547,Amou,Plateaux,2020,110948,70.59,3,10,233,203,69.15,209,28,3292,221,1044,25,2.88,0
6548,Tône,Savanes,2022,388775,78.55,19,34,299,211,60.3,348,101,941,91,552,70,3.69,1
6549,Bas-Mono,Maritime,2022,95380,61.46,18,76,91,448,57.49,324,95,4998,102,443,69,3.68,1
6550,Sotouboua,Centrale,2021,141404,82.83,20,30,132,345,92.51,65,85,3219,268,504,39,3.76,1
6551,Sotouboua,Centrale,2021,141404,62.89,16,6,240,584,78.33,359,78,708,186,1792,45,3.11,0
6552,Vo,Maritime,2022,224411,86.8,29,42,264,451,66.57,150,114,5073,276,4,80,3.83,1
6553,Zio,Maritime,2021,500032,58.75,27,57,295,303,87.17,169,81,1757,245,1759,58,2.89,1
6554,Tchaoudjo,Centrale,2020,240360,75.8,23,31,84,151,68.66,210,22,225,284,1184,77,3.75,0
6555,Anié,Plateaux,2023,177188,77.11,6,64,50,212,88.6,237,119,3893,272,1967,32,4.1,1
6556,Zio,Maritime,2020,500032,90.9,14,82,174,347,94.07,272,63,2758,98,284,69,3.96,0
6557,Yoto,Maritime,2021,174451,60.08,18,70,69,420,92.95,175,56,4185,144,1758,21,3.9,1
6558,Sotouboua,Centrale,2021,141404,61.79,11,100,300,408,52.65,81,120,216,112,1895,38,2.93,1
6559,Tône,Savanes,2023,388775,63.91,5,51,184,345,53.83,160,63,3703,144,277,11,4.22,0
6560,Kpendjal-Ouest,Savanes,2023,120285,45.63,23,6,264,202,74.09,170,89,2615,227,1040,41,3.49,1
6561,Anié,Plateaux,2021,177188,80.28,25,24,234,523,83.3,363,78,4452,233,1335,50,4.77,1
6562,Oti-Sud,Savanes,2023,150806,84.23,5,72,205,332,80.61,277,20,2957,34,730,40,4.12,0
6563,Kloto,Plateaux,2021,145985,78.43,15,51,192,292,88.85,206,81,5863,201,1895,52,4.7,1
6564,Blitta,Centrale,2021,218753,68.01,19,63,258,472,86.8,333,102,652,160,178,50,3.21,1
6565,Amou,Plateaux,2020,110948,74.9,15,47,105,529,71.4,192,118,3239,264,1816,57,3.89,1
6566,Sotouboua,Centrale,2021,141404,42.42,4,33,155,74,55.05,228,52,2584,206,629,57,3.15,1
6567,Vo,Maritime,2023,224411,49.07,28,95,142,379,96.92,333,89,5368,232,1844,61,4.33,1
6568,Wawa,Plateaux,2020,101300,55.55,17,12,105,512,85.91,216,21,734,52,876,31,4.79,1
6569,Avé,Maritime,2022,111214,76.31,28,25,283,204,84.5,206,47,3211,99,1398,19,4.12,0
6570,Kpendjal,Savanes,2022,150806,60.02,22,41,165,172,75.7,275,84,1531,92,1202,26,3.08,1
6571,Tandjoaré,Savanes,2021,35537,44.27,3,43,99,306,97.34,218,26,1200,16,200,32,2.77,1
6572,Anié,Plateaux,2021,177188,87.98,6,52,47,57,54.1,98,99,4944,180,1118,3,2.71,1
6573,Moyen-Mono,Plateaux,2020,90505,70.3,14,43,184,565,89.76,304,85,1807,110,1892,71,3.45,1
6574,Oti-Sud,Savanes,2023,150806,55.69,18,56,25,198,80.39,292,73,2229,298,1243,47,4.43,1
6575,Tandjoaré,Savanes,2020,35537,44.05,26,6,21,452,75.79,201,36,3404,190,821,79,3.35,1
6576,Blitta,Centrale,2022,218753,75.17,21,49,261,52,52.8,181,35,5816,164,1006,10,3.84,1
6577,Kloto,Plateaux,2023,145985,60.29,4,19,135,537,86.03,64,73,2823,245,959,52,4.8,0
6578,Tchaoudjo,Centrale,2022,240360,46.33,26,78,77,600,74.42,182,48,1252,230,1761,33,4.47,1
6579,Moyen-Mono,Plateaux,2020,90505,80.9,24,22,217,153,77.45,359,48,3404,214,599,47,4.15,0
6580,Akébou,Plateaux,2023,73188,60.13,12,45,282,151,83.87,84,91,2792,151,1787,12,3.77,1
6581,Vo,Maritime,2020,224411,67.14,17,55,93,82,56.96,169,90,5948,52,1575,34,3.83,1
6582,Avé,Maritime,2021,111214,81.24,24,19,60,324,62.75,52,111,1731,18,1451,39,3.25,1
6583,Oti,Savanes,2021,123324,79.8,9,60,108,547,59.24,198,83,3221,67,249,74,4.8,1
6584,Kéran,Kara,2023,123138,64.24,4,59,78,473,74.89,229,68,4470,88,352,2,2.84,1
6585,Wawa,Plateaux,2022,101300,50.42,5,35,219,55,51.59,119,29,3113,164,337,28,4.47,1
6586,Tchamba,Centrale,2020,200585,70.16,28,42,171,163,83.04,191,108,5893,206,832,37,3.78,1
6587,Moyen-Mono,Plateaux,2023,90505,93.55,16,18,250,440,75.39,397,34,3238,131,1629,54,2.86,0
6588,Kozah,Kara,2020,283738,80.52,23,47,238,589,70.37,86,79,737,124,880,45,3.67,0
6589,Amou,Plateaux,2023,110948,53.17,3,22,137,192,68.27,297,28,2880,217,1876,37,3.58,1
6590,Cinkassé,Savanes,2021,173987,71.29,19,65,210,307,59.03,121,119,369,103,1621,65,4.29,1
6591,Kozah,Kara,2020,283738,44.22,8,82,51,442,54.47,146,89,1248,84,388,52,3.12,1
6592,Binah,Kara,2023,84739,81.81,29,69,182,58,53.17,391,61,1638,126,1045,48,3.92,0
6593,Tchamba,Centrale,2020,200585,43.89,15,38,210,360,91.76,263,89,5538,247,854,60,4.43,1
6594,Zio,Maritime,2021,500032,62.59,30,15,77,573,55.66,197,45,480,170,315,18,4.76,0
6595,Kloto,Plateaux,2022,145985,86.45,23,60,125,261,86.55,137,79,2739,246,1716,19,4.59,0
6596,Tandjoaré,Savanes,2023,35537,51.47,30,76,52,335,50.63,210,54,4007,183,1489,16,4.73,1
6597,Akébou,Plateaux,2023,73188,68.59,29,94,292,491,65.16,357,104,2829,114,1963,0,3.25,1
6598,Bas-Mono,Maritime,2022,95380,42.29,13,46,153,279,71.56,255,48,885,194,1340,3,3.17,1
6599,Zio,Maritime,2020,500032,57.48,18,17,133,53,81.82,256,110,4889,206,758,38,4.36,1
6600,Agoè-Nyivé,Maritime,2023,882695,84.36,26,26,69,146,77.47,364,38,4024,185,1016,47,4.28,1
6601,Kpendjal-Ouest,Savanes,2023,120285,42.04,5,72,298,411,72.52,169,83,3638,129,788,12,3.22,1
6602,Bas-Mono,Maritime,2023,95380,47.28,30,31,219,512,75.96,125,30,5351,142,717,14,2.75,1
6603,Danyi,Plateaux,2022,40240,55.05,24,46,251,69,58.93,372,63,1379,93,1051,70,3.27,1
6604,Avé,Maritime,2021,111214,40.54,13,84,272,548,88.06,210,87,3811,93,44,67,3.5,1
6605,Yoto,Maritime,2023,174451,93.04,13,70,238,485,81.61,146,64,2985,31,1253,44,3.49,0
6606,Kpendjal-Ouest,Savanes,2022,120285,42.68,30,51,217,579,85.57,225,29,228,240,1167,26,3.26,1
6607,Tandjoaré,Savanes,2022,35537,49.7,25,90,182,565,69.92,58,65,3527,260,1612,0,3.6,1
6608,Bas-Mono,Maritime,2023,95380,66.87,14,46,146,597,51.73,119,66,2963,290,1104,57,2.91,0
6609,Tandjoaré,Savanes,2022,35537,74.18,5,89,115,385,93.89,93,37,340,46,646,44,3.89,0
6610,Est-Mono,Plateaux,2020,164460,69.5,25,27,129,388,76.34,284,34,4990,142,193,45,2.73,1
6611,Wawa,Plateaux,2021,101300,81.17,19,78,198,131,56.83,286,109,547,248,231,44,3.14,1
6612,Cinkassé,Savanes,2023,173987,49.24,4,52,53,583,84.41,114,119,1852,195,848,4,3.04,1
6613,Akébou,Plateaux,2020,73188,66.9,2,24,145,466,64.35,327,58,1899,97,994,28,2.96,0
6614,Golfe,Maritime,2023,1305681,62.58,20,93,231,80,80.91,126,40,841,229,195,67,4.47,0
6615,Tchaoudjo,Centrale,2021,240360,62.73,5,37,123,482,59.59,235,68,4337,87,1679,12,3.15,1
6616,Kozah,Kara,2020,283738,77.13,16,18,112,338,94.84,222,45,2838,140,39,72,4.59,0
6617,Zio,Maritime,2022,500032,63.03,8,35,251,460,80.5,82,39,3405,200,1796,53,4.39,0
6618,Tandjoaré,Savanes,2023,35537,77.18,18,43,205,392,91.62,82,40,4130,253,1958,23,2.92,1
6619,Dankpen,Kara,2020,184632,61.61,26,45,266,531,61.43,383,63,1816,152,1598,33,4.14,0
6620,Akébou,Plateaux,2021,73188,78.58,13,68,57,54,85.91,56,81,5373,292,900,58,3.41,1
6621,Akébou,Plateaux,2022,73188,45.31,18,72,207,378,80.88,250,42,3582,169,302,17,3.14,1
6622,Cinkassé,Savanes,2022,173987,78.09,8,75,284,177,89.66,319,64,3795,189,1792,48,3.58,0
6623,Est-Mono,Plateaux,2022,164460,61.75,30,63,120,105,77.8,74,97,5049,132,1442,35,2.85,1
6624,Binah,Kara,2023,84739,81.78,7,17,47,162,82.29,330,77,5459,65,617,66,2.83,1
6625,Tchaoudjo,Centrale,2020,240360,85.97,14,90,99,444,90.52,53,34,233,151,349,3,4.55,0
6626,Kpélé,Plateaux,2020,81620,84.51,6,59,66,401,69.22,339,81,3662,141,762,53,2.64,1
6627,Haho,Plateaux,2020,305096,41.96,18,6,169,366,85.75,159,85,3307,263,970,62,3.44,1
6628,Kpendjal-Ouest,Savanes,2021,120285,47.98,2,82,35,70,76.92,344,44,3035,247,162,49,4.35,1
6629,Zio,Maritime,2021,500032,79.38,10,14,149,169,65.06,183,89,2251,12,185,35,3.15,1
6630,Doufelgou,Kara,2023,87588,80.56,27,89,74,71,55.07,193,120,1279,227,1873,23,2.69,1
6631,Akébou,Plateaux,2023,73188,86.17,24,54,48,116,79.88,359,37,3874,204,1343,31,3.9,0
6632,Kozah,Kara,2022,283738,71.67,30,68,33,154,51.98,117,88,3232,284,1508,50,2.58,1
6633,Wawa,Plateaux,2022,101300,88.98,22,41,149,116,51.83,126,85,4517,251,1890,11,3.46,1
6634,Golfe,Maritime,2023,1305681,52.66,5,99,150,566,73.78,64,33,5247,70,767,19,2.58,1
6635,Sotouboua,Centrale,2021,141404,44.4,21,22,286,565,90.25,343,59,4933,59,1160,70,3.02,1
6636,Akébou,Plateaux,2021,73188,59.16,3,82,36,542,97.88,292,71,2771,72,905,47,4.05,1
6637,Oti-Sud,Savanes,2022,150806,45.95,26,94,170,534,56.09,342,79,2673,182,630,42,2.76,1
6638,Avé,Maritime,2020,111214,73.4,7,61,75,533,79.21,67,86,1437,231,379,77,3.66,1
6639,Kéran,Kara,2020,123138,64.14,4,30,250,256,91.41,316,78,4178,97,1117,23,3.51,1
6640,Zio,Maritime,2022,500032,60.43,13,46,133,97,94.27,234,42,2717,279,457,9,3.6,0
6641,Vo,Maritime,2021,224411,40.42,13,86,89,140,60.85,104,83,3099,228,1005,24,2.56,1
6642,Blitta,Centrale,2021,218753,84.6,15,61,231,356,78.51,76,33,3338,153,1456,35,3.97,0
6643,Tandjoaré,Savanes,2020,35537,81.14,23,86,212,110,61.09,244,66,4566,252,141,10,4.03,1
6644,Tchamba,Centrale,2023,200585,70.17,23,94,68,484,92.97,259,87,3972,5,1744,5,3.01,1
6645,Oti,Savanes,2020,123324,91.73,29,57,64,78,53.24,50,80,951,253,1845,54,4.15,0
6646,Agou,Plateaux,2021,85793,40.92,17,60,219,531,94.66,305,94,2270,251,402,27,4.49,1
6647,Assoli,Kara,2020,66492,88.89,24,47,157,217,87.72,368,86,6000,146,1217,65,4.27,1
6648,Mô,Centrale,2020,52448,93.74,2,61,80,422,66.9,321,24,5103,216,1115,39,2.79,1
6649,Akébou,Plateaux,2023,73188,47.69,16,43,154,317,83.26,125,83,222,253,829,56,3.1,1
6650,Dankpen,Kara,2023,184632,79.59,27,30,135,183,54.07,327,87,735,93,1623,13,3.93,1
6651,Yoto,Maritime,2022,174451,75.26,22,64,32,443,72.97,266,116,975,118,1625,59,2.78,1
6652,Kéran,Kara,2023,123138,78.85,23,18,149,566,87.49,162,78,1588,288,975,48,4.41,0
6653,Danyi,Plateaux,2021,40240,57.24,24,62,163,236,93.59,111,28,2644,236,1592,58,3.18,1
6654,Oti-Sud,Savanes,2020,150806,58.68,8,29,207,101,55.81,134,105,4288,10,70,29,3.82,1
6655,Kpendjal,Savanes,2023,150806,54.81,3,16,265,561,87.35,225,66,1731,145,1653,72,4.1,1
6656,Oti-Sud,Savanes,2020,150806,57.45,3,18,45,580,73.96,64,84,924,138,1025,40,3.32,1
6657,Est-Mono,Plateaux,2023,164460,48.96,11,78,51,118,84.59,262,53,4367,2,1318,67,4.48,1
6658,Wawa,Plateaux,2021,101300,89.85,23,21,235,102,79.9,311,111,4834,16,1731,22,4.68,1
6659,Yoto,Maritime,2021,174451,44.82,25,23,235,570,63.92,159,22,2287,227,1009,79,2.91,1
6660,Oti-Sud,Savanes,2022,150806,65.28,27,14,299,259,86.89,209,79,4739,50,339,62,2.85,1
6661,Sotouboua,Centrale,2020,141404,45.59,23,24,37,353,57.01,93,35,1700,293,893,71,4.26,1
6662,Kloto,Plateaux,2021,145985,68.2,23,45,247,413,52.79,325,83,609,98,1161,24,3.97,1
6663,Doufelgou,Kara,2020,87588,47.68,6,9,142,343,73.26,126,106,1819,173,881,23,3.16,1
6664,Agoè-Nyivé,Maritime,2022,882695,69.82,13,40,240,580,65.13,50,79,3421,100,225,73,3.5,0
6665,Binah,Kara,2021,84739,62.23,12,39,274,193,63.84,216,119,3501,173,1342,40,4.77,1
6666,Assoli,Kara,2023,66492,59.72,16,17,52,241,62.67,266,32,3635,261,1552,73,3.69,1
6667,Tandjoaré,Savanes,2023,35537,40.03,29,75,252,586,69.81,151,52,2955,64,1787,72,3.18,1
6668,Tandjoaré,Savanes,2022,35537,76.76,17,79,152,162,59.55,322,115,1239,122,364,37,3.64,1
6669,Golfe,Maritime,2022,1305681,66.64,4,60,129,69,68.07,133,81,514,139,1534,14,2.7,1
6670,Mô,Centrale,2022,52448,56.53,25,59,163,297,59.43,66,99,1751,291,1291,26,3.7,1
6671,Bas-Mono,Maritime,2022,95380,45.07,8,28,79,297,83.48,185,25,2122,174,1886,53,2.99,1
6672,Tchamba,Centrale,2020,200585,64.44,3,89,57,106,60.84,350,25,4513,121,825,33,2.81,1
6673,Oti,Savanes,2023,123324,77.78,9,32,203,414,94.76,114,97,715,104,1807,54,3.36,1
6674,Kpendjal-Ouest,Savanes,2022,120285,78.69,5,22,223,191,89.55,229,36,461,61,603,42,2.7,0
6675,Vo,Maritime,2020,224411,79.07,20,28,106,195,80.15,248,62,5960,27,130,18,3.68,1
6676,Avé,Maritime,2023,111214,81.51,14,84,250,184,62.27,170,27,1252,175,785,52,2.65,0
6677,Binah,Kara,2023,84739,57.99,25,39,134,403,89.41,280,88,3450,124,1737,3,2.96,1
6678,Bassar,Kara,2023,152038,77.55,11,31,134,424,93.82,292,48,2821,270,236,70,3.87,0
6679,Blitta,Centrale,2023,218753,51.37,21,89,256,214,59.56,237,27,3760,281,361,73,3.31,1
6680,Oti-Sud,Savanes,2020,150806,67.77,23,67,32,397,81.85,201,92,2936,189,193,66,3.33,1
6681,Zio,Maritime,2023,500032,90.34,8,90,80,297,68.39,351,110,3357,45,1420,71,4.18,1
6682,Ogou,Plateaux,2020,253467,54.22,15,83,118,542,68.52,278,58,3740,268,1433,13,2.99,1
6683,Lacs,Maritime,2023,241207,85.51,8,32,35,358,74.8,218,108,2524,133,1495,66,4.03,1
6684,Kpendjal-Ouest,Savanes,2020,120285,87.73,17,33,207,205,71.64,184,40,2616,236,1824,17,3.65,0
6685,Haho,Plateaux,2021,305096,91.99,11,13,135,357,89.02,171,76,5319,137,1847,15,3.12,1
6686,Doufelgou,Kara,2023,87588,76.36,26,44,87,343,52.23,125,24,2183,73,239,51,3.29,0
6687,Bas-Mono,Maritime,2023,95380,42.72,5,94,219,311,70.95,104,28,2674,140,366,61,4.04,1
6688,Amou,Plateaux,2020,110948,43.69,26,10,108,455,74.65,369,29,1739,16,181,44,3.66,1
6689,Sotouboua,Centrale,2023,141404,74.67,15,80,81,447,58.3,238,91,4059,12,106,76,3.95,1
6690,Moyen-Mono,Plateaux,2023,90505,60.97,30,91,108,356,52.52,214,78,3457,105,704,17,4.26,0
6691,Haho,Plateaux,2023,305096,48.34,20,20,135,356,82.06,187,107,4343,255,416,69,2.5,1
6692,Doufelgou,Kara,2023,87588,89.65,21,15,285,433,64.73,54,108,2899,290,1031,15,3.47,1
6693,Wawa,Plateaux,2022,101300,59.07,17,59,273,551,56.56,185,103,2155,33,1688,62,3.37,1
6694,Agoè-Nyivé,Maritime,2023,882695,82.79,23,68,244,486,97.42,399,105,2923,85,1915,77,3.38,1
6695,Tchaoudjo,Centrale,2021,240360,80.06,29,50,247,59,81.72,252,118,636,162,1081,75,4.24,1
6696,Moyen-Mono,Plateaux,2023,90505,70.82,16,47,238,484,83.51,398,106,3448,260,292,7,3.99,1
6697,Dankpen,Kara,2022,184632,73.2,14,29,228,395,86.93,164,116,4265,13,368,79,3.74,1
6698,Tandjoaré,Savanes,2021,35537,87.88,4,96,199,245,64.21,76,61,3331,212,1624,38,4.03,0
6699,Kpendjal,Savanes,2022,150806,84.68,26,13,173,475,94.86,79,47,4654,45,1048,64,3.24,1
6700,Assoli,Kara,2020,66492,56.54,27,56,49,442,78.08,125,97,3664,98,1656,74,4.45,1
6701,Est-Mono,Plateaux,2022,164460,48.47,15,22,135,446,60.1,279,54,1338,274,334,13,3.34,1
6702,Assoli,Kara,2021,66492,61.96,12,50,44,185,50.46,334,65,4093,209,447,7,3.97,1
6703,Haho,Plateaux,2022,305096,76.95,13,11,145,317,94.06,65,64,289,123,1094,49,3.54,0
6704,Ogou,Plateaux,2021,253467,49.65,3,76,201,320,78.0,128,59,5440,169,1322,63,3.34,1
6705,Tône,Savanes,2020,388775,87.83,3,11,106,532,55.25,323,56,3032,279,1201,29,3.56,0
6706,Tchamba,Centrale,2020,200585,58.8,2,99,194,465,72.05,67,45,548,201,733,77,4.16,1
6707,Kéran,Kara,2022,123138,53.6,19,98,111,229,84.46,156,82,1834,179,1890,56,3.12,1
6708,Kloto,Plateaux,2022,145985,48.31,18,12,221,361,85.65,233,42,3728,157,1498,39,3.51,1
6709,Mô,Centrale,2020,52448,87.98,18,72,254,86,82.27,351,21,4402,31,919,60,3.45,1
6710,Agoè-Nyivé,Maritime,2023,882695,55.86,12,93,67,201,80.32,211,36,2115,120,622,42,3.74,1
6711,Avé,Maritime,2022,111214,76.04,3,80,140,412,89.16,307,26,4820,212,1939,69,3.03,1
6712,Tchaoudjo,Centrale,2022,240360,87.58,14,93,273,223,70.4,322,96,1455,27,673,56,4.37,1
6713,Oti-Sud,Savanes,2023,150806,61.75,3,35,247,270,58.22,350,33,4024,266,1538,48,3.57,1
6714,Tchaoudjo,Centrale,2020,240360,82.95,18,66,43,101,87.19,378,97,3483,286,666,35,4.1,1
6715,Agoè-Nyivé,Maritime,2022,882695,72.53,11,38,265,358,89.74,343,40,2520,182,499,17,4.73,0
6716,Vo,Maritime,2021,224411,54.7,25,72,87,238,83.62,270,78,2160,196,924,4,4.63,1
6717,Binah,Kara,2020,84739,80.07,15,47,151,460,88.05,178,41,5928,220,341,55,2.95,1
6718,Danyi,Plateaux,2023,40240,47.79,21,9,104,60,96.85,99,90,1088,65,453,48,4.77,1
6719,Haho,Plateaux,2020,305096,47.87,3,36,187,121,92.01,196,59,1840,81,1861,32,4.17,1
6720,Danyi,Plateaux,2020,40240,88.68,2,40,196,318,92.74,64,61,4188,271,1682,60,2.68,1
6721,Doufelgou,Kara,2020,87588,66.59,7,72,159,155,52.22,307,49,5541,5,9,39,3.78,1
6722,Ogou,Plateaux,2020,253467,82.41,17,67,145,287,59.57,335,35,2100,242,225,71,3.34,0
6723,Avé,Maritime,2021,111214,82.85,19,11,125,460,72.02,282,62,1177,122,1871,41,4.35,0
6724,Agou,Plateaux,2022,85793,71.07,8,59,163,269,70.08,117,63,5903,261,961,49,4.74,1
6725,Tchamba,Centrale,2021,200585,59.24,25,60,172,66,91.88,393,79,3783,189,109,49,4.15,1
6726,Akébou,Plateaux,2023,73188,71.83,7,67,288,69,91.19,400,31,4395,97,783,54,4.46,1
6727,Oti-Sud,Savanes,2022,150806,78.78,7,73,45,206,51.8,156,44,3342,12,434,63,2.86,0
6728,Bassar,Kara,2023,152038,84.26,26,72,227,325,68.2,358,26,4076,41,374,43,2.73,1
6729,Kpendjal,Savanes,2020,150806,80.02,24,16,129,592,95.9,366,69,3338,73,1545,70,4.28,0
6730,Tchamba,Centrale,2020,200585,44.44,14,27,143,417,63.83,364,101,308,53,1864,64,4.48,1
6731,Tandjoaré,Savanes,2022,35537,50.98,20,93,193,419,75.4,181,120,1334,71,797,21,4.4,1
6732,Kpendjal-Ouest,Savanes,2023,120285,66.76,9,58,115,92,88.51,303,80,4129,33,1883,73,4.25,1
6733,Anié,Plateaux,2021,177188,92.12,19,58,109,284,55.89,280,75,5075,119,359,44,3.69,1
6734,Haho,Plateaux,2022,305096,89.49,23,40,295,71,61.61,258,47,1220,43,1962,41,4.14,0
6735,Moyen-Mono,Plateaux,2021,90505,74.51,12,51,155,426,72.56,308,119,4325,38,1992,62,2.75,1
6736,Kpélé,Plateaux,2020,81620,72.42,21,71,27,135,53.78,293,38,5409,222,1355,60,4.1,1
6737,Agou,Plateaux,2022,85793,80.42,5,33,235,285,97.25,281,102,2503,196,117,79,2.66,1
6738,Kpendjal-Ouest,Savanes,2022,120285,61.23,4,23,134,514,68.11,301,32,861,78,1111,40,4.0,0
6739,Kéran,Kara,2020,123138,89.57,10,78,283,77,68.44,359,99,3389,260,1679,80,4.6,1
6740,Kozah,Kara,2022,283738,50.02,12,52,128,319,77.87,105,85,4374,235,839,38,3.22,1
6741,Blitta,Centrale,2022,218753,94.67,21,36,284,248,61.56,61,76,246,190,1112,64,4.69,0
6742,Ogou,Plateaux,2022,253467,86.65,3,94,272,369,83.49,108,89,936,114,1481,1,3.73,1
6743,Danyi,Plateaux,2023,40240,74.81,22,28,143,534,60.92,388,51,1505,194,1852,34,4.05,0
6744,Mô,Centrale,2023,52448,65.65,24,21,200,468,96.79,112,57,5834,37,537,7,3.63,1
6745,Wawa,Plateaux,2021,101300,85.72,5,16,119,546,78.24,197,83,3472,167,1154,32,3.97,1
6746,Doufelgou,Kara,2022,87588,70.91,29,49,220,320,63.9,262,66,1601,152,303,33,3.85,0
6747,Kéran,Kara,2022,123138,59.06,13,88,252,564,78.35,209,91,3117,50,1162,23,3.22,1
6748,Tchamba,Centrale,2022,200585,52.18,5,80,25,184,73.6,129,82,1654,78,637,46,4.33,1
6749,Kpendjal,Savanes,2023,150806,58.34,19,66,255,490,81.82,57,88,860,158,887,10,4.51,1
6750,Avé,Maritime,2020,111214,47.33,25,20,252,258,82.86,94,72,3032,166,328,0,2.93,1
6751,Mô,Centrale,2021,52448,63.92,26,69,199,552,64.05,78,98,2735,265,1256,29,3.87,1
6752,Bassar,Kara,2021,152038,77.76,3,59,176,470,93.67,317,115,3543,50,1461,34,4.4,1
6753,Akébou,Plateaux,2020,73188,65.49,3,48,174,487,75.28,394,117,3729,196,346,11,3.8,1
6754,Zio,Maritime,2020,500032,44.02,30,96,266,161,90.67,51,99,5043,188,318,10,3.26,1
6755,Doufelgou,Kara,2023,87588,64.42,19,83,290,410,81.37,213,108,4015,261,38,45,3.44,1
6756,Kpendjal-Ouest,Savanes,2021,120285,50.23,24,90,86,337,97.79,188,88,4254,275,1213,16,4.61,1
6757,Avé,Maritime,2021,111214,73.89,8,7,87,78,78.96,177,25,4053,61,1070,49,3.51,1
6758,Agoè-Nyivé,Maritime,2023,882695,80.78,14,18,277,572,91.1,173,116,1567,180,1378,69,3.56,1
6759,Akébou,Plateaux,2023,73188,53.48,5,39,43,89,60.57,181,66,4675,264,629,25,4.24,1
6760,Golfe,Maritime,2023,1305681,62.04,12,16,262,598,89.55,163,58,3108,162,1202,13,4.39,0
6761,Ogou,Plateaux,2023,253467,87.13,4,24,202,405,58.7,90,86,5350,274,870,73,4.7,1
6762,Kpélé,Plateaux,2022,81620,49.99,23,33,83,492,65.74,354,89,4381,156,970,68,4.11,1
6763,Lacs,Maritime,2020,241207,58.45,26,26,212,304,71.85,50,87,1417,168,191,72,4.2,1
6764,Amou,Plateaux,2023,110948,86.02,23,37,69,420,55.41,206,55,3854,146,1644,77,4.09,0
6765,Danyi,Plateaux,2020,40240,73.1,25,70,161,426,53.32,76,54,3294,162,1924,38,2.51,0
6766,Golfe,Maritime,2021,1305681,57.92,10,61,156,360,63.41,359,35,4553,194,1232,36,4.57,1
6767,Kpélé,Plateaux,2020,81620,70.04,6,77,177,62,58.96,130,98,2532,78,260,1,4.51,1
6768,Akébou,Plateaux,2020,73188,51.34,2,11,116,574,71.4,395,36,5183,71,299,41,3.94,1
6769,Kloto,Plateaux,2020,145985,87.49,9,41,53,589,82.19,148,84,3646,194,744,51,3.16,1
6770,Akébou,Plateaux,2021,73188,69.54,5,67,147,203,85.52,163,44,3291,113,685,28,2.82,0
6771,Bassar,Kara,2020,152038,69.63,5,91,162,366,78.24,361,38,3930,185,929,24,4.79,0
6772,Danyi,Plateaux,2020,40240,72.86,29,53,97,432,60.69,134,84,4081,257,1689,36,3.38,1
6773,Tandjoaré,Savanes,2023,35537,87.92,14,44,233,236,56.52,86,39,3152,284,654,80,4.16,0
6774,Kloto,Plateaux,2021,145985,63.75,9,26,81,215,56.35,91,49,4728,104,805,69,2.69,1
6775,Akébou,Plateaux,2020,73188,72.62,30,13,149,114,88.45,179,108,2273,111,1181,36,3.53,1
6776,Cinkassé,Savanes,2022,173987,58.78,24,57,214,298,92.04,112,22,2697,138,1735,5,3.81,1
6777,Ogou,Plateaux,2021,253467,57.77,27,6,65,212,55.34,98,102,259,170,764,73,4.79,1
6778,Kpélé,Plateaux,2023,81620,90.16,21,99,163,429,56.5,250,84,4776,48,246,34,4.19,1
6779,Agou,Plateaux,2020,85793,83.26,23,28,134,514,53.19,140,84,1170,52,1731,12,2.6,1
6780,Est-Mono,Plateaux,2021,164460,44.65,29,43,214,402,67.88,111,50,4797,248,1566,26,3.06,1
6781,Anié,Plateaux,2021,177188,48.98,16,41,22,531,52.12,196,103,3322,95,277,24,3.0,1
6782,Zio,Maritime,2021,500032,57.96,27,56,65,226,59.87,208,40,2516,172,171,1,3.97,1
6783,Assoli,Kara,2020,66492,51.55,3,55,182,274,65.43,132,70,1226,76,291,71,2.65,1
6784,Amou,Plateaux,2021,110948,68.61,11,58,22,102,92.26,207,102,3113,290,576,32,4.04,1
6785,Tchamba,Centrale,2020,200585,58.84,16,22,176,305,70.03,192,90,2558,282,358,10,4.32,1
6786,Lacs,Maritime,2022,241207,57.64,16,32,285,368,64.16,388,84,5622,77,794,60,3.26,1
6787,Yoto,Maritime,2023,174451,63.49,19,25,41,274,63.55,54,116,2048,43,594,23,4.66,1
6788,Kéran,Kara,2020,123138,82.79,11,78,283,401,57.45,166,92,3932,286,1564,8,2.77,1
6789,Kozah,Kara,2023,283738,43.68,13,71,109,519,60.15,236,37,2814,120,1256,61,4.2,1
6790,Mô,Centrale,2020,52448,60.69,17,26,235,469,91.87,326,75,3342,300,1264,52,3.69,0
6791,Moyen-Mono,Plateaux,2023,90505,82.08,17,56,171,123,85.77,119,112,1709,120,1394,67,2.68,1
6792,Dankpen,Kara,2020,184632,70.77,21,67,97,490,63.46,372,97,1276,190,1868,28,4.13,1
6793,Haho,Plateaux,2020,305096,85.76,15,91,153,554,58.54,397,73,3080,225,410,76,3.86,0
6794,Bassar,Kara,2021,152038,62.22,3,55,128,525,59.89,385,100,3251,34,1098,55,2.6,1
6795,Zio,Maritime,2022,500032,58.3,21,18,90,499,54.92,76,75,2339,111,1877,77,2.97,1
6796,Dankpen,Kara,2023,184632,66.27,12,20,177,345,88.2,208,45,1160,203,1681,23,3.96,0
6797,Agoè-Nyivé,Maritime,2022,882695,75.02,29,15,108,223,91.23,306,55,4370,35,501,30,2.64,1
6798,Binah,Kara,2020,84739,49.75,14,15,134,228,60.73,317,62,2370,112,1635,72,2.89,1
6799,Kéran,Kara,2020,123138,69.71,30,9,159,194,97.0,260,41,5422,192,1693,64,3.26,1
6800,Cinkassé,Savanes,2022,173987,66.32,2,26,250,150,56.31,55,98,270,271,525,31,4.27,1
6801,Doufelgou,Kara,2022,87588,94.13,2,84,169,433,90.49,283,29,2126,8,1732,19,3.78,0
6802,Zio,Maritime,2023,500032,92.7,7,10,279,553,92.35,343,80,2745,130,1765,6,2.79,0
6803,Kpendjal,Savanes,2021,150806,54.77,17,87,73,121,97.46,263,116,703,236,824,3,3.37,1
6804,Bassar,Kara,2022,152038,44.74,26,16,45,222,70.81,341,78,4389,197,377,39,3.12,1
6805,Kpendjal,Savanes,2023,150806,68.85,19,25,160,55,94.47,368,61,2414,41,313,41,4.4,0
6806,Blitta,Centrale,2020,218753,85.8,20,91,203,64,65.58,236,39,2029,172,1031,0,3.49,0
6807,Agoè-Nyivé,Maritime,2021,882695,61.4,26,37,216,491,60.34,256,58,1301,250,1916,64,3.48,0
6808,Assoli,Kara,2023,66492,72.1,12,38,99,319,51.36,246,25,2101,270,986,17,4.29,0
6809,Kpélé,Plateaux,2021,81620,67.63,3,90,171,117,58.81,341,20,2352,14,219,44,4.52,0
6810,Tône,Savanes,2023,388775,86.55,18,95,122,177,56.52,269,46,1940,60,1409,11,3.48,0
6811,Bas-Mono,Maritime,2021,95380,46.89,21,56,271,552,83.01,186,25,4058,146,247,39,4.78,1
6812,Oti-Sud,Savanes,2020,150806,89.99,29,99,282,536,62.51,342,66,5936,251,444,50,3.5,1
6813,Tandjoaré,Savanes,2021,35537,84.39,12,53,82,592,84.78,383,23,1082,296,1881,62,4.13,0
6814,Bas-Mono,Maritime,2021,95380,47.14,18,70,265,272,82.81,269,48,3454,282,1522,0,3.14,1
6815,Vo,Maritime,2022,224411,90.51,29,67,55,534,94.37,316,29,3146,86,122,46,4.39,0
6816,Danyi,Plateaux,2023,40240,58.79,10,43,251,266,83.75,53,49,2155,88,1464,28,3.08,1
6817,Danyi,Plateaux,2021,40240,46.2,13,62,116,572,86.64,97,48,2795,205,709,8,2.59,1
6818,Agou,Plateaux,2022,85793,83.97,13,66,242,125,56.87,265,25,1058,0,437,12,3.64,0
6819,Bassar,Kara,2022,152038,60.73,16,85,127,380,70.31,306,104,5496,144,1189,43,2.66,1
6820,Moyen-Mono,Plateaux,2020,90505,91.46,29,86,23,542,94.38,324,112,4530,249,1906,67,2.79,1
6821,Yoto,Maritime,2021,174451,47.96,13,78,176,493,72.09,353,74,3611,269,1428,38,3.33,1
6822,Kpendjal-Ouest,Savanes,2023,120285,81.27,3,29,41,374,92.43,378,63,3908,114,784,69,4.09,0
6823,Haho,Plateaux,2023,305096,81.12,14,39,300,56,90.45,231,104,5092,122,1491,29,3.87,1
6824,Est-Mono,Plateaux,2021,164460,80.8,3,90,40,295,89.42,341,99,2198,247,1613,62,2.9,1
6825,Anié,Plateaux,2022,177188,56.4,8,60,121,377,54.86,62,47,1982,255,411,77,3.3,1
6826,Assoli,Kara,2023,66492,43.08,9,94,134,454,95.12,225,63,1119,159,1934,22,4.52,1
6827,Oti,Savanes,2023,123324,94.5,20,57,120,590,51.85,182,98,3613,0,1693,25,3.59,1
6828,Kozah,Kara,2023,283738,51.31,11,20,290,278,94.66,217,111,2600,62,1516,9,3.01,1
6829,Vo,Maritime,2021,224411,76.64,9,46,103,542,58.62,214,83,1137,183,596,77,3.61,1
6830,Haho,Plateaux,2020,305096,54.99,5,48,60,433,86.98,165,58,4775,169,1129,59,3.83,1
6831,Haho,Plateaux,2023,305096,88.88,15,51,117,184,76.04,321,76,1224,281,1368,16,4.77,0
6832,Kozah,Kara,2022,283738,72.79,9,7,92,355,70.26,163,58,1491,91,1460,36,3.39,0
6833,Yoto,Maritime,2023,174451,85.93,24,99,177,368,94.97,136,74,5284,78,1296,61,3.8,1
6834,Tandjoaré,Savanes,2021,35537,93.08,21,44,205,397,73.64,327,35,2132,216,1487,75,2.89,0
6835,Cinkassé,Savanes,2023,173987,42.85,27,9,180,564,89.02,143,62,372,256,295,45,3.22,1
6836,Zio,Maritime,2020,500032,46.26,17,41,248,582,53.22,169,78,4803,230,799,22,4.38,1
6837,Kozah,Kara,2021,283738,91.15,17,93,168,94,86.38,157,36,2143,166,1662,57,4.25,0
6838,Oti-Sud,Savanes,2020,150806,93.54,9,15,58,266,87.6,62,59,683,135,1679,76,2.91,0
6839,Bas-Mono,Maritime,2022,95380,43.02,3,51,266,470,95.14,82,60,2052,165,1901,48,4.39,1
6840,Yoto,Maritime,2020,174451,52.99,22,52,210,266,64.89,77,105,5985,247,997,67,4.33,1
6841,Tandjoaré,Savanes,2021,35537,92.79,27,6,124,572,58.82,95,95,2960,218,939,30,3.07,1
6842,Kpélé,Plateaux,2021,81620,49.16,7,39,61,432,66.87,331,86,4770,126,1236,63,4.4,1
6843,Assoli,Kara,2023,66492,85.26,10,97,261,162,51.27,133,82,5892,18,1547,9,3.57,1
6844,Tchaoudjo,Centrale,2020,240360,82.31,17,29,219,463,67.78,320,55,4977,78,297,79,3.15,1
6845,Kéran,Kara,2021,123138,72.34,17,96,279,505,50.27,330,76,5035,277,155,43,2.51,1
6846,Tandjoaré,Savanes,2020,35537,70.22,5,35,216,136,65.26,227,119,2082,79,913,47,2.96,1
6847,Kpendjal-Ouest,Savanes,2023,120285,72.17,25,82,185,469,65.46,310,91,5741,45,601,16,3.26,1
6848,Binah,Kara,2023,84739,76.3,15,56,65,485,63.52,174,73,4689,85,1670,32,4.15,1
6849,Sotouboua,Centrale,2020,141404,67.85,7,55,52,57,77.98,104,97,3330,236,115,71,4.0,1
6850,Kozah,Kara,2022,283738,48.47,21,37,299,151,81.97,104,35,3916,250,428,28,2.7,1
6851,Assoli,Kara,2022,66492,56.54,6,34,34,152,54.92,219,41,5246,155,1611,29,2.65,1
6852,Wawa,Plateaux,2021,101300,84.09,14,19,174,413,87.01,158,28,749,145,1209,56,4.24,0
6853,Dankpen,Kara,2023,184632,94.3,5,92,249,312,61.01,66,36,1182,94,524,65,4.38,0
6854,Kpendjal,Savanes,2022,150806,69.48,9,12,166,450,96.17,124,23,5915,176,158,64,4.05,1
6855,Golfe,Maritime,2020,1305681,76.43,29,66,220,419,57.44,155,114,1987,54,1821,11,3.18,1
6856,Wawa,Plateaux,2020,101300,83.83,17,84,171,489,81.2,239,62,4802,262,760,38,3.19,1
6857,Binah,Kara,2021,84739,46.45,10,72,149,111,68.19,139,114,3993,83,441,51,3.63,1
6858,Est-Mono,Plateaux,2023,164460,82.87,27,51,33,483,59.27,332,114,5355,41,465,21,4.32,1
6859,Moyen-Mono,Plateaux,2022,90505,90.03,16,27,251,195,74.67,386,56,3630,201,1812,80,4.47,0
6860,Kpendjal,Savanes,2022,150806,77.61,14,50,184,483,72.13,204,31,2293,91,961,65,4.7,0
6861,Avé,Maritime,2021,111214,44.83,20,72,143,228,52.31,299,65,4445,203,1295,9,3.61,1
6862,Kpendjal,Savanes,2023,150806,52.92,29,86,23,509,94.0,144,27,253,230,970,13,4.31,1
6863,Sotouboua,Centrale,2022,141404,53.55,3,16,121,545,84.9,197,45,4329,236,784,56,4.58,1
6864,Oti-Sud,Savanes,2020,150806,88.93,7,47,120,269,62.71,388,36,2977,245,963,20,3.73,0
6865,Amou,Plateaux,2021,110948,86.13,20,75,50,288,65.46,290,24,4178,92,968,58,2.87,1
6866,Kpendjal,Savanes,2022,150806,87.02,10,13,57,554,53.11,279,109,1864,117,1955,52,3.52,1
6867,Golfe,Maritime,2021,1305681,50.39,2,20,92,339,86.57,186,110,2720,248,1067,59,4.59,1
6868,Agoè-Nyivé,Maritime,2022,882695,57.15,3,58,116,198,50.73,140,111,2305,300,20,8,4.43,1
6869,Tchamba,Centrale,2023,200585,80.54,24,55,289,400,97.04,230,98,4894,15,1673,48,3.68,1
6870,Cinkassé,Savanes,2020,173987,59.55,27,85,114,95,60.9,292,62,5418,255,1914,12,3.3,1
6871,Golfe,Maritime,2020,1305681,58.42,19,22,231,91,86.96,231,84,4300,289,746,48,3.47,1
6872,Moyen-Mono,Plateaux,2023,90505,74.2,9,76,232,200,73.32,388,118,3187,177,1823,62,2.97,1
6873,Cinkassé,Savanes,2021,173987,62.89,19,25,124,337,63.69,57,66,1620,251,776,57,3.68,0
6874,Cinkassé,Savanes,2023,173987,79.05,10,65,201,130,56.25,357,46,1014,136,1718,4,4.54,0
6875,Oti,Savanes,2023,123324,83.21,8,46,207,436,96.4,375,71,4959,105,1599,35,3.83,1
6876,Sotouboua,Centrale,2023,141404,82.84,23,38,139,349,53.12,216,27,415,67,2,32,4.43,0
6877,Tandjoaré,Savanes,2020,35537,69.2,19,53,196,206,67.91,172,73,2215,298,1201,33,3.4,0
6878,Zio,Maritime,2020,500032,85.76,12,80,178,134,59.26,330,110,3128,222,1572,20,3.38,1
6879,Amou,Plateaux,2022,110948,62.72,3,7,289,496,86.15,102,91,667,80,307,21,4.29,1
6880,Tchamba,Centrale,2020,200585,65.07,25,7,216,153,66.57,387,62,5360,292,191,79,3.29,1
6881,Kpendjal,Savanes,2023,150806,55.24,12,7,235,294,70.69,343,117,782,134,370,57,2.94,1
6882,Yoto,Maritime,2023,174451,73.7,4,87,72,502,73.71,400,59,1500,286,152,20,3.89,0
6883,Bas-Mono,Maritime,2021,95380,61.72,25,93,113,59,63.98,290,49,1908,209,351,62,3.45,0
6884,Moyen-Mono,Plateaux,2021,90505,43.54,17,22,228,587,67.95,311,107,1802,83,592,36,4.29,1
6885,Amou,Plateaux,2020,110948,87.08,23,54,133,218,51.4,215,87,3441,121,415,55,3.62,1
6886,Bas-Mono,Maritime,2020,95380,47.86,8,35,235,367,69.31,274,54,3580,278,402,5,2.9,1
6887,Oti,Savanes,2023,123324,48.8,2,85,122,577,55.53,53,109,5950,230,1903,10,2.93,1
6888,Anié,Plateaux,2021,177188,82.36,21,6,244,100,94.39,325,96,1369,203,203,58,4.07,1
6889,Oti-Sud,Savanes,2020,150806,88.44,10,15,33,267,67.81,190,95,3534,73,931,38,4.23,1
6890,Kozah,Kara,2021,283738,77.56,30,70,160,415,74.59,183,36,4449,132,462,50,3.29,1
6891,Oti-Sud,Savanes,2020,150806,53.17,28,19,273,173,65.79,156,76,3070,99,1087,63,4.5,1
6892,Bas-Mono,Maritime,2021,95380,44.08,15,39,249,483,79.34,140,106,2009,247,894,75,4.74,1
6893,Blitta,Centrale,2021,218753,90.42,18,64,63,95,55.28,220,42,2492,99,354,12,2.81,0
6894,Sotouboua,Centrale,2023,141404,79.11,21,54,117,359,57.84,259,92,861,40,1371,36,4.09,1
6895,Vo,Maritime,2020,224411,90.89,22,23,64,293,56.06,240,50,1073,71,1524,3,3.64,0
6896,Akébou,Plateaux,2023,73188,55.56,25,27,253,270,57.39,60,65,2306,145,211,16,2.51,1
6897,Akébou,Plateaux,2022,73188,48.92,19,88,287,165,65.89,96,47,2454,195,957,53,3.58,1
6898,Haho,Plateaux,2022,305096,66.33,4,74,76,409,64.45,186,29,2246,164,1197,78,4.7,0
6899,Anié,Plateaux,2022,177188,83.17,19,26,226,493,53.07,224,67,1691,251,136,11,4.35,0
6900,Est-Mono,Plateaux,2021,164460,52.06,24,90,246,360,61.91,160,99,5743,136,603,37,3.07,1
6901,Vo,Maritime,2022,224411,73.92,15,64,258,129,61.01,163,40,2136,262,1107,27,3.76,0
6902,Kpendjal,Savanes,2022,150806,87.0,2,43,247,57,78.46,111,79,2362,127,465,0,4.44,0
6903,Blitta,Centrale,2020,218753,80.77,26,7,247,390,84.01,332,99,3392,197,231,8,3.52,1
6904,Blitta,Centrale,2020,218753,41.38,14,20,180,328,88.23,161,109,1301,280,325,23,3.71,1
6905,Binah,Kara,2023,84739,84.12,16,28,145,346,56.6,83,88,1422,80,1177,63,2.77,1
6906,Amou,Plateaux,2021,110948,93.89,24,5,50,65,67.63,192,104,3975,191,661,30,3.52,1
6907,Cinkassé,Savanes,2021,173987,78.01,26,48,79,281,85.89,74,97,3953,290,1454,17,4.38,1
6908,Vo,Maritime,2023,224411,56.31,9,22,296,526,75.31,257,75,3750,264,201,35,4.06,1
6909,Avé,Maritime,2020,111214,93.68,25,5,237,211,91.31,288,90,3349,96,107,16,2.89,1
6910,Binah,Kara,2021,84739,43.84,10,62,226,402,92.43,71,43,498,10,1353,56,2.9,1
6911,Wawa,Plateaux,2021,101300,48.23,9,95,237,384,85.42,103,42,3686,31,1617,59,4.17,1
6912,Tchaoudjo,Centrale,2023,240360,59.27,29,79,84,435,91.41,307,94,3905,198,1517,21,4.36,1
6913,Kpélé,Plateaux,2020,81620,54.27,9,69,130,156,77.91,346,117,4049,242,1683,29,3.01,1
6914,Anié,Plateaux,2021,177188,59.65,16,95,62,57,83.27,128,46,3479,54,917,12,4.28,1
6915,Bas-Mono,Maritime,2020,95380,88.18,4,12,61,340,69.54,167,45,432,73,660,7,3.43,0
6916,Assoli,Kara,2020,66492,51.9,23,75,280,537,68.11,65,119,2464,219,1786,14,3.46,1
6917,Binah,Kara,2023,84739,93.44,4,71,216,437,92.45,366,119,579,140,613,41,3.95,1
6918,Anié,Plateaux,2021,177188,47.98,6,82,188,347,79.86,235,34,756,226,1099,55,3.06,1
6919,Blitta,Centrale,2023,218753,76.76,2,81,245,289,60.1,237,95,1585,41,198,56,4.13,1
6920,Lacs,Maritime,2021,241207,86.16,30,31,189,567,82.03,72,115,4232,179,1604,46,2.62,1
6921,Est-Mono,Plateaux,2022,164460,53.57,24,13,153,371,62.51,132,34,3541,263,1031,12,4.39,1
6922,Cinkassé,Savanes,2022,173987,78.37,15,95,123,245,90.54,216,44,4218,133,1905,45,3.65,1
6923,Bas-Mono,Maritime,2023,95380,68.65,21,94,175,237,75.03,384,98,5988,159,655,2,4.62,1
6924,Akébou,Plateaux,2020,73188,53.06,24,8,252,408,80.85,93,31,384,254,1094,78,4.18,1
6925,Tchamba,Centrale,2022,200585,67.43,27,41,139,244,73.28,370,46,4510,140,1084,53,3.41,1
6926,Wawa,Plateaux,2023,101300,52.36,27,27,24,570,77.19,346,100,4590,271,1930,63,3.79,1
6927,Danyi,Plateaux,2022,40240,54.06,2,33,190,416,86.31,81,89,1535,57,1370,36,3.87,1
6928,Zio,Maritime,2020,500032,46.42,3,95,71,444,67.26,164,107,1573,233,1625,22,4.63,1
6929,Kpélé,Plateaux,2022,81620,56.7,22,49,34,370,80.15,300,24,2573,206,1179,25,3.18,1
6930,Yoto,Maritime,2022,174451,54.9,20,47,234,368,55.61,240,46,3024,288,234,70,3.4,1
6931,Kloto,Plateaux,2020,145985,81.91,18,59,237,303,64.5,129,71,4105,3,491,36,4.54,1
6932,Akébou,Plateaux,2023,73188,77.07,24,44,226,475,77.13,352,87,4279,8,1241,18,4.55,1
6933,Agoè-Nyivé,Maritime,2022,882695,40.15,8,63,256,294,65.08,175,50,1500,218,480,30,4.63,1
6934,Zio,Maritime,2020,500032,83.33,11,37,213,316,72.31,224,54,5084,150,815,70,4.13,1
6935,Akébou,Plateaux,2023,73188,77.0,26,89,247,592,68.78,179,57,2558,142,1254,52,3.26,0
6936,Kpendjal-Ouest,Savanes,2023,120285,72.68,5,23,119,248,67.52,202,79,4370,30,256,20,2.69,1
6937,Lacs,Maritime,2021,241207,71.68,25,13,287,321,92.2,81,68,1058,219,75,39,2.9,0
6938,Sotouboua,Centrale,2020,141404,61.24,15,73,164,423,54.86,251,23,2667,257,1023,26,3.38,0
6939,Yoto,Maritime,2020,174451,55.76,25,81,145,382,54.13,80,58,2935,202,1582,3,3.86,1
6940,Tchaoudjo,Centrale,2023,240360,58.92,23,63,49,244,52.62,156,44,2785,160,1833,16,2.75,1
6941,Tchamba,Centrale,2022,200585,67.27,22,81,281,421,70.71,257,108,3612,64,1058,42,4.68,1
6942,Kozah,Kara,2020,283738,76.51,8,6,60,215,96.36,275,119,4314,81,285,51,4.58,1
6943,Akébou,Plateaux,2022,73188,83.26,2,29,90,391,94.15,174,65,3453,281,868,67,2.97,0
6944,Kloto,Plateaux,2022,145985,52.33,10,60,183,361,77.21,193,50,4620,273,758,54,4.52,1
6945,Anié,Plateaux,2023,177188,69.0,15,32,43,167,95.51,303,112,1475,241,1134,1,3.01,1
6946,Zio,Maritime,2020,500032,94.54,30,64,219,584,58.81,272,42,3749,76,1273,41,4.69,0
6947,Kéran,Kara,2022,123138,42.16,14,70,159,321,62.57,128,88,5901,194,95,78,4.78,1
6948,Kéran,Kara,2021,123138,57.3,24,18,146,211,72.88,229,44,3573,39,1138,38,3.89,1
6949,Dankpen,Kara,2023,184632,40.31,3,40,134,249,70.6,350,65,3874,230,963,52,3.36,1
6950,Kpendjal-Ouest,Savanes,2022,120285,60.04,21,7,62,203,58.56,285,53,4028,25,1543,40,4.7,1
6951,Bas-Mono,Maritime,2022,95380,62.81,12,9,134,142,56.51,130,99,4455,276,811,67,3.79,1
6952,Tône,Savanes,2023,388775,65.91,8,28,172,407,92.38,192,27,1468,220,1465,40,4.13,0
6953,Doufelgou,Kara,2022,87588,40.27,25,82,179,238,64.85,211,38,2060,284,1783,23,4.28,1
6954,Kpendjal,Savanes,2020,150806,41.37,28,89,300,70,92.07,213,75,5916,70,117,42,4.19,1
6955,Kpendjal,Savanes,2023,150806,62.29,5,27,34,264,86.72,343,87,4116,230,511,14,3.02,1
6956,Kéran,Kara,2021,123138,90.6,5,66,180,485,67.05,327,114,3985,81,1817,72,3.17,1
6957,Zio,Maritime,2021,500032,79.91,19,71,215,501,54.63,361,83,4317,211,1384,44,2.85,1
6958,Oti-Sud,Savanes,2023,150806,51.07,30,44,189,216,68.67,124,85,2855,276,1812,10,4.07,1
6959,Dankpen,Kara,2021,184632,77.81,28,100,21,407,68.35,400,62,5634,300,953,40,3.3,1
6960,Kéran,Kara,2022,123138,45.45,17,43,136,465,62.28,191,33,5240,256,1389,6,3.06,1
6961,Danyi,Plateaux,2021,40240,94.62,15,88,284,438,79.15,338,92,3774,232,486,16,4.01,1
6962,Wawa,Plateaux,2023,101300,73.91,29,83,109,535,69.06,393,27,2135,27,1235,19,2.51,0
6963,Lacs,Maritime,2022,241207,85.45,25,72,132,288,63.99,214,58,5562,62,586,10,3.04,1
6964,Akébou,Plateaux,2023,73188,65.56,29,32,204,417,82.44,175,78,4981,213,552,6,4.56,1
6965,Golfe,Maritime,2020,1305681,45.36,19,6,172,349,53.8,322,64,3541,48,23,1,4.03,1
6966,Ogou,Plateaux,2022,253467,86.36,5,60,263,492,94.04,300,112,5733,128,1457,70,3.05,1
6967,Kéran,Kara,2020,123138,89.12,22,62,294,70,61.07,169,85,1661,94,945,45,3.32,1
6968,Amou,Plateaux,2021,110948,41.25,29,5,185,305,89.21,260,106,5018,197,312,57,4.8,1
6969,Agoè-Nyivé,Maritime,2022,882695,79.75,27,80,131,493,76.75,279,116,5633,168,902,55,2.55,1
6970,Kloto,Plateaux,2023,145985,66.58,11,9,185,503,79.84,150,90,1519,137,1769,23,4.25,1
6971,Assoli,Kara,2022,66492,86.33,9,13,291,476,66.84,221,50,4642,149,1875,6,3.89,1
6972,Mô,Centrale,2022,52448,72.16,26,91,25,61,59.1,171,92,5732,174,1043,44,4.34,1
6973,Amou,Plateaux,2022,110948,66.64,20,74,237,135,62.43,162,27,3508,47,820,57,4.29,0
6974,Binah,Kara,2020,84739,73.31,21,50,143,137,95.25,109,119,4765,234,1887,78,3.85,1
6975,Kozah,Kara,2022,283738,87.45,2,99,192,404,69.34,187,29,4211,15,1190,53,3.08,1
6976,Kloto,Plateaux,2020,145985,50.29,25,94,39,122,87.31,254,117,928,210,577,42,2.76,1
6977,Doufelgou,Kara,2021,87588,65.58,12,73,133,332,97.75,230,35,1887,265,516,5,4.22,0
6978,Bas-Mono,Maritime,2023,95380,69.08,20,76,42,431,84.96,185,79,1421,107,1878,17,3.47,0
6979,Ogou,Plateaux,2023,253467,78.31,26,95,162,125,73.94,394,74,2421,117,886,69,4.24,0
6980,Kpélé,Plateaux,2021,81620,53.24,24,15,145,384,90.39,114,116,5152,41,1232,67,3.41,1
6981,Vo,Maritime,2021,224411,89.9,27,89,116,454,53.67,163,37,5086,216,1581,40,3.82,1
6982,Haho,Plateaux,2023,305096,76.05,13,35,88,426,85.6,107,51,5045,179,756,33,3.62,1
6983,Bassar,Kara,2020,152038,94.46,14,5,83,574,63.94,94,45,714,99,1071,0,3.21,0
6984,Kpélé,Plateaux,2020,81620,86.86,9,71,122,145,63.85,303,32,5264,40,1849,48,4.22,1
6985,Assoli,Kara,2020,66492,47.92,4,57,299,201,65.95,227,93,2393,96,1633,57,4.54,1
6986,Agoè-Nyivé,Maritime,2020,882695,90.95,18,40,47,347,51.38,196,98,5232,234,326,31,3.3,1
6987,Kloto,Plateaux,2023,145985,92.72,28,46,135,246,74.46,162,35,5671,185,1279,80,2.64,1
6988,Yoto,Maritime,2021,174451,50.69,11,54,156,69,55.69,381,47,3654,129,463,2,3.51,1
6989,Avé,Maritime,2022,111214,89.91,22,98,242,365,75.87,334,34,4494,30,768,64,2.57,1
6990,Kéran,Kara,2022,123138,90.21,22,7,147,324,55.35,253,61,473,251,772,39,3.52,0
6991,Binah,Kara,2021,84739,77.38,13,13,163,322,50.29,363,75,3352,236,1383,69,3.59,0
6992,Bas-Mono,Maritime,2021,95380,58.95,3,58,248,275,56.16,193,112,330,192,255,33,4.69,1
6993,Moyen-Mono,Plateaux,2020,90505,41.2,29,49,24,367,97.09,108,103,3205,37,684,70,2.52,1
6994,Kpendjal-Ouest,Savanes,2021,120285,45.48,24,21,33,184,82.38,76,101,4750,265,963,60,4.25,1
6995,Lacs,Maritime,2021,241207,61.75,19,8,217,356,57.41,325,53,5225,61,1250,22,3.78,1
6996,Kpendjal-Ouest,Savanes,2023,120285,57.24,3,53,103,247,83.46,131,102,5520,71,1038,65,3.86,1
6997,Est-Mono,Plateaux,2020,164460,89.18,28,21,128,286,82.65,325,63,2213,300,607,47,2.9,0
6998,Mô,Centrale,2021,52448,55.29,28,84,233,144,80.69,137,31,2064,268,169,13,2.95,1
6999,Oti,Savanes,2020,123324,82.12,8,24,102,505,50.98,377,24,3478,167,1711,13,2.81,0
7000,Tchamba,Centrale,2023,200585,54.2,2,73,255,257,78.36,270,50,5744,176,324,58,3.18,1
7001,Blitta,Centrale,2022,218753,53.45,8,52,193,557,69.31,97,45,5289,187,468,71,2.96,1
7002,Kpendjal-Ouest,Savanes,2022,120285,53.19,15,63,242,186,91.06,285,70,1005,12,1956,30,4.38,1
7003,Kloto,Plateaux,2020,145985,81.81,3,70,260,272,53.85,132,74,5968,155,65,44,2.89,1
7004,Yoto,Maritime,2023,174451,44.84,17,53,113,139,52.32,75,72,842,59,932,66,3.2,1
7005,Tchaoudjo,Centrale,2021,240360,62.88,2,40,37,433,52.64,107,64,253,44,1372,35,4.66,0
7006,Oti,Savanes,2021,123324,56.77,23,62,176,239,88.87,292,116,4577,186,738,63,4.21,1
7007,Mô,Centrale,2021,52448,66.77,3,54,247,222,57.34,391,84,2719,41,1360,40,2.55,1
7008,Vo,Maritime,2023,224411,47.51,2,7,98,249,83.56,165,96,624,150,1228,13,4.51,1
7009,Kpélé,Plateaux,2021,81620,57.66,5,44,173,419,65.22,214,69,4734,295,724,24,4.51,1
7010,Ogou,Plateaux,2022,253467,61.86,13,94,208,527,80.21,233,23,5387,130,1376,2,3.31,1
7011,Amou,Plateaux,2021,110948,57.07,18,80,258,170,50.96,110,55,609,228,1212,17,4.03,1
7012,Blitta,Centrale,2022,218753,62.65,18,7,203,463,96.74,178,28,1401,242,357,54,4.27,0
7013,Binah,Kara,2021,84739,85.52,8,12,86,442,62.26,63,85,3195,58,1759,36,2.75,1
7014,Ogou,Plateaux,2022,253467,51.92,16,43,57,91,77.77,148,39,219,241,1813,27,4.74,1
7015,Tandjoaré,Savanes,2020,35537,60.3,25,54,236,307,53.7,264,34,5428,223,1791,54,2.8,1
7016,Binah,Kara,2020,84739,63.2,5,52,259,322,92.29,129,62,616,287,1927,50,4.41,0
7017,Oti-Sud,Savanes,2020,150806,66.93,9,7,258,256,60.54,57,69,1449,82,1128,20,4.79,0
7018,Doufelgou,Kara,2020,87588,85.07,25,41,33,86,51.95,164,74,3429,11,1863,47,3.13,0
7019,Amou,Plateaux,2020,110948,55.51,15,31,127,362,50.64,395,90,624,74,429,70,3.86,1
7020,Haho,Plateaux,2021,305096,41.0,8,43,91,319,80.63,101,109,980,293,540,16,3.97,1
7021,Sotouboua,Centrale,2023,141404,79.03,30,98,142,324,93.34,339,54,4128,149,674,60,2.7,1
7022,Kloto,Plateaux,2020,145985,50.56,15,49,128,215,74.99,191,80,1151,121,1602,78,3.82,1
7023,Zio,Maritime,2021,500032,94.74,12,84,36,146,50.04,236,74,3358,107,1538,62,4.57,0
7024,Bas-Mono,Maritime,2022,95380,71.04,9,52,30,359,65.88,263,74,4412,171,115,11,2.55,1
7025,Tandjoaré,Savanes,2020,35537,75.01,3,91,40,573,97.79,325,30,3943,79,101,57,3.82,0
7026,Blitta,Centrale,2021,218753,78.51,23,28,100,550,80.9,51,35,4435,184,1749,8,4.13,1
7027,Mô,Centrale,2020,52448,48.72,12,17,187,125,68.47,114,61,3562,288,1755,56,2.87,1
7028,Est-Mono,Plateaux,2023,164460,40.43,9,67,138,321,59.22,103,100,1728,51,231,33,4.43,1
7029,Akébou,Plateaux,2020,73188,77.03,15,28,108,176,93.96,206,63,4717,160,945,9,4.06,1
7030,Dankpen,Kara,2023,184632,66.58,21,33,293,171,62.57,339,35,3116,260,1533,2,3.61,0
7031,Kozah,Kara,2021,283738,52.88,6,54,237,111,93.5,285,46,1577,170,976,58,3.89,1
7032,Kozah,Kara,2020,283738,86.19,28,44,206,494,91.88,228,53,2458,154,1516,18,4.6,0
7033,Blitta,Centrale,2023,218753,94.16,18,50,206,507,56.9,298,49,3769,44,1059,9,3.58,0
7034,Assoli,Kara,2020,66492,73.45,7,12,50,135,56.17,360,98,2753,38,1550,15,2.68,1
7035,Tchaoudjo,Centrale,2020,240360,73.92,25,87,77,280,62.89,201,89,2253,111,1006,2,4.43,1
7036,Kloto,Plateaux,2020,145985,89.38,14,84,222,493,56.42,335,118,5258,157,1430,62,4.19,1
7037,Anié,Plateaux,2021,177188,65.38,2,8,247,247,96.95,333,43,3492,188,1021,77,2.57,0
7038,Kpélé,Plateaux,2023,81620,59.62,28,27,39,205,74.24,241,39,568,163,1293,17,4.26,1
7039,Avé,Maritime,2020,111214,44.96,26,5,26,473,80.63,123,94,2929,124,1468,75,2.82,1
7040,Oti,Savanes,2021,123324,57.21,14,23,45,455,95.06,305,36,827,283,40,75,3.96,1
7041,Kpendjal,Savanes,2020,150806,80.71,9,32,289,168,73.53,347,30,2211,148,1827,41,3.12,0
7042,Tchamba,Centrale,2021,200585,80.31,22,60,274,323,93.97,383,37,3496,127,457,13,3.83,0
7043,Lacs,Maritime,2020,241207,69.13,4,62,64,225,80.44,220,66,4472,157,1379,16,3.45,1
7044,Oti,Savanes,2020,123324,76.36,11,27,30,174,84.98,368,63,5621,259,270,44,3.56,1
7045,Kozah,Kara,2023,283738,76.55,26,20,195,208,59.31,361,36,4363,3,353,41,4.6,1
7046,Haho,Plateaux,2021,305096,76.55,20,22,122,271,80.26,398,60,1759,228,1909,71,3.13,0
7047,Bassar,Kara,2022,152038,61.55,25,91,170,158,66.48,83,65,2194,189,161,61,4.33,0
7048,Kéran,Kara,2020,123138,74.15,14,68,250,508,63.87,307,62,2492,285,1187,62,2.88,0
7049,Dankpen,Kara,2023,184632,63.77,12,47,300,541,81.16,340,70,1537,89,609,64,3.15,0
7050,Avé,Maritime,2020,111214,45.71,4,88,155,402,87.14,54,71,4511,103,1017,63,2.9,1
7051,Amou,Plateaux,2021,110948,88.21,3,73,96,456,52.74,277,90,5938,269,1568,70,2.99,1
7052,Anié,Plateaux,2023,177188,44.46,21,54,84,446,79.81,187,114,4637,280,1347,33,2.66,1
7053,Est-Mono,Plateaux,2021,164460,62.0,7,88,229,181,74.27,262,73,4806,124,1778,72,3.82,1
7054,Ogou,Plateaux,2020,253467,65.52,9,16,59,214,94.73,204,44,1981,102,366,52,3.7,0
7055,Kpendjal,Savanes,2023,150806,82.99,8,37,48,591,67.99,395,51,3021,86,1613,20,2.57,0
7056,Assoli,Kara,2023,66492,82.06,25,71,33,66,75.16,353,44,1405,9,1699,12,4.03,0
7057,Wawa,Plateaux,2023,101300,75.88,18,29,274,235,96.23,311,67,3795,165,70,6,4.2,0
7058,Avé,Maritime,2020,111214,87.07,10,10,211,398,58.05,351,21,5901,62,609,20,3.79,1
7059,Dankpen,Kara,2023,184632,54.61,2,72,54,490,84.66,144,92,3070,71,157,19,4.05,1
7060,Kpélé,Plateaux,2022,81620,76.93,19,53,273,265,82.24,223,55,441,145,1257,10,3.37,0
7061,Binah,Kara,2020,84739,54.58,4,5,69,563,52.46,135,80,1133,197,999,13,2.51,1
7062,Doufelgou,Kara,2021,87588,71.1,15,10,273,145,58.32,74,35,1998,82,1863,17,2.79,0
7063,Kpendjal,Savanes,2022,150806,69.13,12,22,90,77,96.62,214,55,248,281,687,28,3.08,0
7064,Amou,Plateaux,2021,110948,55.91,25,71,30,372,73.33,240,39,5583,292,520,66,3.39,1
7065,Cinkassé,Savanes,2023,173987,80.06,11,63,289,244,60.86,187,107,4407,128,751,20,4.2,1
7066,Danyi,Plateaux,2022,40240,92.85,22,93,227,257,92.33,218,53,285,161,277,80,3.21,0
7067,Binah,Kara,2021,84739,85.78,10,60,106,190,63.83,100,88,2177,167,815,77,3.89,1
7068,Tchamba,Centrale,2020,200585,42.53,6,7,69,530,87.39,283,41,2816,145,551,33,3.29,1
7069,Zio,Maritime,2021,500032,49.18,11,39,165,213,97.11,64,47,3377,40,583,57,4.65,1
7070,Binah,Kara,2021,84739,77.75,3,5,27,163,95.18,97,54,1704,47,379,27,2.78,0
7071,Wawa,Plateaux,2022,101300,94.96,17,93,238,356,81.58,209,45,1277,256,1805,22,2.85,0
7072,Tchaoudjo,Centrale,2021,240360,91.8,10,58,220,487,81.86,267,103,2982,286,1052,32,3.55,1
7073,Kloto,Plateaux,2021,145985,67.55,2,18,87,304,59.25,292,88,789,293,375,77,3.9,1
7074,Akébou,Plateaux,2022,73188,67.58,14,34,256,537,64.65,144,79,5894,294,260,34,3.34,1
7075,Bassar,Kara,2023,152038,70.57,26,13,268,258,72.71,360,54,2899,121,523,73,4.59,0
7076,Haho,Plateaux,2020,305096,75.02,29,48,28,152,50.61,68,63,5687,107,1611,54,2.83,1
7077,Est-Mono,Plateaux,2022,164460,73.17,29,88,25,302,84.56,54,69,452,196,587,27,2.71,0
7078,Est-Mono,Plateaux,2020,164460,93.3,17,74,178,135,66.82,138,43,1477,168,1778,76,4.41,0
7079,Oti-Sud,Savanes,2023,150806,61.41,13,17,172,197,63.97,162,67,4740,277,1386,41,4.22,1
7080,Amou,Plateaux,2020,110948,71.26,19,16,236,357,80.77,189,99,1326,297,1243,17,3.24,1
7081,Kpendjal-Ouest,Savanes,2023,120285,71.61,3,34,187,542,54.51,203,72,3675,199,1074,38,2.94,0
7082,Kpendjal,Savanes,2020,150806,62.62,10,12,248,410,52.82,184,31,5169,291,1568,18,4.56,1
7083,Kpélé,Plateaux,2022,81620,64.62,17,75,266,340,71.77,247,96,919,187,1319,58,2.59,1
7084,Wawa,Plateaux,2021,101300,93.36,23,57,35,462,64.12,55,34,4345,53,1138,65,3.63,1
7085,Tchaoudjo,Centrale,2022,240360,63.79,15,22,85,323,69.56,100,95,3688,23,1526,70,4.18,1
7086,Est-Mono,Plateaux,2023,164460,64.49,2,64,210,576,60.99,399,69,4467,87,1527,50,3.31,1
7087,Haho,Plateaux,2020,305096,74.05,20,34,96,320,80.03,154,73,638,287,1728,36,4.18,0
7088,Bassar,Kara,2023,152038,65.0,18,25,55,595,77.3,136,48,5239,286,1750,54,3.79,1
7089,Yoto,Maritime,2023,174451,91.08,21,63,236,416,76.97,271,88,2445,143,1605,67,3.44,1
7090,Haho,Plateaux,2023,305096,78.18,9,71,222,294,51.45,238,105,569,299,80,4,3.75,1
7091,Oti,Savanes,2020,123324,73.95,21,18,113,539,81.61,324,57,2654,56,538,68,3.79,0
7092,Mô,Centrale,2021,52448,64.2,28,10,240,100,90.52,367,57,5260,126,1114,24,4.25,1
7093,Akébou,Plateaux,2022,73188,58.94,13,14,70,216,89.41,234,26,2422,9,717,20,4.71,1
7094,Tchaoudjo,Centrale,2021,240360,66.51,10,21,44,378,85.32,147,57,5723,27,707,39,3.36,1
7095,Tandjoaré,Savanes,2021,35537,40.18,21,97,84,365,72.31,147,86,2844,23,1429,53,4.68,1
7096,Kpélé,Plateaux,2022,81620,46.41,19,41,168,549,70.03,295,109,5820,152,1622,24,4.48,1
7097,Tchamba,Centrale,2023,200585,67.46,25,20,149,211,58.6,251,113,1750,252,1894,40,3.9,1
7098,Agou,Plateaux,2023,85793,40.55,13,45,135,585,59.08,270,31,1623,117,1588,31,4.33,1
7099,Sotouboua,Centrale,2021,141404,63.4,25,52,272,69,91.78,107,29,4588,207,1361,1,3.73,1
7100,Est-Mono,Plateaux,2021,164460,88.59,2,50,45,256,58.66,141,90,2462,232,645,46,3.5,1
7101,Binah,Kara,2023,84739,84.83,13,49,177,321,51.76,90,116,1390,262,1236,36,3.96,1
7102,Amou,Plateaux,2020,110948,42.81,6,77,226,239,93.96,166,26,4125,11,1372,12,4.2,1
7103,Oti-Sud,Savanes,2021,150806,90.41,22,68,214,452,94.68,294,25,1250,120,1961,51,4.78,0
7104,Cinkassé,Savanes,2020,173987,86.77,16,74,298,266,78.34,82,61,2220,207,199,38,2.74,0
7105,Haho,Plateaux,2022,305096,40.89,16,28,150,206,91.03,371,45,341,122,1217,0,4.35,1
7106,Kpendjal,Savanes,2023,150806,40.02,27,20,217,355,72.03,71,63,1134,115,29,26,4.03,1
7107,Tône,Savanes,2021,388775,52.45,25,14,224,126,75.04,174,93,2894,231,404,38,2.59,1
7108,Wawa,Plateaux,2022,101300,84.51,12,43,169,64,53.51,300,81,4543,208,472,12,3.47,1
7109,Golfe,Maritime,2020,1305681,86.1,13,64,196,490,54.24,151,42,3645,282,1888,41,3.82,0
7110,Kpendjal,Savanes,2022,150806,80.15,28,88,53,64,85.29,179,76,5848,202,636,70,4.01,1
7111,Vo,Maritime,2021,224411,72.06,16,96,32,144,93.69,52,105,2101,206,541,23,3.42,1
7112,Agoè-Nyivé,Maritime,2023,882695,68.39,13,21,142,150,69.72,241,47,3948,129,1404,31,4.3,0
7113,Assoli,Kara,2020,66492,40.96,4,66,141,119,58.72,376,99,458,25,1669,61,3.59,1
7114,Danyi,Plateaux,2022,40240,57.57,28,62,116,592,68.34,342,79,2035,146,443,32,4.36,1
7115,Kpélé,Plateaux,2022,81620,92.35,2,10,69,187,86.07,134,71,4047,14,723,55,4.3,1
7116,Tchaoudjo,Centrale,2022,240360,90.08,8,68,85,472,96.2,186,32,4903,224,1296,61,4.27,1
7117,Bas-Mono,Maritime,2021,95380,63.11,12,36,67,530,92.34,368,72,4768,258,1943,47,4.06,1
7118,Kpendjal-Ouest,Savanes,2021,120285,50.98,9,36,70,307,56.75,331,73,1477,91,435,31,3.35,1
7119,Binah,Kara,2021,84739,54.67,27,14,157,326,61.28,185,35,2073,88,1524,68,2.76,1
7120,Anié,Plateaux,2022,177188,50.91,15,29,231,210,82.23,305,20,802,18,852,1,2.77,1
7121,Haho,Plateaux,2020,305096,52.71,30,66,77,77,59.01,359,79,5300,29,62,39,3.5,1
7122,Mô,Centrale,2021,52448,41.35,20,26,294,115,63.23,153,58,5053,127,1171,37,3.99,1
7123,Oti,Savanes,2022,123324,74.12,6,93,243,430,93.8,378,73,5763,144,1806,21,4.58,1
7124,Wawa,Plateaux,2020,101300,89.55,22,38,44,330,81.53,176,54,5344,143,541,70,2.97,1
7125,Doufelgou,Kara,2023,87588,70.79,23,60,130,153,68.97,87,88,4090,184,610,42,3.44,1
7126,Assoli,Kara,2020,66492,71.26,27,50,135,79,87.65,90,84,4828,16,617,8,3.48,1
7127,Tandjoaré,Savanes,2022,35537,80.63,4,45,104,432,59.38,261,53,1703,131,110,24,2.56,0
7128,Mô,Centrale,2021,52448,51.39,14,100,133,184,70.14,143,73,254,153,880,27,3.64,1
7129,Dankpen,Kara,2022,184632,55.05,2,86,243,426,52.14,246,86,2674,220,533,79,3.48,1
7130,Amou,Plateaux,2022,110948,81.73,29,47,52,251,82.96,218,29,4580,177,43,57,3.37,1
7131,Tchamba,Centrale,2023,200585,48.81,17,48,109,456,75.94,92,53,5053,137,1944,19,3.83,1
7132,Kéran,Kara,2023,123138,52.37,6,85,29,448,60.62,238,81,2778,169,952,27,3.27,1
7133,Dankpen,Kara,2023,184632,50.69,2,49,36,472,60.29,390,21,2846,244,699,80,2.89,1
7134,Oti-Sud,Savanes,2023,150806,53.23,8,36,226,130,87.35,197,80,1856,257,468,69,2.76,1
7135,Sotouboua,Centrale,2021,141404,66.8,27,37,269,206,86.69,350,72,1645,159,872,70,3.33,0
7136,Agoè-Nyivé,Maritime,2021,882695,92.13,20,72,128,221,55.38,52,70,4199,191,350,54,4.43,1
7137,Vo,Maritime,2022,224411,67.76,16,62,67,145,52.64,284,33,1206,100,1369,23,2.56,0
7138,Agoè-Nyivé,Maritime,2023,882695,56.22,14,50,265,466,54.91,357,64,337,202,832,33,3.84,1
7139,Kpendjal-Ouest,Savanes,2022,120285,86.84,14,88,158,223,72.26,372,56,3672,28,1965,60,3.2,0
7140,Avé,Maritime,2022,111214,75.84,30,41,34,316,74.56,130,108,4627,8,1542,7,3.55,1
7141,Kpendjal-Ouest,Savanes,2021,120285,88.78,8,11,97,109,79.82,164,67,3828,10,1145,69,3.48,0
7142,Moyen-Mono,Plateaux,2020,90505,50.7,7,26,218,398,93.73,111,75,3624,192,404,58,3.56,1
7143,Tône,Savanes,2023,388775,91.55,30,32,205,415,51.78,373,84,2568,121,1650,51,3.93,1
7144,Binah,Kara,2020,84739,91.43,25,62,166,129,85.71,259,69,2709,66,1239,70,2.87,0
7145,Oti-Sud,Savanes,2022,150806,51.09,11,72,222,401,83.9,90,48,5032,212,1253,52,3.52,1
7146,Yoto,Maritime,2021,174451,89.92,29,41,299,308,63.71,177,94,4233,78,533,74,4.14,1
7147,Blitta,Centrale,2021,218753,41.35,2,48,241,349,64.21,155,50,425,129,1555,52,4.23,1
7148,Oti,Savanes,2021,123324,61.53,9,68,167,572,94.32,233,102,5483,200,440,54,4.61,1
7149,Blitta,Centrale,2023,218753,71.2,16,74,238,371,83.47,242,85,2301,164,1052,9,3.28,1
7150,Bassar,Kara,2020,152038,40.64,25,64,175,574,68.02,400,48,509,155,1345,36,4.3,1
7151,Avé,Maritime,2022,111214,92.67,5,6,124,549,82.62,144,96,5442,53,1927,1,4.16,1
7152,Amou,Plateaux,2021,110948,44.44,17,57,126,112,56.4,264,64,1648,43,1771,5,4.26,1
7153,Blitta,Centrale,2023,218753,89.33,4,51,107,491,92.5,156,42,1039,233,659,69,4.47,0
7154,Oti-Sud,Savanes,2022,150806,56.79,8,76,200,156,75.08,395,75,2110,65,1726,18,2.56,1
7155,Kozah,Kara,2023,283738,77.66,20,92,45,464,52.76,257,85,1628,245,588,23,2.69,1
7156,Wawa,Plateaux,2021,101300,49.47,20,73,285,464,78.0,145,43,5897,215,1745,63,2.69,1
7157,Golfe,Maritime,2022,1305681,89.92,26,18,213,484,64.31,397,53,5274,32,536,5,4.14,1
7158,Est-Mono,Plateaux,2021,164460,70.14,6,38,254,50,69.55,86,114,365,55,53,44,4.79,1
7159,Ogou,Plateaux,2023,253467,46.94,21,10,27,282,85.29,272,52,3022,41,1912,53,3.71,1
7160,Tône,Savanes,2021,388775,89.03,13,65,204,579,85.99,63,68,3020,176,378,73,3.91,0
7161,Assoli,Kara,2023,66492,56.81,19,41,194,73,56.74,83,21,1092,84,58,52,3.73,1
7162,Cinkassé,Savanes,2020,173987,89.85,8,7,279,541,56.81,328,115,2566,160,60,32,4.01,1
7163,Kéran,Kara,2020,123138,59.84,24,19,235,485,94.54,171,50,1071,149,472,63,3.49,1
7164,Agou,Plateaux,2023,85793,60.16,17,11,214,448,68.55,177,114,2510,230,28,18,4.69,1
7165,Danyi,Plateaux,2023,40240,58.27,21,26,159,242,51.07,179,87,1311,239,119,52,2.54,1
7166,Sotouboua,Centrale,2022,141404,54.87,4,44,65,594,74.56,196,111,1932,167,1052,48,3.59,1
7167,Tchaoudjo,Centrale,2023,240360,54.25,26,9,290,518,81.63,219,65,4735,62,299,25,4.21,1
7168,Bassar,Kara,2023,152038,76.47,21,78,219,506,97.99,281,69,3024,148,946,36,3.03,0
7169,Akébou,Plateaux,2022,73188,86.18,6,75,72,472,70.08,82,89,4317,220,586,49,4.53,1
7170,Cinkassé,Savanes,2021,173987,74.64,2,89,51,515,92.96,197,115,5065,72,1264,59,4.3,1
7171,Blitta,Centrale,2020,218753,84.05,19,29,70,494,51.14,326,114,4285,30,650,40,2.94,1
7172,Avé,Maritime,2022,111214,44.37,7,92,99,163,52.5,163,75,3162,53,1464,63,2.72,1
7173,Zio,Maritime,2020,500032,69.54,10,19,140,345,90.75,303,60,1320,291,1439,4,3.19,0
7174,Haho,Plateaux,2020,305096,48.29,27,29,77,191,56.25,50,113,2309,76,1299,37,3.26,1
7175,Amou,Plateaux,2020,110948,84.35,30,58,219,213,76.91,164,46,4482,190,1002,64,4.42,1
7176,Golfe,Maritime,2020,1305681,69.74,14,15,198,78,66.11,279,26,3973,295,1855,77,3.16,0
7177,Oti,Savanes,2021,123324,73.63,15,23,187,443,61.93,299,24,4198,18,1478,8,3.03,1
7178,Vo,Maritime,2021,224411,68.37,3,53,200,497,97.82,360,110,3146,17,327,72,3.18,1
7179,Kpendjal-Ouest,Savanes,2020,120285,76.22,24,5,85,153,64.85,335,25,1771,184,1078,20,4.48,0
7180,Oti,Savanes,2022,123324,73.76,30,55,274,160,58.59,90,43,4379,173,525,58,3.62,1
7181,Oti-Sud,Savanes,2023,150806,55.77,16,99,73,60,97.71,284,92,4088,260,525,74,2.84,1
7182,Kloto,Plateaux,2023,145985,53.34,24,88,278,370,81.09,126,56,2341,70,1346,47,3.64,1
7183,Est-Mono,Plateaux,2021,164460,44.12,5,56,255,562,56.81,279,20,1462,87,209,3,4.56,1
7184,Tchaoudjo,Centrale,2020,240360,74.9,12,44,188,80,52.27,127,96,3159,42,484,4,3.95,1
7185,Bas-Mono,Maritime,2021,95380,63.63,8,7,298,229,97.18,393,35,2701,162,119,30,2.68,0
7186,Tchaoudjo,Centrale,2022,240360,65.2,4,27,110,111,73.15,303,64,5203,187,118,47,3.38,1
7187,Tchaoudjo,Centrale,2022,240360,52.4,22,33,201,317,55.77,337,76,2604,251,1138,58,3.05,1
7188,Haho,Plateaux,2022,305096,71.92,5,50,47,271,94.68,255,111,2636,182,743,40,3.49,1
7189,Agou,Plateaux,2023,85793,79.91,6,36,82,289,89.15,251,96,3040,289,567,37,4.16,1
7190,Tandjoaré,Savanes,2020,35537,91.98,3,72,233,535,92.61,119,99,3160,166,606,7,2.92,1
7191,Kloto,Plateaux,2020,145985,58.47,18,93,222,407,79.86,82,54,4443,212,1665,64,2.96,1
7192,Blitta,Centrale,2022,218753,66.59,18,15,170,384,59.34,330,78,1539,293,1487,43,2.63,0
7193,Zio,Maritime,2022,500032,85.21,12,93,43,556,66.36,315,42,2006,112,98,37,4.28,0
7194,Agoè-Nyivé,Maritime,2020,882695,53.47,4,21,110,540,84.94,339,96,5942,13,912,48,3.43,1
7195,Kpélé,Plateaux,2020,81620,41.23,28,100,198,443,53.49,100,68,4907,234,1915,24,3.64,1
7196,Amou,Plateaux,2021,110948,94.35,17,12,72,259,59.22,114,22,1672,271,4,24,3.22,0
7197,Kloto,Plateaux,2022,145985,52.29,16,68,230,329,55.09,179,107,1305,27,609,77,4.02,1
7198,Kéran,Kara,2020,123138,63.56,21,75,52,232,75.85,156,85,3917,221,1032,51,4.13,1
7199,Sotouboua,Centrale,2022,141404,92.9,25,42,244,461,58.44,213,77,4621,152,1903,47,4.13,1
7200,Danyi,Plateaux,2020,40240,53.39,23,33,261,119,73.81,272,117,5004,193,1655,19,2.92,1
7201,Blitta,Centrale,2023,218753,51.45,8,56,242,512,89.48,378,89,3060,160,820,72,3.93,1
7202,Agoè-Nyivé,Maritime,2020,882695,48.12,27,41,198,334,70.7,328,48,3172,6,312,9,2.68,1
7203,Tchamba,Centrale,2022,200585,67.78,5,72,77,370,60.19,380,86,4187,138,1576,62,4.37,1
7204,Avé,Maritime,2021,111214,73.7,22,71,213,526,74.58,279,109,4877,171,1671,39,3.07,1
7205,Assoli,Kara,2021,66492,85.99,22,90,39,247,71.38,285,86,4151,164,353,31,3.93,1
7206,Yoto,Maritime,2021,174451,81.7,5,20,146,457,71.81,308,56,2543,214,1275,41,4.47,0
7207,Avé,Maritime,2021,111214,65.6,26,54,57,543,68.92,209,97,3991,190,170,28,3.81,1
7208,Doufelgou,Kara,2020,87588,91.49,16,97,162,115,52.75,352,105,1435,129,343,77,3.15,1
7209,Haho,Plateaux,2021,305096,66.93,17,59,253,300,53.86,73,107,4225,143,1546,35,3.62,1
7210,Tandjoaré,Savanes,2023,35537,66.49,17,92,192,597,74.79,254,39,2214,20,298,59,3.67,0
7211,Tchamba,Centrale,2022,200585,62.08,11,21,217,256,77.01,255,36,697,257,99,78,2.85,0
7212,Assoli,Kara,2020,66492,46.57,15,72,192,508,67.14,338,47,3243,30,1714,5,2.56,1
7213,Cinkassé,Savanes,2023,173987,71.09,18,9,282,104,52.16,85,32,2381,150,838,22,2.91,0
7214,Kpélé,Plateaux,2020,81620,47.37,21,36,62,150,60.62,154,91,3109,99,1977,12,4.72,1
7215,Tandjoaré,Savanes,2023,35537,56.06,21,87,81,476,91.67,381,40,5897,98,1247,42,4.62,1
7216,Vo,Maritime,2020,224411,55.45,22,72,181,581,74.87,392,107,4362,78,50,76,3.36,1
7217,Wawa,Plateaux,2020,101300,48.65,9,84,34,272,80.4,204,105,359,78,763,70,3.01,1
7218,Blitta,Centrale,2023,218753,89.71,4,62,52,194,81.66,365,63,1434,292,351,76,3.4,0
7219,Danyi,Plateaux,2023,40240,69.17,14,92,188,75,61.43,242,60,228,212,1958,49,2.84,0
7220,Anié,Plateaux,2021,177188,49.14,20,50,264,576,85.18,80,53,3013,206,498,31,4.62,1
7221,Tchamba,Centrale,2020,200585,63.27,19,52,211,121,65.96,394,30,3549,6,364,52,4.52,0
7222,Assoli,Kara,2020,66492,45.53,24,66,72,548,81.81,319,112,790,170,1590,49,3.24,1
7223,Sotouboua,Centrale,2022,141404,70.61,22,67,217,397,88.57,112,52,3935,54,341,25,3.15,0
7224,Ogou,Plateaux,2021,253467,75.63,30,86,153,428,77.93,234,22,2004,106,771,70,2.76,0
7225,Tône,Savanes,2022,388775,67.04,11,90,27,206,60.34,79,110,1295,242,25,58,2.53,1
7226,Cinkassé,Savanes,2020,173987,65.33,19,29,114,523,62.44,67,38,5244,103,1612,17,4.14,1
7227,Kloto,Plateaux,2022,145985,85.03,13,20,298,563,82.01,223,71,348,83,695,20,3.82,0
7228,Kpélé,Plateaux,2023,81620,42.77,25,56,65,185,84.64,206,52,5965,242,1278,51,3.4,1
7229,Lacs,Maritime,2022,241207,92.89,12,55,234,567,87.64,262,77,918,192,241,24,3.29,0
7230,Kpendjal,Savanes,2022,150806,44.69,4,53,68,598,63.34,391,44,2217,167,1925,48,2.59,1
7231,Avé,Maritime,2023,111214,67.58,23,45,221,257,96.31,331,61,2535,61,978,25,2.7,0
7232,Moyen-Mono,Plateaux,2023,90505,58.78,29,18,107,379,93.28,309,64,679,240,767,55,4.37,1
7233,Golfe,Maritime,2023,1305681,92.13,25,65,89,94,51.81,363,66,4066,167,1066,33,4.28,1
7234,Tandjoaré,Savanes,2022,35537,85.16,13,77,200,90,78.3,175,26,2196,281,378,62,4.02,0
7235,Dankpen,Kara,2022,184632,40.99,14,100,189,380,50.12,305,68,5257,84,1069,59,3.42,1
7236,Kpendjal-Ouest,Savanes,2021,120285,82.67,15,84,187,532,55.74,264,50,5051,138,1610,60,3.8,1
7237,Bas-Mono,Maritime,2022,95380,90.53,12,35,263,549,84.36,264,36,4519,93,347,18,3.05,1
7238,Zio,Maritime,2020,500032,58.83,2,66,225,331,79.52,209,66,4533,66,1520,55,3.12,1
7239,Vo,Maritime,2021,224411,41.15,30,8,239,172,64.59,78,113,1065,142,1833,79,4.27,1
7240,Cinkassé,Savanes,2020,173987,51.26,2,40,39,232,52.08,259,96,4165,17,967,31,3.26,1
7241,Zio,Maritime,2023,500032,67.59,12,74,92,391,84.45,144,59,1183,96,406,37,4.07,0
7242,Danyi,Plateaux,2023,40240,91.86,8,8,248,169,83.12,110,66,5121,126,181,58,3.86,1
7243,Danyi,Plateaux,2021,40240,52.53,18,27,195,475,93.29,259,29,2406,80,1824,1,3.78,1
7244,Mô,Centrale,2023,52448,79.39,30,26,245,522,95.42,380,65,3717,189,148,9,4.21,0
7245,Tchamba,Centrale,2020,200585,84.05,29,55,117,462,80.5,282,47,4518,240,926,77,4.48,1
7246,Kpélé,Plateaux,2020,81620,52.99,28,27,52,592,59.88,366,84,5284,13,1401,0,3.15,1
7247,Oti-Sud,Savanes,2022,150806,56.68,20,62,255,302,69.02,238,73,4467,299,839,9,4.15,1
7248,Agoè-Nyivé,Maritime,2021,882695,81.17,23,91,260,373,76.21,371,97,4005,47,945,19,3.75,1
7249,Avé,Maritime,2023,111214,87.84,28,91,65,337,85.21,212,58,3772,111,782,72,4.46,0
7250,Mô,Centrale,2023,52448,63.09,22,47,26,327,71.44,54,52,1502,123,858,65,3.56,0
7251,Est-Mono,Plateaux,2020,164460,49.73,18,80,213,344,55.25,372,34,2169,231,1384,58,2.99,1
7252,Tchamba,Centrale,2022,200585,70.7,20,56,124,50,62.18,132,42,5045,154,40,52,2.79,1
7253,Wawa,Plateaux,2022,101300,78.87,22,100,22,190,77.49,251,22,2275,110,947,14,4.62,0
7254,Tchamba,Centrale,2020,200585,82.8,20,9,75,349,69.02,365,59,3589,57,1107,60,4.45,0
7255,Amou,Plateaux,2020,110948,79.48,7,19,144,577,81.18,109,80,4665,166,932,26,4.66,1
7256,Avé,Maritime,2022,111214,74.8,12,8,169,533,56.35,97,74,5588,228,1860,62,3.83,1
7257,Cinkassé,Savanes,2022,173987,46.0,12,20,296,162,66.91,387,92,3491,264,506,28,3.99,1
7258,Mô,Centrale,2020,52448,86.77,17,38,20,199,78.11,264,71,4942,274,267,53,3.15,1
7259,Lacs,Maritime,2023,241207,87.74,11,54,213,110,85.67,230,26,2138,153,1869,48,3.05,0
7260,Kloto,Plateaux,2021,145985,59.67,20,100,68,99,78.54,51,92,3096,101,1170,12,4.71,1
7261,Vo,Maritime,2022,224411,92.67,26,71,67,235,91.27,56,112,4892,72,41,54,2.77,1
7262,Dankpen,Kara,2021,184632,90.36,6,70,33,172,74.75,377,30,4254,188,546,45,4.21,1
7263,Bassar,Kara,2023,152038,62.05,16,23,233,515,51.25,207,113,3724,107,1904,15,2.93,1
7264,Dankpen,Kara,2020,184632,60.71,24,50,238,170,60.2,327,32,2775,237,1235,62,4.5,0
7265,Cinkassé,Savanes,2023,173987,88.01,20,76,170,559,55.07,166,58,5536,200,786,38,2.97,1
7266,Tône,Savanes,2020,388775,54.47,3,90,290,571,72.37,143,114,1329,113,1733,58,3.07,1
7267,Blitta,Centrale,2021,218753,79.65,30,9,180,369,94.96,143,24,2264,242,1511,24,4.4,0
7268,Blitta,Centrale,2023,218753,50.67,15,7,122,390,59.56,294,108,3624,146,667,43,2.83,1
7269,Danyi,Plateaux,2023,40240,71.53,14,42,72,108,91.08,264,66,3460,10,1468,11,3.35,0
7270,Lacs,Maritime,2021,241207,50.25,14,63,109,456,54.88,241,42,1230,157,1464,50,3.27,1
7271,Blitta,Centrale,2023,218753,69.14,30,80,245,570,51.97,281,74,3917,219,1807,62,3.09,0
7272,Sotouboua,Centrale,2021,141404,75.59,16,32,98,405,84.87,137,56,699,85,896,36,3.08,0
7273,Kpendjal-Ouest,Savanes,2020,120285,52.67,29,52,260,557,54.21,206,38,3534,131,1397,70,3.71,1
7274,Lacs,Maritime,2022,241207,41.66,9,56,41,62,77.49,299,64,1359,180,1005,22,4.56,1
7275,Amou,Plateaux,2020,110948,53.06,24,38,212,166,89.07,78,89,1639,153,1171,72,4.58,1
7276,Wawa,Plateaux,2023,101300,40.04,20,45,207,280,96.29,162,108,4476,266,1555,1,4.31,1
7277,Ogou,Plateaux,2022,253467,53.97,16,85,75,146,95.94,261,66,2820,57,146,20,4.76,1
7278,Kpendjal-Ouest,Savanes,2022,120285,55.76,17,92,246,495,92.11,101,25,3885,166,227,39,3.51,1
7279,Vo,Maritime,2023,224411,76.6,3,70,52,209,91.8,153,60,555,251,1378,34,3.02,0
7280,Kéran,Kara,2023,123138,80.54,17,51,145,85,71.76,82,22,1678,114,275,21,2.56,0
7281,Est-Mono,Plateaux,2020,164460,56.5,6,97,119,554,52.95,188,57,538,166,1918,9,3.62,1
7282,Danyi,Plateaux,2020,40240,41.17,9,25,104,466,84.39,174,35,5295,280,786,61,4.63,1
7283,Danyi,Plateaux,2023,40240,92.06,19,84,150,359,96.49,170,41,3327,298,1826,39,4.08,0
7284,Kpendjal,Savanes,2022,150806,61.97,8,56,47,269,57.28,398,102,749,269,1966,55,2.73,1
7285,Golfe,Maritime,2022,1305681,61.7,22,95,149,260,93.65,384,71,5600,294,18,7,3.64,1
7286,Bas-Mono,Maritime,2020,95380,46.27,18,99,105,181,68.56,178,113,5737,296,866,67,3.67,1
7287,Mô,Centrale,2022,52448,88.23,19,90,267,289,54.91,375,106,5822,137,627,36,4.53,1
7288,Danyi,Plateaux,2020,40240,89.03,5,14,194,443,65.8,161,54,5178,217,1891,46,3.72,1
7289,Doufelgou,Kara,2022,87588,86.57,24,67,186,480,74.51,378,94,2529,254,437,37,3.4,1
7290,Anié,Plateaux,2020,177188,45.32,23,60,44,125,60.6,281,46,3006,189,1349,65,3.81,1
7291,Tandjoaré,Savanes,2022,35537,61.63,9,54,185,119,85.54,126,113,5049,173,1727,17,3.27,1
7292,Ogou,Plateaux,2021,253467,84.8,14,6,298,59,66.48,223,42,1203,142,743,10,4.5,0
7293,Cinkassé,Savanes,2021,173987,68.55,22,75,288,114,60.46,220,62,4138,211,477,62,4.38,1
7294,Oti,Savanes,2021,123324,47.7,19,44,53,112,61.57,204,113,998,4,1009,38,4.07,1
7295,Yoto,Maritime,2022,174451,70.13,18,57,88,192,60.56,238,101,2808,34,1322,42,4.26,1
7296,Oti,Savanes,2020,123324,90.92,25,36,199,111,93.73,249,60,2961,247,27,32,3.5,0
7297,Avé,Maritime,2021,111214,91.79,21,67,62,190,73.39,221,62,2959,169,383,66,4.03,0
7298,Haho,Plateaux,2020,305096,65.99,28,85,24,101,67.29,185,85,4078,103,927,38,3.94,1
7299,Agou,Plateaux,2023,85793,81.35,28,39,145,207,50.57,225,89,2085,182,477,25,2.75,1
7300,Tchamba,Centrale,2020,200585,91.77,17,53,142,145,55.07,235,29,899,66,1190,34,3.16,0
7301,Moyen-Mono,Plateaux,2022,90505,82.26,8,34,56,320,92.29,385,84,508,99,1173,55,3.63,1
7302,Mô,Centrale,2020,52448,83.39,15,54,238,437,95.86,309,43,765,188,1041,31,3.39,0
7303,Haho,Plateaux,2020,305096,43.45,17,34,210,164,83.54,90,28,3617,173,259,46,4.08,1
7304,Amou,Plateaux,2020,110948,61.52,18,55,193,343,86.78,336,69,641,227,1056,26,4.26,0
7305,Wawa,Plateaux,2021,101300,43.02,21,8,130,553,53.67,166,60,1741,223,1442,38,4.19,1
7306,Amou,Plateaux,2022,110948,55.21,5,22,74,244,51.19,132,59,775,96,1901,42,4.15,1
7307,Agou,Plateaux,2022,85793,71.34,26,42,266,586,56.8,232,36,3777,213,1869,28,2.51,0
7308,Kpendjal,Savanes,2023,150806,70.09,27,83,54,522,74.77,222,36,3390,166,1115,0,2.52,0
7309,Kpélé,Plateaux,2022,81620,93.2,13,27,133,414,51.45,346,30,1781,5,688,4,2.53,0
7310,Haho,Plateaux,2023,305096,50.98,5,50,259,513,81.59,315,29,3628,261,59,28,4.55,1
7311,Doufelgou,Kara,2020,87588,92.28,27,79,222,274,89.27,117,62,2446,79,385,31,4.18,0
7312,Kpendjal-Ouest,Savanes,2022,120285,55.61,24,50,278,145,95.94,239,78,4630,274,162,9,4.68,1
7313,Avé,Maritime,2022,111214,56.49,19,53,135,444,78.83,391,50,1476,102,860,63,4.0,1
7314,Vo,Maritime,2020,224411,63.61,30,51,142,87,97.0,99,21,4982,152,16,0,3.25,1
7315,Lacs,Maritime,2022,241207,40.84,22,92,139,197,56.91,61,68,1204,102,1476,36,2.65,1
7316,Doufelgou,Kara,2021,87588,82.24,7,33,64,142,71.77,195,97,4852,190,1928,11,2.95,1
7317,Blitta,Centrale,2020,218753,79.47,8,89,256,222,51.78,141,110,631,63,88,4,4.06,1
7318,Kpélé,Plateaux,2020,81620,58.87,11,23,185,131,85.67,235,39,5025,64,1872,46,3.31,1
7319,Mô,Centrale,2022,52448,61.54,26,18,23,557,62.35,113,55,1147,95,1466,0,4.31,0
7320,Danyi,Plateaux,2020,40240,84.89,2,23,79,546,64.52,104,72,4821,214,1319,40,4.58,1
7321,Anié,Plateaux,2023,177188,82.69,2,61,274,78,60.99,283,92,4429,289,636,44,3.16,1
7322,Kéran,Kara,2023,123138,86.29,30,94,289,113,61.52,382,118,3343,283,1291,6,3.7,1
7323,Binah,Kara,2021,84739,76.68,19,44,276,255,90.68,321,119,1451,113,590,49,3.57,1
7324,Binah,Kara,2023,84739,92.11,7,74,126,302,83.12,81,109,857,282,672,63,4.26,1
7325,Avé,Maritime,2022,111214,64.45,2,79,42,485,57.31,154,38,909,5,203,53,2.53,0
7326,Bas-Mono,Maritime,2022,95380,59.78,12,34,84,72,93.86,364,49,3796,250,1777,19,4.51,1
7327,Haho,Plateaux,2023,305096,60.25,9,50,148,280,82.36,357,86,5912,186,881,64,3.47,1
7328,Kpendjal-Ouest,Savanes,2021,120285,89.35,27,71,217,304,71.98,60,90,5306,188,29,25,4.17,1
7329,Yoto,Maritime,2020,174451,63.93,25,37,148,600,63.9,54,42,2760,218,1925,30,4.01,0
7330,Cinkassé,Savanes,2020,173987,88.34,28,93,253,580,51.34,136,99,4966,122,1320,5,4.73,1
7331,Amou,Plateaux,2021,110948,41.99,10,63,272,249,87.49,378,71,4566,161,612,46,2.52,1
7332,Blitta,Centrale,2020,218753,92.07,28,38,230,147,90.48,121,120,2582,128,224,16,3.56,1
7333,Cinkassé,Savanes,2021,173987,54.17,21,42,157,527,65.8,341,108,5932,170,66,50,3.12,1
7334,Bassar,Kara,2021,152038,64.73,3,80,158,553,56.99,194,72,2196,155,619,53,4.02,0
7335,Haho,Plateaux,2022,305096,53.17,13,71,122,139,54.96,165,27,3638,223,487,3,2.85,1
7336,Akébou,Plateaux,2022,73188,77.55,26,89,282,388,59.59,165,47,2594,187,123,65,3.14,0
7337,Tandjoaré,Savanes,2021,35537,63.11,13,86,127,450,83.6,200,47,2105,226,904,66,3.87,0
7338,Tchaoudjo,Centrale,2021,240360,68.85,11,7,75,234,63.43,143,114,542,181,418,44,3.55,1
7339,Est-Mono,Plateaux,2022,164460,44.09,27,33,61,113,50.26,311,74,4311,67,1239,72,3.2,1
7340,Wawa,Plateaux,2021,101300,40.8,24,34,218,194,69.12,207,107,3903,203,543,39,3.94,1
7341,Ogou,Plateaux,2020,253467,49.62,11,28,289,371,87.16,136,21,5800,170,220,64,4.76,1
7342,Akébou,Plateaux,2021,73188,76.58,8,46,227,240,83.5,242,47,616,203,133,41,3.0,0
7343,Doufelgou,Kara,2022,87588,60.25,7,14,105,423,55.87,389,32,4180,171,314,4,3.94,1
7344,Haho,Plateaux,2022,305096,51.78,26,94,35,183,93.26,365,57,4036,177,1141,43,3.97,1
7345,Bassar,Kara,2022,152038,93.41,18,95,187,402,90.68,306,108,1052,148,429,43,2.76,1
7346,Doufelgou,Kara,2022,87588,93.72,26,17,249,113,73.49,98,115,4954,120,376,75,4.63,1
7347,Haho,Plateaux,2023,305096,55.92,14,40,267,511,59.29,265,60,1478,123,1814,19,2.87,1
7348,Kpélé,Plateaux,2022,81620,56.67,27,6,82,597,77.66,387,110,4641,282,956,60,2.52,1
7349,Kpendjal-Ouest,Savanes,2023,120285,53.9,23,67,273,376,55.16,303,42,3648,178,904,72,3.23,1
7350,Anié,Plateaux,2023,177188,93.64,30,42,180,470,83.7,134,117,3066,16,1401,8,3.6,1
7351,Binah,Kara,2021,84739,49.47,13,54,148,163,53.46,235,71,5119,293,1722,69,3.61,1
7352,Bas-Mono,Maritime,2023,95380,85.4,23,83,296,251,51.02,297,88,4297,20,638,38,3.05,1
7353,Danyi,Plateaux,2023,40240,67.07,12,69,186,62,51.01,340,59,3781,267,520,52,4.01,0
7354,Agou,Plateaux,2023,85793,50.44,14,15,29,487,62.71,120,23,2652,21,1972,9,3.75,1
7355,Haho,Plateaux,2023,305096,46.43,27,20,184,294,91.85,167,89,276,153,590,67,3.87,1
7356,Tône,Savanes,2021,388775,79.0,12,9,236,308,82.79,358,109,1478,249,1828,75,4.08,1
7357,Bassar,Kara,2020,152038,40.68,16,82,72,445,66.1,370,109,1374,189,287,79,3.81,1
7358,Dankpen,Kara,2020,184632,73.96,14,93,20,285,82.34,351,70,3312,49,852,39,4.28,0
7359,Oti,Savanes,2023,123324,92.49,12,51,275,84,74.5,351,79,3289,194,25,16,4.79,0
7360,Avé,Maritime,2023,111214,84.9,13,10,52,522,74.95,300,118,561,27,567,14,3.03,1
7361,Kloto,Plateaux,2020,145985,88.68,13,12,141,72,80.62,304,22,5285,132,1883,62,3.35,1
7362,Haho,Plateaux,2021,305096,44.6,13,34,50,103,62.56,200,49,1410,132,68,49,3.8,1
7363,Zio,Maritime,2020,500032,65.65,12,40,89,508,63.34,386,115,3828,163,759,68,2.54,1
7364,Avé,Maritime,2022,111214,59.28,9,76,35,378,53.87,227,69,2763,207,1641,32,3.56,1
7365,Kozah,Kara,2023,283738,92.8,16,80,175,522,81.2,86,77,1660,69,91,0,4.0,0
7366,Golfe,Maritime,2020,1305681,71.52,7,75,73,560,73.88,373,93,2313,291,1473,24,3.26,1
7367,Bassar,Kara,2021,152038,78.6,11,31,270,298,56.25,179,42,1024,291,387,53,4.13,0
7368,Cinkassé,Savanes,2020,173987,78.34,26,24,279,334,86.45,66,104,2909,86,1701,76,3.7,1
7369,Bas-Mono,Maritime,2021,95380,52.69,28,98,186,439,58.49,112,48,2841,125,610,66,2.85,1
7370,Kpélé,Plateaux,2020,81620,46.9,30,32,22,470,84.66,94,52,4314,207,1464,52,3.43,1
7371,Doufelgou,Kara,2021,87588,40.53,19,53,237,590,91.72,105,44,3480,22,1190,21,3.3,1
7372,Mô,Centrale,2022,52448,63.97,22,57,263,395,51.87,389,59,4462,138,1797,1,3.2,1
7373,Agoè-Nyivé,Maritime,2020,882695,52.31,27,8,245,525,94.49,230,30,3730,108,1205,8,3.38,1
7374,Kpélé,Plateaux,2020,81620,74.11,9,72,176,232,85.95,376,40,2179,65,572,74,4.17,0
7375,Mô,Centrale,2020,52448,49.53,23,15,229,389,92.91,324,76,2450,111,1635,35,2.95,1
7376,Tandjoaré,Savanes,2021,35537,49.43,5,14,93,558,95.88,352,83,652,185,1335,66,4.0,1
7377,Kozah,Kara,2020,283738,41.2,21,95,294,407,67.48,127,99,314,148,704,8,4.04,1
7378,Assoli,Kara,2020,66492,67.1,16,56,213,291,51.97,112,75,4513,10,252,61,3.2,1
7379,Moyen-Mono,Plateaux,2020,90505,86.27,3,44,145,393,82.33,380,120,336,39,38,29,3.96,1
7380,Bassar,Kara,2022,152038,66.79,12,15,233,76,55.51,346,36,4386,15,1624,71,4.08,1
7381,Tchamba,Centrale,2023,200585,72.74,5,15,23,222,65.79,121,95,2628,0,1278,40,3.18,1
7382,Kpendjal-Ouest,Savanes,2020,120285,53.55,30,17,131,365,90.45,363,102,660,221,387,15,4.48,1
7383,Dankpen,Kara,2023,184632,69.38,20,97,84,519,68.73,169,41,925,25,459,27,4.54,0
7384,Danyi,Plateaux,2020,40240,48.27,14,48,35,135,69.43,389,39,1293,186,1911,26,3.17,1
7385,Vo,Maritime,2020,224411,50.56,5,31,138,77,94.04,358,42,3990,191,390,21,3.12,1
7386,Tandjoaré,Savanes,2023,35537,73.65,7,33,266,373,94.45,285,27,3145,139,1621,19,3.87,0
7387,Sotouboua,Centrale,2022,141404,84.02,11,10,55,400,71.31,176,39,3455,292,824,57,4.1,0
7388,Agou,Plateaux,2021,85793,62.75,12,64,129,107,66.39,336,105,4226,179,1077,48,3.75,1
7389,Anié,Plateaux,2022,177188,55.04,8,64,44,70,54.37,369,110,2555,143,144,37,3.95,1
7390,Agoè-Nyivé,Maritime,2022,882695,69.92,13,43,240,70,79.18,53,80,3761,186,2,61,3.97,0
7391,Yoto,Maritime,2021,174451,42.55,24,19,241,381,89.31,234,25,3560,171,262,61,2.84,1
7392,Akébou,Plateaux,2023,73188,79.46,15,20,247,546,82.56,119,107,3820,209,1542,67,3.58,1
7393,Assoli,Kara,2021,66492,85.22,11,95,127,187,95.12,164,58,5540,219,1661,2,3.27,1
7394,Kpendjal,Savanes,2023,150806,63.66,28,75,134,227,82.9,110,108,4750,44,763,12,3.25,1
7395,Amou,Plateaux,2022,110948,80.64,17,68,215,534,71.9,280,42,2945,105,1088,70,4.46,0
7396,Lacs,Maritime,2023,241207,84.45,17,99,83,124,54.77,236,61,703,146,1579,40,4.79,0
7397,Assoli,Kara,2023,66492,67.14,19,46,93,514,84.89,168,110,2921,35,1100,15,4.05,1
7398,Kozah,Kara,2022,283738,57.95,8,31,285,523,95.94,50,32,4918,117,1193,4,4.63,1
7399,Agou,Plateaux,2021,85793,49.53,25,11,256,464,97.46,335,109,1675,294,1998,58,4.46,1
7400,Anié,Plateaux,2022,177188,50.2,4,34,238,133,96.68,304,73,986,79,1692,49,4.04,1
7401,Mô,Centrale,2021,52448,71.8,15,55,192,60,59.06,101,63,231,112,1924,53,2.95,0
7402,Mô,Centrale,2023,52448,55.12,7,50,206,505,68.27,181,37,4972,115,1403,59,3.15,1
7403,Assoli,Kara,2022,66492,42.56,28,73,195,444,56.36,164,42,2649,162,1094,31,2.86,1
7404,Est-Mono,Plateaux,2022,164460,71.04,22,23,27,231,65.25,362,86,5578,244,1687,7,3.6,1
7405,Mô,Centrale,2020,52448,55.53,19,25,121,384,53.46,250,119,921,77,1548,21,3.9,1
7406,Golfe,Maritime,2021,1305681,53.95,22,89,171,506,71.07,396,34,556,235,92,60,4.06,1
7407,Haho,Plateaux,2021,305096,59.86,24,75,107,492,68.31,67,39,5761,17,1920,11,4.22,1
7408,Lacs,Maritime,2022,241207,54.45,27,48,130,307,84.88,149,53,5903,292,1511,68,4.64,1
7409,Est-Mono,Plateaux,2020,164460,78.14,21,81,124,403,55.4,228,91,5181,73,923,59,3.25,1
7410,Amou,Plateaux,2020,110948,58.02,23,72,111,503,83.28,65,53,3227,214,280,80,2.77,1
7411,Tône,Savanes,2021,388775,80.1,12,58,274,155,59.2,291,72,2998,65,1331,30,4.09,0
7412,Kozah,Kara,2023,283738,60.18,7,51,300,495,64.17,368,109,3137,273,765,30,4.2,1
7413,Anié,Plateaux,2022,177188,49.89,4,47,40,462,61.94,327,85,4419,116,1212,6,3.31,1
7414,Ogou,Plateaux,2023,253467,45.48,22,99,299,138,60.57,394,106,4758,197,1609,75,4.15,1
7415,Tône,Savanes,2022,388775,64.82,25,88,40,450,51.51,372,119,4276,134,1104,26,4.13,1
7416,Kpendjal-Ouest,Savanes,2020,120285,84.32,13,80,150,542,63.22,321,82,710,15,356,44,3.22,1
7417,Est-Mono,Plateaux,2023,164460,59.41,15,29,204,289,89.28,152,50,4210,295,211,49,2.74,1
7418,Assoli,Kara,2021,66492,56.0,20,21,280,58,68.73,235,56,5109,116,1067,56,3.86,1
7419,Mô,Centrale,2022,52448,57.51,4,22,157,536,81.89,184,75,2569,136,303,68,4.6,1
7420,Doufelgou,Kara,2020,87588,53.85,3,5,173,340,75.55,370,40,3576,126,95,68,3.96,1
7421,Moyen-Mono,Plateaux,2023,90505,87.37,2,29,103,236,71.53,285,109,1444,44,411,27,3.58,1
7422,Yoto,Maritime,2022,174451,85.47,21,19,195,173,87.89,225,71,3391,162,437,46,4.26,0
7423,Kéran,Kara,2020,123138,43.08,21,88,188,184,77.38,83,60,3007,226,1330,15,3.37,1
7424,Zio,Maritime,2022,500032,56.78,21,87,276,247,75.1,238,21,4332,211,1264,32,4.35,1
7425,Golfe,Maritime,2023,1305681,58.1,11,34,132,381,61.92,74,104,941,211,1547,23,2.91,1
7426,Ogou,Plateaux,2023,253467,49.06,20,37,30,567,89.34,196,43,1115,174,414,34,4.33,1
7427,Mô,Centrale,2022,52448,79.08,27,65,201,435,57.04,259,100,1848,220,1217,27,3.07,1
7428,Oti,Savanes,2023,123324,52.27,30,86,39,316,72.0,305,20,3932,128,123,37,2.55,1
7429,Dankpen,Kara,2023,184632,80.55,30,22,223,207,66.11,321,29,688,212,1950,59,2.94,0
7430,Blitta,Centrale,2021,218753,92.33,26,75,65,498,86.97,244,86,2173,115,1853,56,3.92,1
7431,Tchamba,Centrale,2022,200585,42.94,22,43,243,148,89.83,69,80,1390,233,1354,70,2.9,1
7432,Doufelgou,Kara,2021,87588,67.87,21,5,97,269,93.73,346,62,2738,149,976,79,3.65,0
7433,Bas-Mono,Maritime,2021,95380,74.6,9,41,140,226,90.6,281,55,1687,251,1197,65,4.74,0
7434,Tône,Savanes,2021,388775,44.25,6,26,245,467,59.92,370,39,5224,223,164,80,3.81,1
7435,Kpendjal-Ouest,Savanes,2021,120285,69.1,27,51,197,115,71.05,200,63,5709,295,1845,41,3.76,1
7436,Anié,Plateaux,2023,177188,76.49,14,14,297,194,91.43,94,42,4914,184,296,53,4.61,1
7437,Tône,Savanes,2022,388775,44.03,4,11,294,289,66.44,119,46,2861,248,1776,40,4.01,1
7438,Zio,Maritime,2021,500032,57.98,28,32,260,102,91.81,380,58,2379,142,658,56,3.54,1
7439,Ogou,Plateaux,2020,253467,73.02,5,88,178,133,72.01,359,25,5721,185,1263,1,3.8,1
7440,Doufelgou,Kara,2023,87588,81.06,9,88,40,144,72.72,234,62,3550,16,136,77,4.42,0
7441,Lacs,Maritime,2022,241207,86.98,13,76,292,240,85.63,102,62,515,122,1969,10,3.52,0
7442,Vo,Maritime,2021,224411,44.45,14,35,287,218,56.64,267,108,966,252,1649,47,2.85,1
7443,Zio,Maritime,2021,500032,88.06,3,20,150,501,94.07,357,25,1753,297,1675,77,4.11,0
7444,Lacs,Maritime,2022,241207,74.97,11,21,277,191,97.11,382,106,2099,89,1746,73,3.28,1
7445,Danyi,Plateaux,2022,40240,52.13,25,44,207,429,56.96,321,50,4729,0,1243,2,2.98,1
7446,Kloto,Plateaux,2022,145985,70.29,29,67,174,301,90.74,286,85,4893,146,1537,34,3.15,1
7447,Kpélé,Plateaux,2022,81620,67.16,5,46,273,584,57.91,175,63,955,16,1615,1,3.43,0
7448,Haho,Plateaux,2021,305096,41.23,4,18,32,433,61.93,66,42,297,7,1407,70,2.96,1
7449,Blitta,Centrale,2020,218753,50.41,30,72,154,59,65.16,249,45,3621,160,565,51,4.57,1
7450,Kloto,Plateaux,2021,145985,55.49,21,40,158,277,73.72,81,43,4874,172,1354,58,3.57,1
7451,Kéran,Kara,2023,123138,90.47,3,93,139,593,80.38,65,52,358,221,1044,11,3.03,0
7452,Tandjoaré,Savanes,2021,35537,63.49,26,98,84,150,76.68,95,61,1467,274,91,22,3.42,0
7453,Oti-Sud,Savanes,2021,150806,54.92,2,21,257,92,60.15,52,26,3004,181,1876,3,3.43,1
7454,Assoli,Kara,2021,66492,74.53,9,90,226,122,90.59,351,34,5508,258,135,72,3.2,1
7455,Tchamba,Centrale,2020,200585,73.34,30,39,236,162,77.95,120,27,5287,243,408,12,3.54,1
7456,Sotouboua,Centrale,2021,141404,60.83,22,38,164,70,66.37,266,65,3766,274,977,69,4.43,0
7457,Avé,Maritime,2021,111214,44.67,27,41,128,331,76.82,332,82,5789,18,1057,70,4.05,1
7458,Ogou,Plateaux,2021,253467,80.81,16,33,143,586,75.04,57,53,4442,102,1219,40,4.49,1
7459,Tchamba,Centrale,2022,200585,46.47,29,51,130,310,87.19,159,34,4842,114,1461,14,3.39,1
7460,Golfe,Maritime,2020,1305681,70.55,25,82,261,250,63.87,295,85,1810,35,490,49,2.81,1
7461,Kpélé,Plateaux,2020,81620,72.28,5,20,59,354,93.06,73,20,5788,93,1154,60,3.13,1
7462,Lacs,Maritime,2020,241207,49.71,15,97,256,296,79.22,316,54,1019,119,1939,19,3.79,1
7463,Tône,Savanes,2022,388775,51.39,8,16,246,221,65.9,320,119,3189,121,1167,80,3.38,1
7464,Wawa,Plateaux,2023,101300,71.72,20,81,25,56,67.31,399,47,5097,28,697,56,3.65,1
7465,Danyi,Plateaux,2023,40240,50.0,2,11,206,129,72.52,258,40,4365,146,1014,8,3.15,1
7466,Dankpen,Kara,2020,184632,79.04,5,83,188,242,94.84,364,89,458,118,879,72,3.02,1
7467,Wawa,Plateaux,2023,101300,87.58,2,23,79,387,92.47,204,47,797,178,336,43,4.15,0
7468,Bassar,Kara,2021,152038,75.25,25,8,291,534,71.28,82,34,1020,251,1462,79,4.5,0
7469,Agou,Plateaux,2023,85793,56.19,26,75,287,133,72.04,308,70,1464,217,1858,37,3.98,1
7470,Danyi,Plateaux,2020,40240,84.11,21,86,75,323,81.61,105,102,3286,285,1961,4,4.11,1
7471,Danyi,Plateaux,2022,40240,71.21,22,7,85,240,60.76,236,31,5480,120,1709,59,3.12,1
7472,Vo,Maritime,2022,224411,65.9,15,39,245,289,59.04,265,70,744,223,304,15,2.58,0
7473,Amou,Plateaux,2022,110948,77.13,15,37,98,407,83.58,61,73,1193,93,1038,55,4.13,0
7474,Agoè-Nyivé,Maritime,2022,882695,94.71,13,98,219,288,55.93,257,38,3699,299,1406,35,3.25,0
7475,Haho,Plateaux,2023,305096,68.85,5,80,246,471,89.31,74,102,3768,127,1626,16,2.54,1
7476,Doufelgou,Kara,2022,87588,52.96,6,15,235,84,83.32,362,75,3854,19,1317,11,3.36,1
7477,Golfe,Maritime,2021,1305681,51.96,14,49,183,482,97.78,300,40,1153,239,179,4,3.77,1
7478,Dankpen,Kara,2020,184632,45.86,28,31,289,265,93.17,135,61,5859,156,427,76,2.92,1
7479,Kpélé,Plateaux,2022,81620,89.97,5,55,268,95,54.82,133,109,1765,107,1508,72,3.45,1
7480,Oti,Savanes,2023,123324,69.81,10,99,239,345,82.45,62,33,3994,259,92,28,3.07,0
7481,Kpendjal,Savanes,2022,150806,46.31,19,17,44,411,51.7,239,75,1748,219,1670,21,3.94,1
7482,Kozah,Kara,2022,283738,79.56,8,33,94,70,52.95,192,96,2905,112,193,61,3.68,1
7483,Haho,Plateaux,2023,305096,44.36,19,46,243,424,50.93,222,49,5255,236,834,32,3.28,1
7484,Akébou,Plateaux,2021,73188,91.56,16,96,39,155,58.95,346,31,5389,39,878,29,3.22,1
7485,Akébou,Plateaux,2022,73188,59.98,28,55,32,519,64.28,51,43,1126,197,853,77,4.27,1
7486,Danyi,Plateaux,2021,40240,63.93,24,54,191,110,58.11,186,56,4601,285,1719,74,4.6,1
7487,Anié,Plateaux,2023,177188,92.71,6,63,233,98,88.15,357,100,2944,265,1681,51,3.8,1
7488,Agou,Plateaux,2022,85793,94.11,10,74,60,357,96.57,223,21,4107,39,1814,54,2.79,1
7489,Yoto,Maritime,2020,174451,70.49,20,74,199,585,52.81,399,76,1295,118,1074,41,4.51,0
7490,Yoto,Maritime,2023,174451,56.85,13,99,149,351,56.74,164,85,5992,64,690,59,2.82,1
7491,Zio,Maritime,2021,500032,91.5,26,55,33,149,80.9,59,57,4367,47,1327,27,3.38,1
7492,Doufelgou,Kara,2020,87588,41.28,19,84,113,523,75.19,209,55,911,77,1774,59,3.79,1
7493,Oti,Savanes,2021,123324,76.56,24,96,151,486,85.95,307,95,3108,92,1138,66,2.84,1
7494,Vo,Maritime,2022,224411,68.14,7,69,94,394,88.03,361,20,258,295,68,10,3.3,0
7495,Oti,Savanes,2020,123324,75.68,21,61,269,278,93.5,60,69,1730,47,761,72,2.73,0
7496,Yoto,Maritime,2021,174451,66.02,5,56,243,406,57.03,294,27,761,61,1460,41,4.41,0
7497,Assoli,Kara,2022,66492,65.39,30,40,185,341,69.85,360,44,5743,112,1691,19,4.04,1
7498,Tchaoudjo,Centrale,2021,240360,69.08,30,56,232,419,93.45,156,47,1495,189,1774,19,3.03,0
7499,Binah,Kara,2021,84739,79.75,13,94,66,51,97.99,279,20,4535,237,257,11,4.76,1
7500,Bassar,Kara,2022,152038,46.66,11,82,95,243,91.12,138,44,3716,26,588,52,4.02,1
7501,Tône,Savanes,2022,388775,66.54,16,82,119,464,97.9,317,47,3069,229,1687,44,4.38,0
7502,Haho,Plateaux,2021,305096,64.63,29,23,56,292,58.17,126,57,4096,277,391,32,2.61,1
7503,Assoli,Kara,2022,66492,86.72,2,61,149,183,75.85,158,83,2024,246,576,46,2.65,1
7504,Agoè-Nyivé,Maritime,2023,882695,52.76,21,32,136,51,86.2,309,23,1723,213,1675,7,3.09,1
7505,Avé,Maritime,2020,111214,63.41,24,9,111,292,89.3,259,31,5118,218,1331,6,2.78,1
7506,Sotouboua,Centrale,2021,141404,48.53,4,99,128,211,91.02,234,112,2107,199,518,34,4.07,1
7507,Agoè-Nyivé,Maritime,2022,882695,59.7,22,90,122,332,60.0,317,67,1497,95,1848,26,3.94,1
7508,Anié,Plateaux,2023,177188,51.6,7,73,228,467,67.2,134,78,2143,122,80,37,3.21,1
7509,Moyen-Mono,Plateaux,2021,90505,52.62,2,26,119,309,94.53,370,76,5248,281,1364,61,2.86,1
7510,Tchamba,Centrale,2022,200585,91.43,17,65,175,531,92.78,72,105,2044,37,3,20,3.5,1
7511,Mô,Centrale,2023,52448,41.01,11,40,294,180,94.78,277,102,3607,227,1372,60,4.69,1
7512,Cinkassé,Savanes,2022,173987,92.47,22,58,285,272,82.05,133,120,1516,160,1650,20,2.98,1
7513,Kpendjal-Ouest,Savanes,2023,120285,77.34,16,36,224,326,53.27,210,48,4711,264,639,7,2.6,1
7514,Kpélé,Plateaux,2020,81620,51.72,27,17,174,437,78.6,191,71,5024,232,318,78,3.77,1
7515,Amou,Plateaux,2023,110948,41.9,23,74,160,543,88.01,102,38,3677,264,844,20,4.73,1
7516,Blitta,Centrale,2021,218753,49.75,26,11,245,585,86.91,169,98,4938,187,735,57,4.03,1
7517,Tchaoudjo,Centrale,2020,240360,45.48,29,61,189,201,63.92,119,86,1284,173,1878,44,4.4,1
7518,Agou,Plateaux,2022,85793,60.74,6,61,168,537,81.51,389,30,3887,66,1319,55,4.68,0
7519,Tandjoaré,Savanes,2023,35537,47.07,8,52,58,522,86.09,236,113,2178,157,827,56,3.3,1
7520,Tône,Savanes,2021,388775,77.1,10,100,221,290,79.1,173,24,3216,127,501,50,3.42,0
7521,Kpendjal,Savanes,2022,150806,54.31,6,88,135,470,71.5,190,26,1215,191,559,44,3.26,1
7522,Tandjoaré,Savanes,2022,35537,94.69,8,44,177,201,64.41,99,89,3559,59,1182,80,4.11,1
7523,Danyi,Plateaux,2023,40240,56.23,23,9,177,202,97.41,215,101,5524,174,955,65,2.82,1
7524,Bassar,Kara,2021,152038,59.69,25,14,241,233,51.11,310,110,278,66,1542,41,2.83,1
7525,Kozah,Kara,2023,283738,56.06,7,33,225,241,94.68,211,43,3496,285,1304,74,2.83,1
7526,Cinkassé,Savanes,2020,173987,66.96,17,55,272,267,68.01,363,24,3408,70,1816,23,3.76,0
7527,Haho,Plateaux,2022,305096,75.5,3,100,126,82,87.59,301,99,836,223,1216,11,3.23,1
7528,Golfe,Maritime,2023,1305681,94.01,13,38,115,121,97.98,379,59,2812,241,493,40,4.6,0
7529,Bas-Mono,Maritime,2020,95380,88.13,9,22,214,578,74.66,316,56,5318,121,1002,37,4.06,1
7530,Kéran,Kara,2023,123138,70.6,25,73,126,387,83.19,339,31,908,247,1148,47,2.94,0
7531,Zio,Maritime,2020,500032,60.65,27,44,80,330,57.52,348,65,5643,158,218,47,4.78,1
7532,Agou,Plateaux,2020,85793,89.11,8,51,150,64,71.72,115,22,1818,121,1448,10,4.26,0
7533,Wawa,Plateaux,2023,101300,48.46,22,86,226,588,67.52,374,79,1157,227,958,36,3.52,1
7534,Est-Mono,Plateaux,2021,164460,70.41,21,76,62,298,65.81,117,114,2027,33,167,20,4.19,1
7535,Est-Mono,Plateaux,2023,164460,90.74,12,58,288,172,90.61,386,120,4946,4,1300,17,3.46,1
7536,Moyen-Mono,Plateaux,2020,90505,88.42,24,85,76,204,72.21,214,44,493,11,492,12,2.88,0
7537,Kpendjal-Ouest,Savanes,2020,120285,61.04,18,71,167,236,66.11,56,108,3392,259,431,48,2.93,1
7538,Agoè-Nyivé,Maritime,2023,882695,66.96,26,12,63,513,84.49,209,57,4780,145,868,39,3.59,1
7539,Oti-Sud,Savanes,2021,150806,64.75,25,74,171,305,58.03,358,99,4054,175,654,50,3.59,1
7540,Haho,Plateaux,2022,305096,94.29,28,21,124,84,67.31,325,105,2176,97,1163,21,4.31,1
7541,Avé,Maritime,2020,111214,85.11,9,93,187,96,70.5,51,96,5275,0,1470,9,3.66,1
7542,Kpélé,Plateaux,2022,81620,92.33,15,75,207,546,90.49,94,92,1477,278,39,61,3.7,1
7543,Vo,Maritime,2023,224411,55.93,20,84,122,481,83.22,206,41,2528,14,1764,38,2.74,1
7544,Oti,Savanes,2021,123324,63.05,22,59,227,265,72.38,174,63,972,285,1109,22,3.26,0
7545,Kloto,Plateaux,2023,145985,93.15,16,50,246,306,61.35,87,32,5341,164,1754,61,4.46,1
7546,Tône,Savanes,2022,388775,45.59,10,13,131,52,58.37,400,105,3239,46,1513,77,4.4,1
7547,Tchaoudjo,Centrale,2020,240360,60.13,22,18,116,462,78.52,135,67,4690,78,1933,54,4.51,1
7548,Kpélé,Plateaux,2022,81620,46.66,24,42,296,233,61.42,186,95,2929,6,1316,10,4.37,1
7549,Moyen-Mono,Plateaux,2022,90505,85.39,28,12,27,89,54.16,111,111,731,13,1229,48,3.4,1
7550,Bas-Mono,Maritime,2021,95380,63.71,19,81,118,319,50.09,136,106,2509,246,1406,16,3.16,1
7551,Moyen-Mono,Plateaux,2021,90505,52.88,18,57,219,327,69.79,238,82,3106,197,1981,55,2.91,1
7552,Anié,Plateaux,2020,177188,84.47,8,8,289,241,85.14,298,118,1032,67,529,63,2.56,1
7553,Wawa,Plateaux,2023,101300,68.81,28,85,169,528,81.43,186,73,2867,184,1999,15,3.09,0
7554,Tchamba,Centrale,2020,200585,54.41,12,67,53,373,59.23,241,116,5869,265,1989,20,3.7,1
7555,Sotouboua,Centrale,2022,141404,64.57,30,69,21,99,78.02,50,105,2718,294,1552,20,4.78,1
7556,Assoli,Kara,2022,66492,45.04,22,69,170,496,86.29,380,113,5888,9,160,0,4.17,1
7557,Dankpen,Kara,2020,184632,74.51,27,32,135,505,82.29,356,118,229,259,1841,55,3.3,1
7558,Tchaoudjo,Centrale,2023,240360,93.54,23,7,192,561,69.43,378,93,3150,141,1038,80,2.98,1
7559,Kpendjal,Savanes,2023,150806,58.29,10,39,169,575,87.15,323,20,1290,277,897,54,3.87,1
7560,Cinkassé,Savanes,2021,173987,68.95,9,45,79,248,81.24,229,60,2260,137,427,59,3.39,0
7561,Amou,Plateaux,2022,110948,62.31,22,9,246,69,87.0,326,64,5940,18,291,33,3.09,1
7562,Sotouboua,Centrale,2020,141404,67.54,4,19,74,529,54.49,190,53,1366,160,716,58,4.03,0
7563,Assoli,Kara,2022,66492,93.95,6,92,90,582,61.54,132,20,519,123,261,69,4.74,0
7564,Bassar,Kara,2020,152038,48.23,9,31,290,287,90.19,380,66,4192,29,1078,80,3.57,1
7565,Kpendjal-Ouest,Savanes,2022,120285,49.93,3,43,66,300,96.95,169,71,1549,19,799,63,4.79,1
7566,Kéran,Kara,2020,123138,71.99,6,45,179,169,93.15,342,110,5746,59,1161,32,3.45,1
7567,Kozah,Kara,2022,283738,83.57,11,27,20,297,73.29,169,62,5329,214,675,61,3.82,1
7568,Oti-Sud,Savanes,2021,150806,88.87,14,94,119,326,59.52,366,43,2900,17,318,32,2.67,0
7569,Sotouboua,Centrale,2020,141404,82.62,16,82,134,359,85.6,395,66,5630,117,422,14,2.6,1
7570,Golfe,Maritime,2022,1305681,91.6,11,81,196,315,97.92,224,102,4406,252,1519,19,2.84,1
7571,Golfe,Maritime,2021,1305681,53.34,4,59,231,53,88.26,172,65,4573,284,550,54,4.37,1
7572,Avé,Maritime,2023,111214,51.97,27,29,147,328,85.1,135,101,1259,212,914,12,4.57,1
7573,Tchaoudjo,Centrale,2020,240360,91.99,30,28,47,110,63.09,188,38,2153,37,463,13,4.03,0
7574,Ogou,Plateaux,2021,253467,59.62,12,99,226,135,58.06,387,40,3779,97,510,70,3.58,1
7575,Yoto,Maritime,2023,174451,63.98,22,20,233,505,68.52,93,35,2438,90,481,57,3.03,0
7576,Vo,Maritime,2020,224411,40.71,18,24,208,231,72.27,217,90,5135,38,236,30,3.04,1
7577,Golfe,Maritime,2021,1305681,52.02,24,47,123,223,88.55,308,52,704,217,1608,38,4.67,1
7578,Golfe,Maritime,2022,1305681,41.45,30,79,117,583,75.97,159,62,4836,17,1039,8,4.69,1
7579,Tchamba,Centrale,2022,200585,62.84,5,67,54,318,58.49,293,108,454,120,62,46,3.03,1
7580,Bas-Mono,Maritime,2021,95380,55.71,15,66,258,286,52.86,119,73,1369,116,1068,24,3.87,1
7581,Akébou,Plateaux,2021,73188,51.47,10,54,175,384,92.87,272,56,4479,248,306,12,3.38,1
7582,Tchamba,Centrale,2021,200585,41.16,13,32,274,282,78.55,315,101,4675,146,152,37,3.45,1
7583,Doufelgou,Kara,2022,87588,43.26,5,11,181,555,68.7,241,50,876,245,217,40,4.19,1
7584,Oti,Savanes,2020,123324,90.08,9,94,268,513,87.23,298,91,1423,180,1419,0,2.87,1
7585,Amou,Plateaux,2022,110948,62.38,15,37,204,560,69.92,108,28,5904,134,971,13,2.65,1
7586,Moyen-Mono,Plateaux,2020,90505,55.29,24,37,121,504,61.6,294,106,5164,234,106,2,4.46,1
7587,Kpendjal-Ouest,Savanes,2021,120285,62.21,25,10,178,592,90.79,310,84,3918,179,1567,63,3.18,1
7588,Kéran,Kara,2023,123138,40.06,28,10,116,214,82.82,136,62,5548,221,1620,9,2.67,1
7589,Tchamba,Centrale,2020,200585,66.33,10,82,184,157,90.77,228,20,4845,0,1362,45,4.18,1
7590,Zio,Maritime,2022,500032,57.96,13,76,270,500,89.25,110,112,5989,114,1923,56,3.24,1
7591,Akébou,Plateaux,2022,73188,63.29,15,52,191,597,86.75,240,23,5824,228,1805,30,4.79,1
7592,Amou,Plateaux,2021,110948,54.59,20,27,22,125,59.63,347,36,1872,96,327,78,3.47,1
7593,Est-Mono,Plateaux,2020,164460,69.16,16,27,48,356,77.95,279,97,5738,41,1404,17,4.56,1
7594,Wawa,Plateaux,2020,101300,64.96,17,71,101,102,77.15,236,25,1027,271,434,78,3.79,0
7595,Vo,Maritime,2023,224411,70.93,28,68,251,545,60.96,64,115,3888,159,392,28,3.72,1
7596,Danyi,Plateaux,2020,40240,89.17,5,63,113,77,92.63,379,24,1087,295,1629,64,3.38,0
7597,Est-Mono,Plateaux,2022,164460,73.97,6,33,97,89,85.13,340,85,5213,194,1955,78,3.53,1
7598,Wawa,Plateaux,2020,101300,54.64,20,75,109,412,82.94,270,27,5402,5,1459,74,3.71,1
7599,Tchaoudjo,Centrale,2021,240360,86.1,20,42,196,465,91.45,116,106,3689,81,875,18,4.37,1
7600,Assoli,Kara,2020,66492,40.12,8,95,192,127,72.82,330,83,245,229,1037,33,3.55,1
7601,Avé,Maritime,2022,111214,74.03,15,78,108,174,54.1,199,93,4237,145,813,77,3.93,1
7602,Kozah,Kara,2020,283738,54.5,10,84,271,345,51.42,269,59,5661,262,505,46,4.21,1
7603,Amou,Plateaux,2022,110948,82.98,10,57,38,287,72.42,235,42,2225,49,186,41,4.24,0
7604,Vo,Maritime,2020,224411,69.16,4,18,183,268,56.72,75,31,4504,218,1322,23,2.92,1
7605,Dankpen,Kara,2023,184632,68.52,17,87,286,268,83.07,390,20,1002,242,1332,36,3.51,0
7606,Bassar,Kara,2020,152038,93.19,13,19,158,424,53.84,350,49,3567,234,260,69,2.73,0
7607,Moyen-Mono,Plateaux,2023,90505,56.27,3,94,118,104,62.79,82,85,4153,77,524,41,3.98,1
7608,Binah,Kara,2021,84739,92.89,18,83,189,306,50.83,164,50,3523,228,1474,26,4.48,0
7609,Moyen-Mono,Plateaux,2020,90505,48.19,14,76,172,442,78.82,363,91,1918,232,1654,50,4.71,1
7610,Est-Mono,Plateaux,2020,164460,72.44,14,100,274,385,91.62,318,32,3519,26,191,12,2.97,0
7611,Tandjoaré,Savanes,2021,35537,55.27,30,78,70,330,84.95,256,102,1810,105,1339,52,3.89,1
7612,Blitta,Centrale,2020,218753,79.98,27,10,127,132,72.02,138,47,1304,159,645,0,3.77,0
7613,Kpendjal,Savanes,2023,150806,70.56,23,36,53,197,68.89,339,95,1081,220,61,15,2.93,1
7614,Kozah,Kara,2020,283738,94.16,24,51,283,260,83.47,294,20,2696,168,530,6,2.75,0
7615,Oti-Sud,Savanes,2022,150806,66.6,3,7,143,546,66.38,54,81,5851,93,605,21,4.16,1
7616,Doufelgou,Kara,2023,87588,73.23,21,86,254,455,84.3,385,68,4740,47,1078,79,3.86,1
7617,Tchamba,Centrale,2023,200585,48.52,12,26,160,95,85.27,50,35,5009,174,1539,22,3.1,1
7618,Moyen-Mono,Plateaux,2022,90505,68.48,25,97,50,102,55.78,66,20,4179,243,562,20,3.72,1
7619,Avé,Maritime,2021,111214,83.53,2,82,69,564,62.25,248,108,3545,129,384,44,3.29,1
7620,Danyi,Plateaux,2021,40240,79.51,30,98,100,230,63.29,148,120,5201,251,8,67,3.24,1
7621,Moyen-Mono,Plateaux,2022,90505,75.2,30,18,129,567,81.6,161,103,687,111,273,44,3.05,1
7622,Assoli,Kara,2022,66492,76.69,12,48,249,89,81.49,101,38,4598,275,533,32,3.36,1
7623,Haho,Plateaux,2023,305096,94.14,19,22,246,502,53.85,350,103,718,218,857,41,3.09,1
7624,Tchaoudjo,Centrale,2023,240360,89.6,28,17,214,422,90.52,348,61,5953,230,1092,41,2.62,1
7625,Doufelgou,Kara,2020,87588,41.89,5,78,141,190,52.72,122,40,288,195,1165,54,4.64,1
7626,Avé,Maritime,2022,111214,92.93,23,89,42,309,93.88,238,66,2852,276,1515,11,4.71,0
7627,Doufelgou,Kara,2021,87588,86.17,23,10,110,315,69.19,340,115,894,256,699,32,3.23,1
7628,Tchaoudjo,Centrale,2020,240360,63.4,8,5,68,57,52.12,130,58,3487,207,282,7,3.22,0
7629,Tchaoudjo,Centrale,2020,240360,51.19,14,52,236,225,61.28,287,21,537,246,1309,48,4.57,1
7630,Tchamba,Centrale,2023,200585,92.01,30,61,233,274,82.96,222,40,2120,66,924,79,4.14,0
7631,Assoli,Kara,2022,66492,48.07,21,43,246,174,52.56,385,70,5582,9,1485,60,2.57,1
7632,Zio,Maritime,2023,500032,83.13,11,64,270,549,78.45,118,113,1743,300,516,76,4.31,1
7633,Oti,Savanes,2023,123324,94.35,8,77,49,202,88.05,336,90,4027,277,368,58,3.62,1
7634,Dankpen,Kara,2021,184632,45.02,21,21,163,579,56.15,387,72,4888,200,626,65,3.68,1
7635,Bas-Mono,Maritime,2020,95380,67.73,2,72,151,71,80.55,64,74,2342,172,1800,53,4.08,0
7636,Mô,Centrale,2020,52448,88.23,27,48,254,403,50.49,176,106,2474,151,1789,59,4.52,1
7637,Bassar,Kara,2023,152038,80.25,20,39,172,547,74.7,118,62,5518,133,1191,7,3.86,1
7638,Kloto,Plateaux,2022,145985,89.65,5,39,89,216,65.38,81,88,3771,132,120,35,3.92,1
7639,Wawa,Plateaux,2020,101300,50.04,12,31,52,523,56.25,333,113,5553,135,1763,49,2.81,1
7640,Ogou,Plateaux,2022,253467,72.63,7,20,127,129,94.27,184,54,4791,53,1361,67,4.68,1
7641,Dankpen,Kara,2021,184632,82.28,13,37,273,140,79.85,341,117,1960,259,1694,8,3.96,1
7642,Kloto,Plateaux,2023,145985,51.69,11,71,63,394,50.93,314,28,891,4,892,79,4.54,1
7643,Agou,Plateaux,2022,85793,72.62,21,6,109,275,91.78,198,34,4409,115,1592,25,4.5,1
7644,Avé,Maritime,2020,111214,54.92,2,42,236,238,53.9,321,86,4182,147,341,37,4.71,1
7645,Oti,Savanes,2020,123324,61.01,17,63,225,552,83.11,258,85,3618,108,1694,76,3.49,1
7646,Binah,Kara,2020,84739,85.82,5,59,84,267,80.69,247,73,5497,244,419,40,3.34,1
7647,Lacs,Maritime,2023,241207,69.39,21,29,136,338,86.24,279,73,2636,46,1550,23,3.77,0
7648,Agoè-Nyivé,Maritime,2023,882695,54.11,29,28,293,220,60.54,251,93,2416,2,387,36,4.53,1
7649,Ogou,Plateaux,2020,253467,84.89,3,20,121,264,94.94,77,116,3500,272,688,53,2.81,1
7650,Kloto,Plateaux,2021,145985,86.54,8,48,240,430,58.7,120,48,3152,266,298,20,4.5,0
7651,Vo,Maritime,2022,224411,73.66,15,17,50,146,66.76,112,61,5812,28,1872,20,3.21,1
7652,Kpendjal-Ouest,Savanes,2023,120285,68.41,24,82,274,87,71.42,307,102,5663,225,1172,24,2.87,1
7653,Oti-Sud,Savanes,2020,150806,51.34,23,95,109,475,68.07,116,41,1563,278,1623,57,4.61,1
7654,Dankpen,Kara,2021,184632,79.67,7,32,254,412,78.04,315,45,4561,138,1911,75,4.5,1
7655,Vo,Maritime,2022,224411,60.08,23,13,87,392,70.94,394,83,5436,104,895,25,2.82,1
7656,Doufelgou,Kara,2022,87588,67.09,8,11,279,278,55.2,314,22,2274,97,1578,29,2.51,0
7657,Sotouboua,Centrale,2023,141404,79.42,7,40,30,213,72.48,164,93,3402,106,1082,17,3.55,1
7658,Kloto,Plateaux,2020,145985,63.74,9,20,62,205,68.86,229,117,2075,271,1376,46,4.01,1
7659,Kéran,Kara,2023,123138,64.76,28,77,234,567,86.73,380,104,2741,44,486,45,3.43,1
7660,Anié,Plateaux,2023,177188,73.81,7,16,245,484,89.77,167,105,3571,186,527,24,2.95,1
7661,Kloto,Plateaux,2020,145985,85.7,28,45,66,326,74.25,180,80,4210,279,402,60,3.12,1
7662,Bas-Mono,Maritime,2023,95380,41.85,18,100,131,190,90.81,154,48,4563,198,1046,21,4.02,1
7663,Doufelgou,Kara,2023,87588,63.37,25,92,166,516,95.79,227,25,3786,200,407,67,4.46,0
7664,Anié,Plateaux,2020,177188,66.37,2,55,99,377,61.21,254,42,1596,12,167,4,4.17,0
7665,Kpendjal,Savanes,2020,150806,84.73,8,76,225,206,63.82,156,82,5418,268,853,51,3.07,1
7666,Wawa,Plateaux,2022,101300,81.77,25,63,83,391,88.51,344,83,443,219,985,65,4.32,1
7667,Tchaoudjo,Centrale,2020,240360,59.37,8,9,191,386,55.84,354,70,4792,281,913,77,2.77,1
7668,Moyen-Mono,Plateaux,2023,90505,42.22,29,18,47,306,66.59,65,79,2864,245,349,61,3.71,1
7669,Dankpen,Kara,2020,184632,86.24,4,16,160,107,69.46,228,67,1076,147,1356,11,4.16,0
7670,Lacs,Maritime,2023,241207,61.84,30,7,263,312,82.49,138,91,218,196,1677,38,3.47,1
7671,Blitta,Centrale,2022,218753,43.78,15,14,206,537,53.18,335,47,5764,65,1607,76,3.09,1
7672,Lacs,Maritime,2022,241207,71.26,11,69,70,229,88.87,295,52,1417,156,1393,32,4.77,0
7673,Est-Mono,Plateaux,2020,164460,58.81,27,98,206,85,71.31,229,109,325,283,493,13,3.48,1
7674,Yoto,Maritime,2022,174451,83.85,5,93,173,302,90.24,278,86,1227,285,438,49,4.39,1
7675,Agou,Plateaux,2020,85793,78.72,10,89,82,340,85.03,227,92,2062,219,1403,48,3.71,1
7676,Avé,Maritime,2020,111214,59.41,17,90,288,595,56.43,140,93,4856,177,517,66,2.69,1
7677,Amou,Plateaux,2020,110948,51.58,9,15,106,552,58.59,337,98,967,120,1975,76,2.78,1
7678,Tandjoaré,Savanes,2020,35537,88.84,29,93,49,303,78.17,346,79,2290,205,1921,28,2.9,0
7679,Oti,Savanes,2020,123324,41.73,13,48,227,390,64.17,346,106,2570,224,1017,73,3.98,1
7680,Wawa,Plateaux,2021,101300,64.46,30,78,278,407,91.14,383,31,2338,144,719,3,3.41,0
7681,Kozah,Kara,2023,283738,49.6,3,90,122,293,68.08,133,93,3608,198,978,52,3.15,1
7682,Doufelgou,Kara,2022,87588,51.19,26,23,115,172,81.19,127,55,2218,34,744,44,3.73,1
7683,Cinkassé,Savanes,2023,173987,50.17,29,33,177,569,77.64,80,82,398,245,1613,44,2.92,1
7684,Zio,Maritime,2022,500032,89.37,18,34,105,162,63.49,119,60,3935,144,1389,80,3.28,0
7685,Danyi,Plateaux,2021,40240,89.91,11,43,161,306,65.74,103,116,3172,261,1336,73,4.69,1
7686,Kpendjal-Ouest,Savanes,2021,120285,57.94,19,54,62,169,90.96,309,54,1313,271,1437,15,4.71,1
7687,Tône,Savanes,2023,388775,70.07,18,94,277,120,88.54,86,116,5971,211,1102,32,2.97,1
7688,Assoli,Kara,2023,66492,58.99,9,61,178,500,97.86,166,83,3215,157,1127,50,3.12,1
7689,Agoè-Nyivé,Maritime,2021,882695,93.3,12,79,226,493,73.91,201,66,5768,44,827,33,3.69,1
7690,Kpélé,Plateaux,2021,81620,57.54,4,64,97,254,60.83,308,74,4019,203,207,25,2.76,1
7691,Tône,Savanes,2023,388775,77.48,25,27,62,362,84.75,260,39,1569,141,453,38,4.39,0
7692,Amou,Plateaux,2020,110948,78.64,26,88,150,272,80.8,339,44,691,157,1569,12,2.67,0
7693,Bassar,Kara,2020,152038,54.37,3,96,285,272,75.31,168,47,315,265,265,38,2.6,1
7694,Sotouboua,Centrale,2020,141404,79.11,24,58,289,557,56.88,130,117,1766,97,1375,20,2.5,1
7695,Oti-Sud,Savanes,2020,150806,79.16,14,9,239,153,78.55,262,73,3492,90,1980,54,4.15,0
7696,Lacs,Maritime,2021,241207,60.58,21,28,244,236,89.82,98,64,2300,196,1362,1,2.61,0
7697,Tandjoaré,Savanes,2021,35537,67.69,12,100,121,563,54.57,68,119,2012,6,342,16,4.43,1
7698,Danyi,Plateaux,2020,40240,60.43,5,19,140,138,61.43,114,41,4246,42,847,5,2.59,1
7699,Agou,Plateaux,2023,85793,68.71,30,31,85,584,78.71,172,61,4299,293,353,1,4.11,1
7700,Tandjoaré,Savanes,2023,35537,73.93,19,22,240,516,81.04,323,59,5914,16,463,40,3.92,1
7701,Zio,Maritime,2021,500032,44.09,18,60,88,299,68.05,129,77,1809,183,310,2,3.45,1
7702,Danyi,Plateaux,2022,40240,71.87,18,56,132,452,60.82,96,46,3878,152,1020,76,3.38,0
7703,Ogou,Plateaux,2020,253467,65.34,30,70,235,357,81.13,196,27,637,199,1439,29,4.68,0
7704,Avé,Maritime,2023,111214,82.84,20,14,169,205,97.64,222,91,4541,42,951,27,2.58,1
7705,Haho,Plateaux,2023,305096,57.19,18,44,132,585,51.35,156,102,4538,287,70,37,4.11,1
7706,Haho,Plateaux,2022,305096,74.04,28,69,199,241,95.75,223,120,4818,85,94,41,4.37,1
7707,Cinkassé,Savanes,2022,173987,48.62,5,64,141,109,90.05,231,73,2026,42,1685,10,3.41,1
7708,Kpendjal-Ouest,Savanes,2022,120285,83.03,14,25,29,568,62.41,69,93,3813,89,266,21,3.25,1
7709,Agou,Plateaux,2022,85793,44.41,6,51,294,174,64.85,299,24,5518,171,1706,15,2.81,1
7710,Avé,Maritime,2021,111214,60.58,5,35,194,529,74.12,71,117,1930,200,1374,72,3.81,1
7711,Blitta,Centrale,2021,218753,54.39,16,12,115,396,55.95,294,119,1912,101,802,4,2.74,1
7712,Blitta,Centrale,2022,218753,65.68,8,91,178,293,71.32,137,91,1008,212,1535,65,4.76,1
7713,Danyi,Plateaux,2022,40240,68.11,21,48,154,466,72.98,286,29,5327,187,351,42,3.85,1
7714,Haho,Plateaux,2023,305096,42.4,12,92,84,398,90.79,230,79,2147,170,616,25,4.09,1
7715,Zio,Maritime,2021,500032,91.22,29,31,193,145,55.89,124,109,388,268,764,35,3.11,1
7716,Assoli,Kara,2020,66492,72.03,2,55,174,416,92.09,280,89,1782,291,1292,27,4.49,1
7717,Doufelgou,Kara,2021,87588,45.08,30,38,132,50,78.36,396,71,304,180,868,2,3.07,1
7718,Cinkassé,Savanes,2023,173987,88.13,13,8,153,83,60.24,308,99,796,180,855,49,4.1,1
7719,Doufelgou,Kara,2022,87588,92.79,23,94,144,143,83.09,364,59,1531,16,220,9,3.36,0
7720,Amou,Plateaux,2021,110948,71.86,7,22,128,316,94.09,373,67,830,132,1171,20,4.69,0
7721,Yoto,Maritime,2020,174451,48.15,8,67,45,123,56.29,353,51,4837,121,1893,80,3.46,1
7722,Sotouboua,Centrale,2022,141404,86.85,20,11,29,433,68.53,156,50,1758,37,459,13,2.8,0
7723,Haho,Plateaux,2021,305096,94.48,24,7,59,370,95.3,90,43,717,247,507,37,3.26,0
7724,Bas-Mono,Maritime,2023,95380,43.87,4,70,29,316,97.89,258,92,1071,63,1003,34,4.14,1
7725,Kozah,Kara,2020,283738,50.75,26,15,97,112,84.22,145,67,4008,57,1047,37,2.7,1
7726,Lacs,Maritime,2020,241207,55.89,27,17,106,559,56.01,110,27,3855,155,846,11,3.4,1
7727,Tchaoudjo,Centrale,2023,240360,64.89,26,92,228,216,66.02,225,87,5471,109,1366,47,3.34,1
7728,Oti-Sud,Savanes,2022,150806,88.45,30,25,267,347,57.94,156,107,3709,95,336,75,4.78,1
7729,Kpendjal-Ouest,Savanes,2020,120285,86.5,13,8,66,240,53.97,215,78,1324,45,386,76,3.25,0
7730,Moyen-Mono,Plateaux,2021,90505,79.01,12,89,58,405,52.29,396,37,1603,222,259,47,2.96,0
7731,Akébou,Plateaux,2022,73188,41.9,17,5,193,153,74.0,218,91,3375,68,1877,25,2.96,1
7732,Lacs,Maritime,2021,241207,80.51,9,15,113,447,65.92,332,89,2860,239,1123,14,3.26,1
7733,Cinkassé,Savanes,2022,173987,49.78,26,25,157,567,66.5,329,65,2215,86,635,24,3.52,1
7734,Kozah,Kara,2023,283738,50.78,9,25,134,152,74.6,81,86,460,252,620,17,4.22,1
7735,Cinkassé,Savanes,2021,173987,52.86,22,71,207,133,89.13,374,36,2587,209,695,54,3.81,1
7736,Wawa,Plateaux,2020,101300,61.61,10,95,173,192,92.81,335,35,5929,236,1798,50,3.25,1
7737,Bas-Mono,Maritime,2021,95380,40.01,12,46,209,368,69.35,62,120,2607,3,1170,9,2.97,1
7738,Danyi,Plateaux,2021,40240,54.35,14,95,119,406,62.39,153,118,5012,146,1062,42,3.95,1
7739,Sotouboua,Centrale,2020,141404,56.98,13,5,269,336,94.08,217,120,4028,147,294,66,4.02,1
7740,Vo,Maritime,2020,224411,43.9,2,97,101,300,56.99,323,58,3933,208,1149,77,4.78,1
7741,Ogou,Plateaux,2021,253467,54.29,4,5,175,298,82.25,118,108,3554,270,1883,46,4.46,1
7742,Binah,Kara,2020,84739,57.58,23,88,153,234,85.75,170,84,2335,295,1089,79,2.99,1
7743,Assoli,Kara,2020,66492,65.23,10,99,289,139,76.28,99,74,2976,196,1256,9,4.78,0
7744,Oti-Sud,Savanes,2022,150806,77.58,19,51,181,266,54.63,231,28,4982,134,1738,76,3.33,1
7745,Tchaoudjo,Centrale,2023,240360,53.37,25,68,148,335,87.48,229,52,2985,3,962,71,2.92,1
7746,Binah,Kara,2023,84739,43.61,5,45,165,285,74.87,361,29,5659,36,1851,53,2.5,1
7747,Akébou,Plateaux,2023,73188,50.0,14,100,249,195,66.53,163,24,4735,171,1652,9,3.57,1
7748,Agoè-Nyivé,Maritime,2023,882695,57.41,3,25,140,532,69.56,125,56,4711,106,405,73,3.13,1
7749,Moyen-Mono,Plateaux,2020,90505,60.83,15,9,75,346,68.19,323,92,5942,111,1211,57,2.99,1
7750,Golfe,Maritime,2021,1305681,91.79,5,90,163,176,64.94,362,93,5813,220,60,22,4.36,1
7751,Binah,Kara,2021,84739,80.97,20,71,65,79,90.29,197,107,1641,64,1926,52,3.51,1
7752,Cinkassé,Savanes,2022,173987,75.39,21,74,282,339,83.88,218,96,536,244,296,13,3.35,1
7753,Blitta,Centrale,2021,218753,73.34,28,69,159,82,66.58,77,46,1116,230,1128,13,4.2,0
7754,Doufelgou,Kara,2020,87588,54.04,22,86,289,86,63.45,228,45,600,264,863,25,4.33,1
7755,Akébou,Plateaux,2020,73188,93.84,21,54,205,379,90.43,145,81,4378,50,1708,23,3.49,1
7756,Yoto,Maritime,2022,174451,80.97,25,92,91,379,89.15,52,63,1568,198,763,14,2.65,0
7757,Tandjoaré,Savanes,2022,35537,73.42,6,84,235,598,69.0,312,42,3761,32,558,58,3.57,0
7758,Yoto,Maritime,2020,174451,43.81,24,54,172,496,87.92,121,94,4434,41,707,26,3.1,1
7759,Akébou,Plateaux,2021,73188,48.93,25,15,242,369,95.57,83,21,3765,174,193,21,3.98,1
7760,Vo,Maritime,2020,224411,82.75,2,48,212,131,53.93,138,85,2122,47,910,2,2.82,1
7761,Wawa,Plateaux,2021,101300,94.87,16,26,22,486,87.52,338,67,937,105,81,51,4.29,0
7762,Kozah,Kara,2022,283738,62.38,5,20,246,525,51.78,180,105,758,112,95,12,3.69,1
7763,Anié,Plateaux,2021,177188,44.15,9,60,97,51,69.54,288,39,3727,97,1560,32,3.07,1
7764,Assoli,Kara,2022,66492,77.27,14,37,181,361,53.91,165,64,894,28,433,68,3.82,0
7765,Est-Mono,Plateaux,2022,164460,62.35,19,78,185,301,72.1,343,90,2831,191,806,79,3.34,1
7766,Tchaoudjo,Centrale,2021,240360,55.37,23,41,166,116,89.32,395,113,3784,202,1915,32,2.62,1
7767,Oti-Sud,Savanes,2020,150806,94.21,12,100,53,333,55.54,152,25,4008,220,1875,46,4.35,1
7768,Danyi,Plateaux,2022,40240,94.23,8,17,146,425,58.05,350,84,4880,49,364,80,2.81,1
7769,Blitta,Centrale,2020,218753,80.65,4,24,257,352,53.2,266,57,440,78,1581,41,4.73,0
7770,Doufelgou,Kara,2021,87588,80.49,29,74,144,476,97.77,184,54,5562,292,1575,41,4.44,1
7771,Agoè-Nyivé,Maritime,2022,882695,89.79,14,76,222,216,79.65,303,43,5852,268,795,52,3.42,1
7772,Kpendjal-Ouest,Savanes,2023,120285,59.62,19,86,87,311,54.45,163,80,5035,262,311,26,4.15,1
7773,Kozah,Kara,2022,283738,59.93,7,16,249,281,59.75,107,67,669,258,260,66,3.94,1
7774,Lacs,Maritime,2021,241207,73.36,4,40,276,545,70.47,289,71,4704,31,1272,55,3.17,1
7775,Lacs,Maritime,2022,241207,79.1,29,43,139,489,59.86,363,74,1693,3,1633,63,3.75,0
7776,Kloto,Plateaux,2020,145985,55.76,24,12,150,246,73.73,366,119,5151,61,1953,55,3.86,1
7777,Blitta,Centrale,2020,218753,73.33,15,69,52,296,92.17,182,29,709,127,534,18,4.0,0
7778,Tandjoaré,Savanes,2023,35537,83.02,16,90,269,333,75.91,275,70,2582,113,651,80,3.81,0
7779,Ogou,Plateaux,2022,253467,83.04,15,5,204,146,92.6,335,94,5871,59,1733,32,4.48,1
7780,Tchaoudjo,Centrale,2023,240360,85.37,28,32,206,161,97.14,206,95,3571,271,1455,3,4.45,1
7781,Sotouboua,Centrale,2022,141404,91.8,7,46,183,251,80.91,154,120,5151,237,602,55,4.05,1
7782,Kloto,Plateaux,2021,145985,46.87,14,50,197,94,60.32,364,39,1932,134,970,27,2.58,1
7783,Assoli,Kara,2021,66492,58.68,15,19,215,526,61.42,334,61,4965,74,1219,52,3.0,1
7784,Golfe,Maritime,2022,1305681,91.75,3,10,144,524,55.31,216,67,1928,86,339,66,4.46,0
7785,Dankpen,Kara,2022,184632,57.54,10,91,163,370,82.99,108,96,4561,200,1094,73,2.52,1
7786,Binah,Kara,2023,84739,46.87,14,29,153,384,61.66,381,91,4363,72,1982,65,3.84,1
7787,Wawa,Plateaux,2020,101300,67.73,28,78,157,440,61.47,115,113,1940,270,1254,12,3.15,1
7788,Oti-Sud,Savanes,2020,150806,79.62,10,73,116,322,52.72,114,87,5269,44,1631,10,4.13,1
7789,Oti-Sud,Savanes,2021,150806,74.78,7,94,91,193,68.0,99,47,4888,126,1178,80,3.21,1
7790,Yoto,Maritime,2022,174451,67.19,24,24,202,70,75.68,276,65,2101,207,829,11,4.4,0
7791,Dankpen,Kara,2021,184632,49.6,12,14,262,135,51.92,334,85,3121,96,517,0,2.59,1
7792,Avé,Maritime,2022,111214,62.63,30,62,122,415,85.97,399,111,5456,67,1444,0,2.53,1
7793,Lacs,Maritime,2023,241207,83.56,9,56,163,503,94.42,275,95,3173,15,1774,53,3.66,1
7794,Oti,Savanes,2022,123324,42.03,27,64,69,94,53.33,269,110,1008,53,114,45,2.56,1
7795,Oti,Savanes,2022,123324,42.35,9,85,111,357,61.81,302,63,4040,74,516,20,4.79,1
7796,Avé,Maritime,2022,111214,75.94,27,51,224,382,68.0,370,91,1809,48,1171,23,4.74,1
7797,Kozah,Kara,2020,283738,54.29,20,32,22,481,83.17,273,54,3088,90,1385,18,2.86,1
7798,Ogou,Plateaux,2021,253467,52.36,7,70,193,340,53.34,359,49,4813,239,1287,68,4.76,1
7799,Tchamba,Centrale,2022,200585,66.43,14,33,191,149,58.3,93,83,2029,64,697,34,3.68,1
7800,Yoto,Maritime,2023,174451,48.48,29,17,199,192,77.49,127,34,3689,65,497,54,4.34,1
7801,Oti-Sud,Savanes,2022,150806,51.89,14,71,63,244,56.92,274,22,1244,84,301,35,3.11,1
7802,Haho,Plateaux,2023,305096,84.19,4,57,228,149,56.71,359,105,1675,75,276,8,3.38,1
7803,Assoli,Kara,2022,66492,69.02,2,35,66,592,89.92,79,61,2574,139,34,37,4.16,0
7804,Blitta,Centrale,2022,218753,81.0,15,31,211,201,59.17,387,79,5001,278,249,78,3.0,1
7805,Doufelgou,Kara,2021,87588,86.71,8,14,96,121,69.45,181,55,4261,43,31,0,2.74,1
7806,Oti-Sud,Savanes,2023,150806,76.66,9,52,83,192,63.0,393,106,1251,231,1727,59,3.42,1
7807,Ogou,Plateaux,2022,253467,72.1,15,62,24,589,74.61,83,22,972,156,1358,36,4.74,0
7808,Tandjoaré,Savanes,2020,35537,58.89,11,89,72,507,57.59,337,113,2080,102,1429,69,3.77,1
7809,Anié,Plateaux,2020,177188,41.52,9,23,218,459,66.73,113,24,1972,176,59,25,2.68,1
7810,Golfe,Maritime,2021,1305681,72.72,11,15,139,142,78.29,309,48,5172,238,1263,46,2.79,1
7811,Kpélé,Plateaux,2022,81620,47.59,27,87,37,182,57.04,237,29,1182,176,1482,44,2.61,1
7812,Cinkassé,Savanes,2023,173987,67.62,17,100,196,429,69.43,353,60,4358,177,1573,6,3.17,1
7813,Sotouboua,Centrale,2023,141404,78.5,16,41,144,567,52.31,129,23,5647,152,19,68,2.5,1
7814,Blitta,Centrale,2021,218753,82.8,28,65,208,391,60.37,177,37,2901,220,1251,36,3.73,0
7815,Assoli,Kara,2023,66492,68.57,25,12,218,199,94.05,167,94,386,22,1129,66,4.44,1
7816,Est-Mono,Plateaux,2020,164460,55.01,16,27,131,582,86.96,156,33,1716,8,476,36,3.26,1
7817,Agoè-Nyivé,Maritime,2023,882695,67.47,18,89,55,79,57.44,379,46,2440,184,539,51,4.43,0
7818,Blitta,Centrale,2023,218753,84.12,18,75,77,289,92.63,254,93,4306,161,1831,67,3.52,1
7819,Oti-Sud,Savanes,2022,150806,58.78,13,9,260,317,60.23,95,21,1004,127,305,25,3.93,1
7820,Tandjoaré,Savanes,2023,35537,79.1,17,47,113,523,79.32,313,101,2750,229,1621,23,4.78,1
7821,Blitta,Centrale,2021,218753,42.83,6,38,296,288,65.24,202,47,4555,89,835,17,2.6,1
7822,Assoli,Kara,2020,66492,44.49,8,39,194,201,61.9,56,38,3535,257,671,40,3.86,1
7823,Agoè-Nyivé,Maritime,2020,882695,65.96,30,41,270,149,59.23,177,118,5586,107,528,36,4.22,1
7824,Moyen-Mono,Plateaux,2021,90505,72.49,6,57,247,551,51.34,128,70,5256,36,1529,57,4.7,1
7825,Amou,Plateaux,2023,110948,94.28,23,71,170,422,59.81,284,48,5120,228,1574,1,4.53,1
7826,Binah,Kara,2021,84739,71.14,3,99,192,469,94.58,294,28,3785,181,1642,79,3.35,0
7827,Cinkassé,Savanes,2022,173987,51.52,20,14,125,73,76.69,278,32,1991,148,1986,43,3.48,1
7828,Lacs,Maritime,2022,241207,81.29,12,30,218,513,82.4,129,92,2821,188,565,57,3.53,1
7829,Doufelgou,Kara,2023,87588,52.95,25,40,146,353,80.82,364,77,4829,85,1666,32,3.61,1
7830,Dankpen,Kara,2021,184632,73.35,19,77,269,422,51.56,305,83,5809,284,1828,4,4.61,1
7831,Ogou,Plateaux,2023,253467,76.77,16,50,54,169,56.72,128,45,5582,125,14,71,4.17,1
7832,Binah,Kara,2023,84739,62.37,14,31,46,598,75.88,369,35,4527,166,1737,5,3.27,1
7833,Ogou,Plateaux,2020,253467,69.02,12,34,207,308,86.23,69,45,5098,59,230,65,3.32,1
7834,Amou,Plateaux,2020,110948,59.2,22,14,228,516,91.88,209,118,1589,137,1050,76,4.46,1
7835,Agou,Plateaux,2022,85793,87.48,25,92,138,274,87.04,368,57,4889,254,381,25,4.11,1
7836,Kpendjal-Ouest,Savanes,2023,120285,82.99,29,48,297,209,67.65,58,55,2250,295,1706,34,4.02,0
7837,Tchamba,Centrale,2022,200585,70.01,26,67,71,427,71.49,105,50,1914,140,668,52,4.67,0
7838,Lacs,Maritime,2022,241207,50.69,26,99,31,506,69.75,339,78,5378,21,1768,77,2.6,1
7839,Est-Mono,Plateaux,2020,164460,59.51,22,21,103,296,56.45,348,31,5871,289,526,57,4.4,1
7840,Mô,Centrale,2020,52448,90.37,2,96,157,152,88.51,157,92,1667,262,91,61,3.77,1
7841,Moyen-Mono,Plateaux,2023,90505,51.59,11,79,34,88,78.52,54,22,1549,48,413,63,2.59,1
7842,Zio,Maritime,2023,500032,71.12,19,82,170,580,75.59,159,116,3368,157,1631,59,3.53,1
7843,Est-Mono,Plateaux,2022,164460,56.05,25,62,43,466,70.32,241,81,5060,92,693,33,4.12,1
7844,Doufelgou,Kara,2020,87588,78.95,5,8,29,456,82.33,99,91,2519,250,1509,68,3.72,1
7845,Vo,Maritime,2023,224411,72.91,17,11,120,426,61.23,146,114,3978,300,266,61,4.73,1
7846,Mô,Centrale,2023,52448,61.31,8,51,72,495,52.77,366,95,3598,216,1726,30,3.51,1
7847,Kpélé,Plateaux,2022,81620,46.5,7,55,212,362,83.57,185,24,1525,111,1689,9,3.18,1
7848,Mô,Centrale,2022,52448,73.12,23,29,120,77,84.31,165,22,4072,260,1704,0,3.36,1
7849,Avé,Maritime,2022,111214,90.66,5,31,70,319,76.76,121,118,3522,293,402,44,3.17,1
7850,Oti-Sud,Savanes,2022,150806,55.25,26,58,60,571,87.21,245,74,2604,158,1135,54,4.45,1
7851,Tône,Savanes,2022,388775,60.88,28,20,246,397,70.99,194,115,4427,31,1911,68,3.57,1
7852,Yoto,Maritime,2021,174451,41.03,20,57,56,597,86.82,223,31,3835,53,1357,71,2.94,1
7853,Akébou,Plateaux,2020,73188,73.9,7,44,177,352,96.25,81,113,5089,248,1996,24,4.24,1
7854,Tandjoaré,Savanes,2022,35537,56.88,15,92,132,162,70.33,81,112,4839,116,1882,31,3.05,1
7855,Bassar,Kara,2020,152038,64.15,28,11,38,551,75.27,271,110,1521,108,835,2,4.19,1
7856,Oti,Savanes,2020,123324,70.76,14,40,149,191,97.84,114,103,4515,130,1199,42,4.05,1
7857,Tône,Savanes,2021,388775,47.78,9,86,124,566,79.4,209,20,3708,128,915,44,4.56,1
7858,Oti,Savanes,2020,123324,92.26,9,76,204,138,64.46,283,98,2073,262,1743,63,4.78,1
7859,Dankpen,Kara,2023,184632,43.49,3,49,183,251,54.81,388,57,2644,288,1956,7,3.71,1
7860,Ogou,Plateaux,2021,253467,61.28,12,27,185,68,64.13,211,43,2116,153,810,40,4.59,0
7861,Kozah,Kara,2022,283738,79.15,12,30,280,317,95.26,194,115,1517,183,1350,2,3.99,1
7862,Avé,Maritime,2022,111214,50.82,28,52,118,515,89.22,312,87,982,28,951,64,4.79,1
7863,Vo,Maritime,2020,224411,67.45,23,5,216,95,90.11,99,92,2429,205,1022,74,3.05,1
7864,Bas-Mono,Maritime,2021,95380,43.23,29,16,292,147,57.63,195,82,2820,26,1853,19,4.34,1
7865,Kpendjal,Savanes,2021,150806,94.96,29,91,94,84,61.98,375,119,1275,275,991,68,3.2,1
7866,Amou,Plateaux,2023,110948,69.2,12,15,62,280,60.82,127,98,3165,297,1109,46,3.0,1
7867,Tchaoudjo,Centrale,2020,240360,40.27,14,89,268,527,65.26,254,111,2931,109,1465,39,4.34,1
7868,Kloto,Plateaux,2022,145985,40.06,23,39,154,319,70.75,336,88,3657,99,1412,32,3.98,1
7869,Oti-Sud,Savanes,2023,150806,85.01,21,9,195,544,87.58,300,105,3158,191,1785,49,2.58,1
7870,Binah,Kara,2023,84739,60.74,11,67,234,225,67.29,266,106,5126,211,1209,76,3.61,1
7871,Doufelgou,Kara,2020,87588,92.26,19,9,255,117,83.57,238,115,270,248,748,64,3.06,1
7872,Kloto,Plateaux,2022,145985,63.72,14,32,225,330,75.24,151,79,5984,235,812,78,4.24,1
7873,Binah,Kara,2023,84739,53.0,9,67,266,237,57.62,165,116,3455,60,753,45,2.57,1
7874,Amou,Plateaux,2022,110948,57.12,25,98,286,376,93.86,99,93,1911,148,1455,18,3.28,1
7875,Moyen-Mono,Plateaux,2022,90505,55.87,15,37,45,440,91.21,330,114,503,212,1888,66,2.51,1
7876,Oti,Savanes,2020,123324,85.9,30,71,171,230,74.84,99,24,2065,269,567,60,4.28,0
7877,Wawa,Plateaux,2020,101300,45.06,15,21,165,287,75.89,51,91,5987,150,499,13,3.52,1
7878,Est-Mono,Plateaux,2023,164460,43.44,14,6,241,212,69.02,291,110,3819,273,1040,26,4.74,1
7879,Tandjoaré,Savanes,2021,35537,80.93,22,27,182,449,64.63,260,24,5408,300,1078,15,3.04,1
7880,Oti,Savanes,2020,123324,81.6,21,90,294,504,97.96,363,91,4212,244,1258,49,4.36,1
7881,Bassar,Kara,2021,152038,86.09,18,98,101,321,94.47,347,50,4390,293,180,69,3.16,1
7882,Tandjoaré,Savanes,2023,35537,58.04,4,10,60,492,59.34,338,64,3177,239,744,43,3.17,1
7883,Kpélé,Plateaux,2022,81620,40.98,6,69,156,139,78.91,118,31,5150,248,351,25,4.69,1
7884,Ogou,Plateaux,2020,253467,65.18,29,53,103,141,50.58,286,97,1465,164,1463,44,2.67,1
7885,Dankpen,Kara,2023,184632,71.26,21,71,22,486,56.7,170,96,4273,98,86,60,4.12,1
7886,Kéran,Kara,2021,123138,61.86,5,12,264,377,85.93,268,36,4414,295,1742,40,3.96,1
7887,Kpendjal,Savanes,2023,150806,73.63,9,56,240,289,56.08,222,61,1059,53,940,40,4.42,0
7888,Oti-Sud,Savanes,2021,150806,59.43,2,7,135,477,86.24,196,67,3945,22,1333,18,3.24,1
7889,Haho,Plateaux,2021,305096,74.41,3,48,300,296,87.18,192,35,4969,182,1439,26,4.34,1
7890,Akébou,Plateaux,2023,73188,73.89,9,74,226,361,76.42,337,77,3383,148,1209,47,3.88,0
7891,Mô,Centrale,2021,52448,60.52,19,86,226,284,59.95,305,45,5798,235,1692,41,3.66,1
7892,Bas-Mono,Maritime,2021,95380,89.22,9,92,275,561,87.56,292,26,4057,91,68,59,4.62,1
7893,Zio,Maritime,2023,500032,71.54,5,55,96,331,67.81,230,29,674,275,1392,7,2.84,0
7894,Akébou,Plateaux,2020,73188,68.48,5,23,130,237,56.6,278,46,595,298,983,11,4.55,0
7895,Kpendjal,Savanes,2020,150806,94.64,2,81,225,213,81.96,194,23,5507,161,1512,54,4.34,1
7896,Kloto,Plateaux,2023,145985,54.7,9,23,100,194,73.02,123,84,2463,284,1241,77,3.57,1
7897,Oti,Savanes,2021,123324,64.44,25,25,35,516,60.26,207,96,3344,237,1089,10,3.96,1
7898,Oti,Savanes,2022,123324,63.91,13,83,253,445,71.99,310,105,1967,92,1073,45,4.08,1
7899,Tchaoudjo,Centrale,2022,240360,62.01,28,69,98,519,97.84,214,29,5677,6,1708,31,2.96,1
7900,Oti-Sud,Savanes,2023,150806,63.54,5,91,174,541,77.63,375,26,5652,0,1206,47,3.81,1
7901,Sotouboua,Centrale,2021,141404,83.57,28,65,120,360,63.03,315,110,3915,106,1559,12,3.09,1
7902,Tandjoaré,Savanes,2020,35537,44.95,12,82,150,67,84.33,91,100,5498,150,839,40,3.04,1
7903,Assoli,Kara,2023,66492,58.19,30,95,268,179,52.55,200,54,5257,42,231,36,3.2,1
7904,Tchaoudjo,Centrale,2020,240360,56.52,9,72,44,311,96.07,154,76,4600,162,1803,8,3.45,1
7905,Sotouboua,Centrale,2023,141404,77.57,5,23,45,421,51.18,346,82,2424,145,1048,3,3.6,1
7906,Dankpen,Kara,2021,184632,85.5,7,75,218,400,56.14,372,31,2859,107,30,62,3.07,0
7907,Wawa,Plateaux,2020,101300,92.28,14,71,232,213,51.82,136,24,5221,254,619,13,2.52,1
7908,Mô,Centrale,2020,52448,91.34,25,70,28,281,52.01,250,62,2044,13,310,9,3.23,0
7909,Golfe,Maritime,2021,1305681,40.66,24,90,76,456,79.76,54,31,1022,137,1645,24,2.54,1
7910,Tchaoudjo,Centrale,2022,240360,80.58,6,18,27,315,74.27,260,57,4704,10,1593,26,2.74,1
7911,Ogou,Plateaux,2022,253467,86.15,19,69,140,112,89.23,338,115,3972,260,1735,12,4.42,1
7912,Vo,Maritime,2022,224411,66.34,23,7,93,476,55.97,86,112,4405,78,625,56,2.58,1
7913,Kloto,Plateaux,2020,145985,45.62,7,35,142,91,79.03,168,22,2806,42,789,79,2.98,1
7914,Tchaoudjo,Centrale,2022,240360,79.99,25,19,158,471,70.33,148,44,4763,251,34,54,2.8,1
7915,Agoè-Nyivé,Maritime,2020,882695,58.2,17,94,109,240,58.31,285,56,3380,136,1318,1,4.17,1
7916,Anié,Plateaux,2020,177188,93.67,30,64,271,594,54.96,262,117,4559,103,783,21,3.92,1
7917,Dankpen,Kara,2021,184632,93.76,20,30,43,149,58.22,197,92,3500,259,1389,49,4.74,1
7918,Kpélé,Plateaux,2020,81620,74.04,6,15,93,566,54.45,225,22,1038,10,878,43,3.35,0
7919,Assoli,Kara,2022,66492,92.05,30,87,136,544,81.08,276,40,4505,84,1871,54,3.01,1
7920,Vo,Maritime,2023,224411,61.63,22,91,153,458,92.71,275,70,1122,68,652,59,4.18,0
7921,Kéran,Kara,2022,123138,60.04,27,10,255,133,50.8,162,84,3648,289,1370,21,4.53,1
7922,Moyen-Mono,Plateaux,2023,90505,78.77,15,57,165,549,69.65,310,74,3276,295,118,75,3.48,0
7923,Kloto,Plateaux,2023,145985,61.93,3,40,93,74,83.81,374,44,2461,8,365,68,4.56,0
7924,Mô,Centrale,2022,52448,79.04,25,89,237,117,77.51,55,78,2199,195,1841,64,3.93,0
7925,Bas-Mono,Maritime,2020,95380,84.2,27,56,146,156,94.17,96,75,5181,109,651,35,3.61,1
7926,Bassar,Kara,2023,152038,57.51,30,71,298,227,72.14,57,96,388,138,201,64,4.77,1
7927,Cinkassé,Savanes,2021,173987,48.51,19,15,138,327,53.32,79,62,6000,86,1683,17,3.82,1
7928,Bassar,Kara,2020,152038,52.41,13,49,133,521,89.01,78,49,2118,246,1937,14,2.91,1
7929,Kéran,Kara,2020,123138,77.63,2,70,80,509,91.98,360,92,2108,198,1561,33,3.51,1
7930,Oti,Savanes,2023,123324,45.92,5,25,272,81,56.4,284,84,276,13,1804,69,3.4,1
7931,Vo,Maritime,2022,224411,45.69,6,11,241,321,68.07,59,74,2561,283,1122,5,2.58,1
7932,Kozah,Kara,2022,283738,76.67,16,49,133,430,64.83,134,98,204,63,995,3,3.94,1
7933,Blitta,Centrale,2022,218753,45.43,9,62,52,314,75.78,345,63,4725,255,1922,46,4.56,1
7934,Tône,Savanes,2022,388775,67.86,6,52,100,417,82.49,353,86,5834,278,829,64,2.86,1
7935,Binah,Kara,2020,84739,46.55,4,37,96,269,68.66,341,82,1473,208,1493,24,3.82,1
7936,Wawa,Plateaux,2020,101300,69.98,28,47,300,535,67.35,393,81,1001,126,848,32,3.94,1
7937,Anié,Plateaux,2020,177188,59.0,29,72,32,290,95.32,293,83,1215,234,416,66,3.24,1
7938,Akébou,Plateaux,2022,73188,42.9,4,74,244,552,95.15,165,91,5654,289,1149,71,3.72,1
7939,Tandjoaré,Savanes,2023,35537,88.71,13,38,151,76,76.42,308,108,3548,180,664,35,3.65,1
7940,Tchamba,Centrale,2023,200585,80.38,25,69,194,217,66.44,129,60,4324,112,1857,11,3.07,1
7941,Kéran,Kara,2020,123138,41.25,29,14,123,124,81.95,69,113,4646,271,386,54,3.9,1
7942,Tchamba,Centrale,2020,200585,94.57,9,16,102,242,82.9,360,116,1926,40,80,47,4.19,1
7943,Bas-Mono,Maritime,2022,95380,72.81,12,45,103,455,77.92,283,73,3435,65,860,37,4.77,0
7944,Agou,Plateaux,2022,85793,62.48,7,90,28,81,90.39,68,97,2859,283,856,58,4.09,1
7945,Tandjoaré,Savanes,2021,35537,52.44,6,78,265,243,91.11,300,108,3255,232,264,20,3.72,1
7946,Binah,Kara,2021,84739,65.16,22,95,53,121,85.85,392,109,352,257,164,72,4.49,1
7947,Ogou,Plateaux,2022,253467,51.6,8,6,235,385,83.26,126,38,3370,14,777,68,3.29,1
7948,Mô,Centrale,2020,52448,91.23,28,73,275,493,96.89,190,65,5000,242,589,49,4.74,1
7949,Moyen-Mono,Plateaux,2022,90505,40.65,24,94,170,192,80.16,255,69,3939,92,122,29,4.0,1
7950,Binah,Kara,2022,84739,89.57,3,18,290,550,82.06,117,47,4965,167,1353,58,3.91,1
7951,Binah,Kara,2020,84739,62.71,20,38,297,342,96.68,117,101,421,160,1322,39,4.35,1
7952,Est-Mono,Plateaux,2020,164460,52.05,17,70,278,581,79.6,291,36,2267,5,326,14,4.32,1
7953,Mô,Centrale,2023,52448,75.93,3,76,129,343,69.87,96,89,4246,183,1137,13,2.93,1
7954,Tchamba,Centrale,2021,200585,48.57,11,31,172,53,60.24,248,74,2047,208,1187,3,3.3,1
7955,Lacs,Maritime,2021,241207,94.36,4,68,88,589,82.65,95,80,1749,7,293,72,4.33,0
7956,Akébou,Plateaux,2023,73188,52.67,26,44,116,437,59.25,384,92,1043,115,176,68,3.22,1
7957,Tchaoudjo,Centrale,2021,240360,64.7,3,40,47,246,84.6,300,102,676,81,1096,56,3.51,1
7958,Sotouboua,Centrale,2023,141404,76.81,22,8,297,422,97.05,91,28,2873,33,976,36,3.03,0
7959,Kpendjal,Savanes,2022,150806,68.89,30,73,64,468,94.24,229,108,2168,104,116,3,3.76,1
7960,Kpélé,Plateaux,2022,81620,54.71,11,20,247,352,89.5,391,42,1581,9,693,36,3.39,1
7961,Tchaoudjo,Centrale,2020,240360,50.53,11,82,265,69,89.6,308,20,5323,0,1959,67,3.67,1
7962,Tchamba,Centrale,2023,200585,61.35,5,52,84,456,57.76,218,25,2680,249,636,68,3.37,0
7963,Oti,Savanes,2022,123324,62.28,3,93,158,396,67.97,67,22,3553,271,1134,6,2.59,0
7964,Golfe,Maritime,2022,1305681,83.71,27,41,112,362,59.56,204,46,4865,106,627,3,2.81,1
7965,Doufelgou,Kara,2021,87588,84.86,16,21,63,92,81.52,232,82,5371,223,139,44,2.96,1
7966,Vo,Maritime,2023,224411,53.63,19,38,236,500,90.84,357,87,673,56,1650,56,4.14,1
7967,Oti,Savanes,2020,123324,51.49,21,76,235,289,54.97,213,94,5982,184,1429,67,3.76,1
7968,Golfe,Maritime,2022,1305681,89.3,19,62,151,534,71.11,324,91,3796,17,1602,20,4.51,1
7969,Akébou,Plateaux,2021,73188,74.65,14,87,289,326,87.47,393,76,4993,250,1791,37,2.65,1
7970,Kpendjal-Ouest,Savanes,2020,120285,91.2,8,95,205,521,85.36,58,54,4955,115,1602,14,2.87,1
7971,Kloto,Plateaux,2023,145985,63.77,6,75,98,454,81.28,74,41,1478,181,1102,44,4.59,0
7972,Anié,Plateaux,2023,177188,74.23,14,85,188,304,67.43,349,119,3295,250,1248,12,3.7,1
7973,Oti-Sud,Savanes,2020,150806,85.55,21,26,269,285,89.37,314,28,5800,46,1285,75,3.28,1
7974,Agou,Plateaux,2023,85793,86.82,6,39,211,476,92.74,138,87,2036,187,421,55,3.46,1
7975,Est-Mono,Plateaux,2023,164460,41.47,6,95,24,313,54.34,235,88,1375,267,1675,39,4.54,1
7976,Assoli,Kara,2023,66492,65.23,2,96,40,118,83.49,187,81,1732,92,99,74,4.48,1
7977,Akébou,Plateaux,2020,73188,56.51,13,67,232,400,54.82,80,45,5122,239,957,64,4.74,1
7978,Oti,Savanes,2022,123324,77.46,30,47,63,377,84.35,210,93,4859,237,1067,24,3.07,1
7979,Tône,Savanes,2022,388775,85.78,20,74,42,578,54.95,390,39,5205,281,435,14,3.92,1
7980,Tchamba,Centrale,2022,200585,43.11,30,5,269,64,74.56,369,62,5988,229,623,73,4.33,1
7981,Sotouboua,Centrale,2021,141404,57.46,27,97,172,312,95.03,156,57,467,289,1266,17,2.79,1
7982,Agou,Plateaux,2021,85793,79.69,8,68,263,280,58.84,115,81,2805,197,1649,68,4.52,1
7983,Moyen-Mono,Plateaux,2023,90505,48.93,17,38,194,179,92.13,198,49,5475,257,785,6,3.86,1
7984,Tône,Savanes,2021,388775,42.4,28,10,271,241,76.81,199,35,2479,52,1717,66,3.2,1
7985,Dankpen,Kara,2021,184632,40.19,4,56,112,71,95.41,176,103,2099,271,1009,69,4.2,1
7986,Tône,Savanes,2020,388775,81.26,10,5,138,285,62.1,64,77,2656,106,1904,74,4.68,0
7987,Danyi,Plateaux,2020,40240,68.95,13,28,284,598,66.69,232,47,251,238,1491,59,4.36,0
7988,Est-Mono,Plateaux,2020,164460,76.42,27,64,93,558,65.52,291,30,1334,263,963,18,2.85,0
7989,Lacs,Maritime,2022,241207,48.24,25,46,215,61,53.03,278,21,5673,129,240,5,3.57,1
7990,Anié,Plateaux,2020,177188,91.32,21,71,290,303,67.43,127,57,5116,134,1557,64,2.84,1
7991,Anié,Plateaux,2023,177188,80.38,3,73,169,403,53.38,195,44,1765,181,1294,24,3.73,0
7992,Kozah,Kara,2023,283738,68.55,24,35,258,294,89.76,332,45,5656,156,1120,9,4.46,1
7993,Kpendjal-Ouest,Savanes,2020,120285,89.1,10,40,141,379,52.35,64,111,360,285,1546,53,3.33,1
7994,Mô,Centrale,2022,52448,61.86,29,76,290,232,85.83,265,51,1816,91,1170,69,2.91,0
7995,Binah,Kara,2020,84739,78.67,23,59,172,377,84.55,81,53,283,85,1090,4,2.75,0
7996,Blitta,Centrale,2022,218753,56.37,24,5,86,557,89.71,302,29,3702,208,618,5,2.59,1
7997,Est-Mono,Plateaux,2023,164460,53.43,17,44,275,340,58.86,289,98,555,152,763,68,4.38,1
7998,Doufelgou,Kara,2021,87588,40.39,16,96,261,431,50.07,156,69,4366,259,1106,21,3.16,1
7999,Est-Mono,Plateaux,2022,164460,83.08,26,81,213,549,63.54,95,25,4124,292,1527,59,3.49,1
8000,Oti,Savanes,2020,123324,55.44,6,30,109,559,93.5,234,27,634,25,1936,34,3.05,1
8001,Kpendjal-Ouest,Savanes,2020,120285,81.75,27,14,232,216,63.66,365,120,4891,164,1662,40,3.76,1
8002,Danyi,Plateaux,2020,40240,57.41,20,68,168,196,78.5,276,67,5530,144,91,20,4.13,1
8003,Mô,Centrale,2022,52448,46.39,17,36,159,362,82.93,62,67,5054,139,1249,57,3.03,1
8004,Agoè-Nyivé,Maritime,2023,882695,88.67,18,37,231,525,65.7,143,104,1002,33,1790,53,4.78,1
8005,Danyi,Plateaux,2021,40240,75.35,20,11,158,374,92.49,219,98,779,240,125,54,4.23,1
8006,Yoto,Maritime,2022,174451,41.58,20,34,116,124,84.44,333,109,392,74,528,60,2.86,1
8007,Kpélé,Plateaux,2020,81620,84.53,7,96,139,125,70.46,115,26,2989,159,1492,43,2.83,0
8008,Assoli,Kara,2023,66492,63.78,8,86,186,244,81.2,294,63,4063,234,1281,66,4.11,1
8009,Moyen-Mono,Plateaux,2023,90505,51.07,17,40,231,346,87.65,139,71,408,68,1278,31,4.31,1
8010,Golfe,Maritime,2022,1305681,62.98,6,58,150,316,92.39,186,73,3189,62,1756,12,3.15,0
8011,Kpélé,Plateaux,2022,81620,66.99,29,66,63,298,82.72,322,40,2703,175,1220,12,3.68,0
8012,Binah,Kara,2021,84739,92.53,3,88,266,235,94.16,289,66,3682,4,75,51,2.53,0
8013,Zio,Maritime,2023,500032,93.12,4,31,277,373,65.35,188,92,4593,156,994,2,3.33,1
8014,Kpendjal,Savanes,2023,150806,89.27,18,26,292,439,86.31,283,65,3484,31,498,79,2.61,0
8015,Akébou,Plateaux,2020,73188,81.59,8,57,93,488,60.46,266,78,745,221,505,57,3.12,0
8016,Tchamba,Centrale,2022,200585,79.68,23,55,244,269,90.0,366,53,1261,128,974,26,2.67,0
8017,Kpélé,Plateaux,2020,81620,51.04,23,89,202,233,51.54,306,90,5602,112,1314,34,4.27,1
8018,Bas-Mono,Maritime,2022,95380,71.57,22,92,142,96,67.42,329,29,5845,142,1377,77,3.07,1
8019,Oti,Savanes,2021,123324,48.95,22,91,233,533,60.81,354,31,227,298,642,70,3.32,1
8020,Assoli,Kara,2021,66492,84.34,17,53,121,470,88.64,235,51,3772,233,1631,8,3.6,0
8021,Tchaoudjo,Centrale,2022,240360,69.13,28,73,63,352,58.2,194,74,5106,40,425,77,2.73,1
8022,Moyen-Mono,Plateaux,2020,90505,69.81,29,61,71,429,63.34,173,81,724,198,1366,17,4.26,1
8023,Oti,Savanes,2021,123324,93.76,12,51,70,113,73.32,358,103,5734,233,969,15,4.03,1
8024,Lacs,Maritime,2021,241207,50.62,12,71,162,251,70.02,257,118,262,132,463,48,2.53,1
8025,Cinkassé,Savanes,2020,173987,40.58,13,48,80,193,63.1,153,82,858,148,753,23,3.91,1
8026,Yoto,Maritime,2022,174451,80.55,5,78,104,568,54.52,124,57,2232,272,1611,55,3.09,0
8027,Blitta,Centrale,2023,218753,40.38,16,82,60,172,97.94,184,104,4600,117,912,8,3.04,1
8028,Ogou,Plateaux,2023,253467,94.09,23,41,206,174,52.41,224,93,864,95,291,30,3.0,1
8029,Ogou,Plateaux,2023,253467,45.74,8,89,69,69,59.58,178,71,5085,20,1657,73,4.79,1
8030,Golfe,Maritime,2023,1305681,75.93,28,43,287,472,85.74,281,77,5043,36,1844,52,4.57,1
8031,Oti,Savanes,2022,123324,45.37,11,6,122,516,53.66,399,111,3067,105,427,17,3.04,1
8032,Moyen-Mono,Plateaux,2020,90505,50.59,16,62,166,590,95.59,98,82,1773,87,915,1,4.46,1
8033,Kpendjal-Ouest,Savanes,2020,120285,53.57,25,67,158,176,71.35,150,90,5398,227,1942,29,4.35,1
8034,Yoto,Maritime,2020,174451,78.58,6,82,254,447,79.75,90,115,1704,49,1111,8,3.32,1
8035,Oti-Sud,Savanes,2020,150806,49.9,10,13,28,578,94.09,383,72,1150,300,1959,43,3.78,1
8036,Kpendjal,Savanes,2022,150806,59.85,27,39,37,514,76.45,282,56,3787,41,1125,50,4.51,1
8037,Blitta,Centrale,2022,218753,49.14,30,96,283,202,56.84,289,60,584,213,522,47,3.83,1
8038,Est-Mono,Plateaux,2022,164460,78.03,8,66,51,487,53.1,242,24,2725,195,1549,42,2.84,0
8039,Assoli,Kara,2022,66492,92.76,27,45,112,129,55.47,336,37,429,195,1325,17,2.73,0
8040,Avé,Maritime,2022,111214,78.48,22,54,199,108,85.36,220,53,4078,65,823,63,3.7,1
8041,Est-Mono,Plateaux,2021,164460,64.42,6,51,96,215,86.13,230,40,5833,291,619,56,3.65,1
8042,Binah,Kara,2020,84739,94.27,14,87,20,377,56.42,191,25,4954,86,1821,48,4.44,1
8043,Tchaoudjo,Centrale,2021,240360,74.49,5,32,171,212,74.85,141,54,430,283,373,60,3.05,0
8044,Kozah,Kara,2021,283738,85.58,4,34,39,385,90.99,383,53,2993,15,1215,13,2.81,0
8045,Blitta,Centrale,2021,218753,52.99,19,94,176,546,79.87,362,48,1142,229,596,12,2.92,1
8046,Danyi,Plateaux,2023,40240,70.75,6,50,116,476,62.4,106,70,4735,176,955,20,4.66,1
8047,Tandjoaré,Savanes,2023,35537,68.27,9,95,230,539,87.8,308,76,4978,191,1887,80,3.2,1
8048,Est-Mono,Plateaux,2023,164460,41.47,29,14,39,480,77.41,391,112,3802,129,1461,74,2.86,1
8049,Oti-Sud,Savanes,2022,150806,45.62,17,51,54,264,71.72,336,82,4332,240,740,56,4.05,1
8050,Ogou,Plateaux,2021,253467,67.81,5,74,93,264,90.26,110,100,5941,182,1659,25,3.73,1
8051,Dankpen,Kara,2023,184632,85.53,22,60,102,127,81.43,166,65,4048,140,402,54,4.07,1
8052,Blitta,Centrale,2020,218753,64.47,4,17,51,292,63.42,196,109,5790,43,1631,37,4.44,1
8053,Cinkassé,Savanes,2023,173987,90.7,16,14,249,489,67.0,279,41,5541,73,1284,54,4.62,1
8054,Danyi,Plateaux,2022,40240,90.59,15,92,50,258,54.52,273,47,3768,155,1422,61,4.38,0
8055,Wawa,Plateaux,2020,101300,91.76,2,30,244,426,73.78,323,44,5397,132,39,6,4.63,1
8056,Bassar,Kara,2023,152038,45.98,9,85,207,356,76.96,291,56,2114,13,763,73,4.1,1
8057,Tchamba,Centrale,2023,200585,87.03,26,98,234,308,74.24,301,107,2689,86,557,24,4.09,1
8058,Zio,Maritime,2021,500032,79.28,6,81,131,488,70.12,241,70,579,165,494,18,2.82,0
8059,Oti-Sud,Savanes,2023,150806,56.7,13,48,110,417,55.44,134,93,4966,87,802,58,3.24,1
8060,Danyi,Plateaux,2021,40240,81.66,26,41,275,311,82.82,329,38,1375,12,512,38,4.76,0
8061,Sotouboua,Centrale,2022,141404,54.85,7,64,199,427,65.87,349,74,3933,23,905,23,3.82,1
8062,Agoè-Nyivé,Maritime,2021,882695,59.72,20,14,173,573,65.52,77,95,3678,198,1911,55,3.97,1
8063,Cinkassé,Savanes,2021,173987,92.24,14,16,96,178,62.17,167,56,730,290,1037,22,3.76,0
8064,Oti-Sud,Savanes,2023,150806,79.99,9,6,242,123,68.04,290,77,3227,177,266,34,4.11,0
8065,Blitta,Centrale,2020,218753,47.58,19,43,219,413,68.88,153,34,633,268,259,31,4.34,1
8066,Kloto,Plateaux,2020,145985,51.69,3,93,45,69,81.8,392,111,4551,95,1067,25,2.6,1
8067,Kloto,Plateaux,2020,145985,62.15,10,82,132,404,74.33,250,111,496,167,1861,13,2.86,1
8068,Anié,Plateaux,2021,177188,41.57,15,68,236,64,79.5,57,95,1337,69,1523,50,4.74,1
8069,Binah,Kara,2022,84739,56.31,6,23,42,285,89.65,385,90,5401,225,1660,49,2.68,1
8070,Agou,Plateaux,2021,85793,42.48,28,89,265,111,65.19,229,94,5618,13,767,55,2.67,1
8071,Agoè-Nyivé,Maritime,2022,882695,58.24,2,15,212,423,85.14,113,92,3576,89,1762,17,2.59,1
8072,Moyen-Mono,Plateaux,2021,90505,55.3,7,34,46,349,67.61,167,114,4207,69,408,53,2.85,1
8073,Sotouboua,Centrale,2022,141404,88.22,22,34,132,589,96.0,255,72,5974,256,598,21,3.56,1
8074,Danyi,Plateaux,2023,40240,74.39,12,32,281,420,80.47,253,47,2236,92,522,79,4.23,0
8075,Tchaoudjo,Centrale,2022,240360,41.31,3,67,57,390,91.33,271,119,4365,260,1343,61,4.13,1
8076,Ogou,Plateaux,2023,253467,58.73,28,58,285,83,80.84,150,88,464,149,1467,15,4.65,1
8077,Agoè-Nyivé,Maritime,2021,882695,71.07,19,5,174,260,71.64,400,45,3559,18,1575,22,3.14,0
8078,Agou,Plateaux,2020,85793,41.95,7,15,105,274,85.3,312,21,1427,216,566,36,3.82,1
8079,Tchamba,Centrale,2023,200585,78.8,18,59,241,240,85.87,77,69,5329,49,257,38,2.62,1
8080,Mô,Centrale,2022,52448,71.19,30,67,261,403,83.18,108,51,950,215,397,37,2.57,0
8081,Kpendjal-Ouest,Savanes,2023,120285,61.19,13,82,241,456,81.25,123,42,3535,105,1173,27,2.65,0
8082,Kéran,Kara,2021,123138,71.77,20,26,35,275,70.56,184,44,881,31,1615,45,3.73,0
8083,Kpendjal-Ouest,Savanes,2021,120285,58.3,16,5,236,199,89.74,374,22,5759,176,438,4,2.76,1
8084,Ogou,Plateaux,2023,253467,85.01,18,96,70,159,50.02,53,117,2968,207,763,39,3.3,1
8085,Mô,Centrale,2020,52448,90.29,14,84,166,566,66.37,169,26,3877,235,1764,60,4.54,0
8086,Tchamba,Centrale,2020,200585,61.98,2,15,273,354,53.21,81,73,383,235,279,31,4.38,0
8087,Kozah,Kara,2021,283738,81.84,7,99,53,419,85.88,332,84,1815,192,802,8,4.5,1
8088,Tône,Savanes,2020,388775,92.89,10,74,121,465,67.84,241,45,5430,252,301,18,2.9,1
8089,Tandjoaré,Savanes,2022,35537,73.49,21,43,151,183,71.59,82,116,5148,5,1780,21,2.8,1
8090,Tandjoaré,Savanes,2020,35537,91.56,26,97,249,260,62.91,371,92,1883,239,516,55,2.59,1
8091,Doufelgou,Kara,2023,87588,59.8,10,25,101,314,95.42,336,93,1572,269,1581,0,2.94,1
8092,Moyen-Mono,Plateaux,2021,90505,63.91,6,39,102,420,95.03,202,63,5147,186,741,44,3.74,1
8093,Mô,Centrale,2022,52448,48.79,29,8,224,405,56.16,275,42,3469,58,1198,21,3.65,1
8094,Tône,Savanes,2022,388775,59.28,8,80,224,63,72.21,99,92,3809,190,113,24,2.96,1
8095,Akébou,Plateaux,2022,73188,85.18,5,11,94,202,69.88,81,28,1316,289,113,36,4.18,0
8096,Haho,Plateaux,2023,305096,48.03,19,31,36,556,89.54,358,44,702,77,757,32,2.88,1
8097,Yoto,Maritime,2023,174451,90.41,8,6,291,159,96.56,183,90,4843,111,1088,45,4.09,1
8098,Vo,Maritime,2020,224411,82.05,24,15,35,580,83.13,312,68,3243,234,1544,27,3.92,0
8099,Akébou,Plateaux,2023,73188,91.32,28,70,130,353,92.9,159,58,2380,35,61,59,4.63,0
8100,Blitta,Centrale,2021,218753,84.96,29,55,34,470,68.15,310,49,3364,184,1640,70,2.98,0
8101,Kpélé,Plateaux,2021,81620,50.53,28,86,122,161,62.46,349,78,2887,240,1005,66,2.9,1
8102,Avé,Maritime,2022,111214,53.61,8,17,62,482,82.51,384,60,1338,90,28,61,3.18,1
8103,Amou,Plateaux,2023,110948,93.62,4,86,206,598,96.61,364,35,5455,84,427,56,4.78,1
8104,Lacs,Maritime,2020,241207,81.82,23,84,140,575,73.33,122,43,1498,291,884,17,2.66,0
8105,Haho,Plateaux,2023,305096,61.3,6,51,145,141,83.98,238,35,3387,61,380,36,3.15,0
8106,Kloto,Plateaux,2022,145985,44.57,11,65,270,245,93.37,277,82,2920,31,776,11,4.67,1
8107,Akébou,Plateaux,2021,73188,68.63,7,43,275,456,60.66,341,42,4015,191,1884,31,3.8,1
8108,Kozah,Kara,2022,283738,58.14,2,95,152,403,86.27,371,86,5447,163,424,78,3.94,1
8109,Tchamba,Centrale,2023,200585,48.92,18,5,57,280,83.57,129,66,3072,124,1102,64,3.81,1
8110,Bas-Mono,Maritime,2021,95380,65.57,28,74,50,454,88.26,92,63,3575,133,428,43,3.48,0
8111,Yoto,Maritime,2021,174451,40.6,5,54,262,168,77.89,256,107,3253,170,1524,12,4.63,1
8112,Kpendjal-Ouest,Savanes,2023,120285,94.33,9,51,297,399,85.73,227,80,4875,278,1793,46,4.38,1
8113,Lacs,Maritime,2023,241207,87.23,28,33,256,281,88.2,58,74,1889,294,1322,34,4.3,0
8114,Blitta,Centrale,2021,218753,59.79,19,59,184,261,66.82,312,22,1813,198,1705,66,4.01,1
8115,Kpélé,Plateaux,2022,81620,88.58,27,22,223,53,64.84,327,22,1351,42,699,49,3.53,0
8116,Mô,Centrale,2022,52448,42.44,22,19,47,343,61.21,90,115,1468,250,1792,1,2.9,1
8117,Tchamba,Centrale,2022,200585,64.0,8,98,207,262,58.03,295,73,545,246,158,45,3.09,0
8118,Kozah,Kara,2023,283738,76.04,20,80,210,564,55.26,336,80,4050,126,132,80,3.99,1
8119,Anié,Plateaux,2020,177188,44.5,9,34,114,472,97.18,337,102,422,187,894,17,2.5,1
8120,Kpendjal,Savanes,2021,150806,89.29,28,95,71,152,94.87,393,93,4354,96,792,66,3.15,1
8121,Kpélé,Plateaux,2022,81620,47.74,10,31,78,430,73.25,358,75,3108,67,82,46,3.37,1
8122,Mô,Centrale,2021,52448,60.66,17,13,296,262,71.1,334,93,1710,290,1861,20,2.59,1
8123,Tchaoudjo,Centrale,2021,240360,67.52,7,19,246,239,96.53,205,72,4470,107,347,75,4.45,1
8124,Tchamba,Centrale,2023,200585,79.63,26,70,203,593,77.64,100,120,4241,285,702,37,3.52,1
8125,Yoto,Maritime,2020,174451,69.4,15,65,69,240,95.25,316,78,3062,46,439,35,4.52,0
8126,Bassar,Kara,2020,152038,43.95,14,70,76,147,77.77,133,108,1241,38,1322,57,3.42,1
8127,Akébou,Plateaux,2023,73188,61.81,8,77,168,510,60.1,237,78,1775,147,926,44,3.53,0
8128,Tandjoaré,Savanes,2020,35537,40.03,5,34,272,412,85.04,320,120,3751,11,104,16,4.63,1
8129,Kloto,Plateaux,2022,145985,53.37,2,22,193,548,92.35,133,105,2247,149,2,38,2.79,1
8130,Kpendjal,Savanes,2021,150806,75.85,8,100,117,227,95.11,350,114,4829,180,1118,73,3.44,1
8131,Moyen-Mono,Plateaux,2022,90505,63.18,11,51,47,588,68.01,52,52,2842,260,1310,19,3.34,0
8132,Bas-Mono,Maritime,2021,95380,53.23,19,95,53,61,81.98,130,22,5536,261,131,69,2.59,1
8133,Haho,Plateaux,2022,305096,47.12,13,29,259,503,82.16,233,61,2904,80,985,54,2.51,1
8134,Oti-Sud,Savanes,2021,150806,68.14,20,72,85,537,51.26,224,119,513,77,1405,34,2.75,1
8135,Mô,Centrale,2020,52448,76.92,5,33,210,579,59.03,68,38,3616,229,1636,3,2.82,0
8136,Kpendjal,Savanes,2020,150806,94.85,13,93,46,419,79.83,146,89,2772,60,1479,69,4.43,1
8137,Kéran,Kara,2020,123138,92.14,17,32,36,577,70.8,238,114,3595,80,237,12,3.24,1
8138,Vo,Maritime,2021,224411,76.48,12,27,77,449,82.73,400,36,347,199,595,33,4.12,0
8139,Kpendjal-Ouest,Savanes,2022,120285,41.39,21,18,154,180,62.4,163,99,5428,160,246,20,3.7,1
8140,Oti-Sud,Savanes,2021,150806,47.99,24,28,54,442,92.45,363,61,4758,209,1701,46,4.21,1
8141,Agoè-Nyivé,Maritime,2021,882695,70.22,9,22,93,366,75.08,87,109,5023,29,939,50,3.15,1
8142,Mô,Centrale,2023,52448,74.29,18,98,200,396,79.24,76,111,1746,167,1967,42,3.91,1
8143,Cinkassé,Savanes,2022,173987,73.88,20,36,209,435,73.25,83,101,1243,263,1155,74,3.65,1
8144,Agou,Plateaux,2020,85793,83.72,12,59,112,566,61.99,74,23,1884,152,1574,7,4.64,0
8145,Yoto,Maritime,2022,174451,79.62,10,98,291,347,57.12,212,38,4360,40,976,24,4.39,1
8146,Anié,Plateaux,2022,177188,72.37,10,34,47,390,93.61,387,40,2405,77,662,72,4.61,0
8147,Kozah,Kara,2023,283738,88.72,25,5,123,155,54.42,59,57,4680,38,965,23,3.34,1
8148,Yoto,Maritime,2023,174451,70.18,9,90,192,571,70.19,117,113,2710,248,867,9,2.87,1
8149,Tchamba,Centrale,2020,200585,83.65,17,22,28,473,82.13,258,20,2061,224,1170,16,3.43,0
8150,Kéran,Kara,2020,123138,57.38,17,15,54,365,84.06,293,35,3896,220,1478,59,3.82,1
8151,Amou,Plateaux,2020,110948,92.92,10,19,283,453,50.94,367,71,3730,289,529,52,3.95,0
8152,Cinkassé,Savanes,2022,173987,92.94,21,75,56,359,55.26,57,29,5544,261,822,25,3.59,1
8153,Lacs,Maritime,2021,241207,75.85,28,84,152,387,59.36,362,40,570,76,1498,52,4.73,0
8154,Binah,Kara,2022,84739,73.21,4,75,247,145,79.35,159,64,2726,101,1707,71,3.16,0
8155,Ogou,Plateaux,2023,253467,57.18,23,76,30,594,88.3,205,109,2911,217,1321,78,4.27,1
8156,Yoto,Maritime,2022,174451,94.16,23,25,277,70,63.65,205,28,1314,160,514,73,4.0,0
8157,Akébou,Plateaux,2020,73188,72.14,22,40,295,78,51.66,244,93,2172,6,396,61,3.95,1
8158,Lacs,Maritime,2020,241207,48.77,20,47,126,402,94.87,274,88,1225,91,909,67,3.65,1
8159,Haho,Plateaux,2021,305096,70.01,14,63,231,137,53.07,259,37,2646,204,1850,12,2.62,0
8160,Agou,Plateaux,2020,85793,77.31,9,90,51,207,63.06,358,53,3934,91,707,18,3.4,0
8161,Anié,Plateaux,2023,177188,86.91,8,89,211,229,83.43,148,75,5818,137,981,47,3.93,1
8162,Sotouboua,Centrale,2022,141404,53.29,22,94,146,239,71.86,327,78,2170,225,1730,66,2.96,1
8163,Moyen-Mono,Plateaux,2021,90505,74.42,3,95,45,240,77.73,222,41,5290,5,1539,57,3.98,1
8164,Moyen-Mono,Plateaux,2022,90505,64.4,23,59,215,406,58.12,109,34,3867,251,1845,43,2.85,0
8165,Kloto,Plateaux,2022,145985,53.39,5,32,241,474,61.82,58,33,2873,245,552,69,4.13,1
8166,Kloto,Plateaux,2021,145985,85.59,9,73,224,182,50.99,372,67,3184,147,372,40,3.38,0
8167,Wawa,Plateaux,2021,101300,68.79,30,73,27,600,55.93,220,35,1277,238,512,41,3.23,0
8168,Oti,Savanes,2021,123324,69.07,26,28,222,468,58.42,267,95,636,186,775,0,3.21,1
8169,Tchaoudjo,Centrale,2021,240360,71.09,20,62,189,146,71.41,381,106,5777,102,763,28,3.96,1
8170,Ogou,Plateaux,2022,253467,72.83,7,49,256,121,78.05,291,93,4822,285,1880,57,3.89,1
8171,Lacs,Maritime,2023,241207,47.77,8,45,244,583,64.44,197,39,3983,277,1291,35,3.3,1
8172,Est-Mono,Plateaux,2021,164460,75.89,6,88,196,594,64.27,196,100,1327,194,1949,52,3.82,1
8173,Avé,Maritime,2020,111214,74.56,17,51,28,103,52.44,114,96,2308,231,1103,74,3.77,1
8174,Kloto,Plateaux,2021,145985,81.66,29,96,139,422,71.34,68,31,890,288,803,16,3.56,0
8175,Blitta,Centrale,2021,218753,67.44,28,27,80,297,71.07,300,119,2294,129,460,11,3.18,1
8176,Lacs,Maritime,2020,241207,72.09,13,50,138,202,72.85,281,112,2373,164,1744,64,3.43,1
8177,Cinkassé,Savanes,2020,173987,62.97,17,17,198,267,67.11,74,87,3299,134,1920,67,3.19,1
8178,Assoli,Kara,2020,66492,80.81,18,17,270,345,57.41,374,31,958,80,1377,5,4.6,0
8179,Bassar,Kara,2021,152038,60.13,23,54,86,186,86.67,345,109,3123,133,1483,4,4.37,1
8180,Haho,Plateaux,2022,305096,89.14,10,65,289,410,63.7,84,58,1741,178,1452,49,3.41,0
8181,Dankpen,Kara,2022,184632,90.13,21,91,172,57,74.56,210,69,2069,199,691,48,4.11,0
8182,Kpélé,Plateaux,2020,81620,54.25,21,34,24,562,72.47,93,21,962,53,421,23,3.11,1
8183,Tandjoaré,Savanes,2020,35537,75.19,11,6,60,419,58.89,330,33,961,184,1130,57,3.58,0
8184,Dankpen,Kara,2020,184632,75.33,29,34,150,460,87.57,167,75,5042,293,1636,69,3.44,1
8185,Akébou,Plateaux,2022,73188,49.79,18,100,274,275,86.24,132,109,2154,1,1129,23,3.51,1
8186,Doufelgou,Kara,2020,87588,49.75,25,71,241,518,51.69,232,54,3500,201,1003,1,3.53,1
8187,Haho,Plateaux,2022,305096,53.01,6,87,293,566,54.24,281,23,3441,256,1850,73,4.23,1
8188,Kéran,Kara,2022,123138,89.66,9,57,242,174,64.98,237,106,1179,25,1274,76,3.98,1
8189,Doufelgou,Kara,2021,87588,65.88,20,63,85,139,84.46,104,82,3346,47,184,17,3.81,1
8190,Cinkassé,Savanes,2022,173987,54.05,9,37,276,520,52.07,159,52,3388,285,595,70,4.51,1
8191,Ogou,Plateaux,2021,253467,45.29,10,85,273,391,52.62,96,51,4149,153,37,2,3.91,1
8192,Cinkassé,Savanes,2023,173987,81.61,21,58,102,85,79.83,177,34,1308,78,1722,36,4.46,0
8193,Golfe,Maritime,2022,1305681,43.99,25,52,140,87,58.55,151,120,3188,105,1995,12,2.99,1
8194,Mô,Centrale,2023,52448,70.33,26,50,36,417,54.3,236,108,1839,9,223,45,2.91,1
8195,Kozah,Kara,2022,283738,76.08,22,78,177,202,97.57,71,63,2780,233,847,65,3.13,0
8196,Akébou,Plateaux,2023,73188,64.95,29,57,84,150,87.07,185,34,2717,124,324,23,4.0,0
8197,Moyen-Mono,Plateaux,2023,90505,49.65,15,55,40,435,84.57,392,47,651,187,398,68,3.55,1
8198,Wawa,Plateaux,2022,101300,80.78,26,13,184,69,76.18,97,31,3742,245,20,34,3.84,0
8199,Tchaoudjo,Centrale,2023,240360,50.14,25,71,176,175,60.36,306,108,3880,157,895,43,3.83,1
8200,Amou,Plateaux,2020,110948,42.68,15,82,43,77,95.94,392,110,454,101,814,9,3.03,1
8201,Danyi,Plateaux,2023,40240,93.74,4,35,180,267,61.05,108,28,216,261,759,43,4.57,0
8202,Blitta,Centrale,2021,218753,91.88,13,72,272,77,90.9,363,66,3294,144,804,10,3.83,0
8203,Est-Mono,Plateaux,2020,164460,40.11,5,80,161,445,84.79,347,75,1218,291,1620,54,2.91,1
8204,Kpendjal,Savanes,2020,150806,67.14,6,42,218,481,84.3,318,21,4542,27,619,79,3.7,1
8205,Mô,Centrale,2021,52448,68.89,9,34,163,260,54.65,237,23,3934,104,119,32,2.87,0
8206,Kloto,Plateaux,2021,145985,53.31,30,45,134,577,59.04,196,65,5146,232,1982,63,4.51,1
8207,Anié,Plateaux,2020,177188,77.38,6,42,176,582,60.62,321,62,4089,50,763,31,2.52,1
8208,Haho,Plateaux,2021,305096,53.1,24,59,130,501,76.22,107,67,4025,14,202,26,3.87,1
8209,Kozah,Kara,2023,283738,70.63,12,10,273,514,83.8,353,106,1458,141,447,64,4.05,1
8210,Haho,Plateaux,2023,305096,50.65,19,85,136,89,92.59,297,95,2061,174,1893,52,2.7,1
8211,Amou,Plateaux,2022,110948,49.56,30,34,43,384,74.11,207,67,5980,44,735,1,4.47,1
8212,Kpendjal,Savanes,2020,150806,44.18,3,49,122,589,97.55,94,97,4016,1,508,75,2.64,1
8213,Akébou,Plateaux,2020,73188,92.08,7,64,22,235,90.47,251,97,4011,137,1467,5,4.36,1
8214,Kpélé,Plateaux,2023,81620,42.82,4,6,86,333,84.64,274,42,4255,160,180,26,3.83,1
8215,Binah,Kara,2021,84739,47.49,28,31,263,55,67.95,58,52,2491,94,647,65,3.97,1
8216,Akébou,Plateaux,2022,73188,80.43,8,20,145,568,93.37,71,112,5866,242,1945,57,3.69,1
8217,Oti,Savanes,2021,123324,74.23,20,64,92,330,87.48,211,96,5098,193,117,0,3.1,1
8218,Binah,Kara,2021,84739,92.98,6,75,215,564,77.93,365,54,3738,172,1530,63,3.13,0
8219,Bas-Mono,Maritime,2022,95380,64.36,12,45,77,513,81.65,376,107,3504,38,1777,61,3.76,1
8220,Haho,Plateaux,2021,305096,66.24,11,97,96,199,89.67,340,67,1212,38,1720,41,3.12,0
8221,Cinkassé,Savanes,2022,173987,40.35,28,22,102,272,95.26,308,111,5739,121,126,16,3.74,1
8222,Danyi,Plateaux,2021,40240,50.42,5,37,213,323,50.22,236,99,1340,49,858,47,4.2,1
8223,Akébou,Plateaux,2020,73188,41.26,18,65,106,201,97.86,167,59,1371,108,413,12,3.25,1
8224,Est-Mono,Plateaux,2020,164460,50.59,16,50,55,198,57.53,320,20,2857,82,725,73,3.25,1
8225,Dankpen,Kara,2023,184632,75.42,9,28,44,247,64.02,399,95,4418,73,1190,67,3.63,1
8226,Avé,Maritime,2023,111214,71.53,16,93,102,320,54.2,346,21,1411,148,146,59,3.22,0
8227,Oti-Sud,Savanes,2021,150806,85.35,26,89,300,334,75.56,320,40,5345,104,361,41,3.06,1
8228,Oti,Savanes,2022,123324,64.91,10,76,75,459,81.3,248,50,3478,7,676,6,4.41,0
8229,Ogou,Plateaux,2021,253467,69.86,4,92,225,535,64.04,204,101,3255,42,1510,0,3.28,1
8230,Moyen-Mono,Plateaux,2021,90505,60.18,22,88,32,467,76.19,381,94,1916,267,1047,52,3.21,1
8231,Bassar,Kara,2020,152038,69.55,4,68,133,66,64.54,275,23,4960,265,1224,34,4.53,1
8232,Bassar,Kara,2023,152038,40.53,18,21,160,453,80.76,284,81,3512,164,1352,40,4.57,1
8233,Dankpen,Kara,2021,184632,94.08,16,94,124,124,55.82,277,112,1913,195,846,21,3.97,1
8234,Kpendjal,Savanes,2023,150806,73.37,28,83,34,141,60.27,151,94,4869,166,392,30,4.72,1
8235,Kéran,Kara,2022,123138,68.51,15,81,250,92,84.14,168,26,4097,0,1457,57,4.42,1
8236,Blitta,Centrale,2022,218753,61.37,19,52,292,499,55.94,158,57,2875,79,793,72,4.66,0
8237,Vo,Maritime,2023,224411,73.76,24,81,266,463,72.1,105,40,5251,64,645,52,2.9,1
8238,Haho,Plateaux,2023,305096,45.42,17,96,84,204,72.38,157,103,1391,223,1297,70,3.05,1
8239,Tchaoudjo,Centrale,2021,240360,73.1,8,64,82,180,73.88,236,26,2474,29,623,66,3.69,0
8240,Agou,Plateaux,2023,85793,89.44,26,64,25,250,73.87,360,74,1265,187,834,11,3.05,0
8241,Wawa,Plateaux,2021,101300,67.19,5,51,155,338,82.99,149,43,2586,228,561,8,4.16,0
8242,Golfe,Maritime,2022,1305681,49.37,24,88,212,425,90.01,366,30,2624,130,632,19,2.81,1
8243,Kozah,Kara,2023,283738,84.74,22,8,111,235,66.83,131,68,3696,43,670,24,3.1,0
8244,Kpélé,Plateaux,2021,81620,82.3,3,13,283,71,66.18,384,30,2711,256,939,35,2.54,0
8245,Tône,Savanes,2023,388775,74.22,15,81,159,475,64.67,372,90,564,162,1364,46,4.23,1
8246,Kpélé,Plateaux,2023,81620,46.01,24,71,96,314,75.19,191,50,291,212,50,12,3.2,1
8247,Kloto,Plateaux,2021,145985,50.51,28,32,172,177,81.99,218,104,3207,82,129,58,2.6,1
8248,Mô,Centrale,2022,52448,84.69,16,65,281,204,66.87,297,113,5712,250,340,72,2.64,1
8249,Golfe,Maritime,2020,1305681,40.08,3,72,271,258,73.1,343,69,3128,3,693,48,3.9,1
8250,Oti-Sud,Savanes,2021,150806,90.12,21,41,43,173,77.75,231,84,5515,206,718,62,2.56,1
8251,Agoè-Nyivé,Maritime,2020,882695,54.9,7,11,65,540,84.2,235,73,5364,44,61,24,4.6,1
8252,Kéran,Kara,2023,123138,69.67,17,28,175,82,85.14,347,103,3336,220,75,15,2.62,1
8253,Kpélé,Plateaux,2020,81620,77.33,24,89,97,73,77.75,84,21,1441,111,369,61,2.55,0
8254,Assoli,Kara,2022,66492,61.16,22,45,21,382,96.36,233,72,5293,211,921,15,2.89,1
8255,Zio,Maritime,2023,500032,57.72,29,48,235,463,64.27,68,34,3583,134,272,14,3.47,1
8256,Amou,Plateaux,2020,110948,66.33,26,34,131,522,56.95,254,26,362,174,78,66,4.72,0
8257,Agou,Plateaux,2023,85793,52.95,3,81,97,502,80.16,203,43,225,213,20,23,4.47,1
8258,Tône,Savanes,2021,388775,55.69,23,64,260,580,60.33,316,31,4961,210,566,41,2.66,1
8259,Doufelgou,Kara,2022,87588,44.83,14,53,134,487,50.65,182,100,5699,222,1251,57,2.64,1
8260,Kozah,Kara,2020,283738,71.2,14,84,68,268,86.44,247,120,1549,229,890,45,4.64,1
8261,Oti,Savanes,2021,123324,67.17,23,59,235,486,78.56,318,96,1631,24,1070,22,2.73,1
8262,Wawa,Plateaux,2023,101300,90.62,20,24,187,210,85.53,280,109,5241,234,1231,15,4.61,1
8263,Moyen-Mono,Plateaux,2020,90505,79.29,23,61,113,558,53.36,187,108,5185,109,31,59,3.14,1
8264,Kpélé,Plateaux,2023,81620,57.39,17,52,152,293,93.88,218,82,5588,34,782,60,3.95,1
8265,Doufelgou,Kara,2023,87588,40.89,23,17,64,245,92.82,387,24,2848,261,884,68,3.83,1
8266,Lacs,Maritime,2022,241207,81.74,11,78,190,347,78.77,233,100,909,231,1011,44,3.49,1
8267,Haho,Plateaux,2023,305096,91.32,8,48,22,406,51.33,397,98,612,10,511,65,3.99,1
8268,Tandjoaré,Savanes,2023,35537,40.55,9,99,244,215,61.01,151,110,2841,28,1802,27,3.85,1
8269,Mô,Centrale,2022,52448,51.45,7,8,69,507,61.45,189,78,3132,288,374,44,4.62,1
8270,Wawa,Plateaux,2021,101300,48.81,17,70,220,322,69.04,199,36,5516,9,503,74,3.41,1
8271,Kpendjal,Savanes,2022,150806,60.96,9,65,245,300,96.6,396,28,4560,222,554,11,3.26,1
8272,Anié,Plateaux,2021,177188,93.89,19,65,298,237,71.48,53,20,1282,280,117,16,4.11,0
8273,Zio,Maritime,2023,500032,93.3,4,60,216,245,86.86,287,99,1321,77,620,48,4.62,1
8274,Anié,Plateaux,2022,177188,73.32,6,63,118,119,96.71,77,65,4327,2,417,55,3.27,1
8275,Bas-Mono,Maritime,2022,95380,50.11,12,18,142,278,89.38,110,64,5584,286,1727,72,4.53,1
8276,Cinkassé,Savanes,2023,173987,41.5,3,22,220,404,67.15,196,106,2913,235,1857,69,3.43,1
8277,Sotouboua,Centrale,2020,141404,81.49,4,83,75,93,52.47,133,80,4779,186,1701,12,3.05,1
8278,Lacs,Maritime,2022,241207,78.54,30,12,67,89,66.79,335,78,5984,298,1623,79,2.64,1
8279,Avé,Maritime,2020,111214,84.43,9,6,65,568,77.88,67,109,1321,226,1618,59,2.71,1
8280,Kpélé,Plateaux,2023,81620,63.05,27,75,106,207,59.16,201,28,1160,259,600,38,3.68,0
8281,Tchamba,Centrale,2023,200585,55.91,24,58,98,99,94.14,379,82,5392,267,1522,57,2.78,1
8282,Oti,Savanes,2020,123324,45.04,30,27,24,199,77.12,173,96,3369,129,608,68,2.83,1
8283,Sotouboua,Centrale,2023,141404,51.05,8,48,127,361,72.44,202,117,3856,122,592,47,4.27,1
8284,Haho,Plateaux,2022,305096,93.59,16,68,123,433,96.66,195,70,2205,12,1537,77,2.53,0
8285,Oti,Savanes,2023,123324,86.34,15,58,100,431,66.0,278,51,2660,181,979,39,4.0,0
8286,Kpendjal,Savanes,2021,150806,81.12,10,6,63,155,58.15,62,94,5995,38,1683,50,2.63,1
8287,Oti-Sud,Savanes,2020,150806,67.9,8,46,286,521,96.41,142,51,4753,253,1688,46,3.18,1
8288,Lacs,Maritime,2023,241207,92.87,21,87,26,260,96.15,326,100,3358,190,1538,33,2.6,1
8289,Kéran,Kara,2023,123138,63.77,13,87,56,60,95.75,356,82,1034,210,1361,73,4.28,1
8290,Amou,Plateaux,2020,110948,57.9,17,80,29,82,91.2,358,91,3020,118,138,26,2.92,1
8291,Agoè-Nyivé,Maritime,2023,882695,79.5,21,75,67,301,88.49,71,25,4297,109,915,54,3.37,1
8292,Agou,Plateaux,2022,85793,89.44,18,80,224,64,76.82,60,44,5050,71,608,21,4.6,1
8293,Ogou,Plateaux,2023,253467,46.54,26,89,297,395,77.15,356,94,2440,72,1578,15,3.5,1
8294,Doufelgou,Kara,2022,87588,77.34,16,28,29,82,64.32,272,43,4326,18,786,13,3.17,1
8295,Avé,Maritime,2020,111214,92.33,15,64,253,322,86.23,308,70,5745,227,1273,7,4.17,1
8296,Doufelgou,Kara,2022,87588,79.6,30,77,47,421,75.18,104,107,3586,266,796,61,3.38,1
8297,Wawa,Plateaux,2020,101300,83.26,11,23,261,457,73.01,101,83,3716,40,146,11,2.86,1
8298,Moyen-Mono,Plateaux,2023,90505,79.85,21,45,214,137,96.4,314,120,3697,260,424,14,3.81,1
8299,Bassar,Kara,2021,152038,61.39,19,19,164,445,74.38,338,36,5268,147,473,14,3.21,1
8300,Akébou,Plateaux,2021,73188,94.84,17,55,281,449,89.76,164,80,4936,134,835,29,3.24,1
8301,Ogou,Plateaux,2022,253467,49.24,14,32,256,252,55.73,298,74,2750,119,1865,57,4.35,1
8302,Oti-Sud,Savanes,2020,150806,41.46,29,68,141,569,80.59,315,44,1631,243,1502,80,3.26,1
8303,Doufelgou,Kara,2022,87588,60.22,2,45,20,121,82.34,304,40,2972,150,1356,6,4.27,0
8304,Avé,Maritime,2022,111214,47.56,6,95,189,495,78.5,291,114,4447,270,540,31,3.21,1
8305,Mô,Centrale,2020,52448,84.95,17,33,289,347,95.51,146,36,5860,88,1958,79,3.29,1
8306,Est-Mono,Plateaux,2023,164460,68.53,11,33,133,60,91.16,336,24,1344,277,270,68,2.59,0
8307,Amou,Plateaux,2020,110948,91.34,11,44,41,455,69.5,371,60,735,69,80,16,2.9,0
8308,Amou,Plateaux,2022,110948,42.83,24,44,221,598,63.59,85,93,5145,275,1431,63,2.7,1
8309,Kozah,Kara,2023,283738,60.15,30,50,262,257,94.01,222,74,4756,125,1016,79,3.03,1
8310,Agoè-Nyivé,Maritime,2020,882695,61.54,20,89,205,476,96.0,379,55,2877,200,1372,27,2.98,0
8311,Danyi,Plateaux,2022,40240,48.44,26,84,250,161,96.3,300,92,1843,177,1413,7,2.55,1
8312,Cinkassé,Savanes,2021,173987,46.74,17,59,157,127,75.35,89,50,3405,49,1113,2,2.71,1
8313,Tône,Savanes,2021,388775,94.63,29,23,147,559,72.6,313,100,2282,130,568,50,2.6,1
8314,Lacs,Maritime,2020,241207,47.7,30,91,115,189,74.96,139,77,4103,79,424,22,3.53,1
8315,Tchamba,Centrale,2021,200585,43.59,15,63,88,313,50.22,255,97,4352,274,1878,44,4.08,1
8316,Kpendjal,Savanes,2022,150806,67.38,11,47,117,115,88.75,264,39,3894,235,269,43,2.69,0
8317,Bas-Mono,Maritime,2021,95380,43.53,16,33,128,255,58.29,148,45,4765,6,606,48,2.85,1
8318,Mô,Centrale,2023,52448,55.96,9,9,269,576,92.72,355,83,4043,260,1427,18,3.73,1
8319,Tchaoudjo,Centrale,2023,240360,87.19,29,98,106,571,83.46,173,119,4208,146,668,69,4.61,1
8320,Kpendjal-Ouest,Savanes,2020,120285,91.67,3,10,52,248,51.27,123,107,4539,142,42,66,3.41,1
8321,Avé,Maritime,2023,111214,72.9,20,85,164,446,57.31,165,59,1157,59,1640,43,3.29,0
8322,Bassar,Kara,2021,152038,45.22,16,97,40,60,89.99,359,64,3575,257,658,31,2.85,1
8323,Kpendjal-Ouest,Savanes,2023,120285,73.79,29,10,63,239,59.42,223,29,3166,245,160,67,4.5,0
8324,Agou,Plateaux,2020,85793,60.73,11,94,119,197,92.01,222,65,5711,40,449,8,3.27,1
8325,Bassar,Kara,2021,152038,66.82,16,5,286,477,77.1,208,80,1998,166,1536,33,4.68,0
8326,Tchaoudjo,Centrale,2023,240360,80.18,23,60,92,470,79.27,287,96,242,12,912,21,2.53,1
8327,Kpendjal,Savanes,2020,150806,77.23,12,19,118,305,72.92,327,61,3604,276,1589,1,4.05,0
8328,Anié,Plateaux,2020,177188,53.29,7,94,31,547,90.63,373,83,3247,232,618,70,3.28,1
8329,Tône,Savanes,2021,388775,94.47,8,40,81,276,62.27,256,46,3565,281,1347,55,3.7,0
8330,Danyi,Plateaux,2020,40240,88.29,28,56,192,197,76.9,135,57,2433,254,485,59,4.6,0
8331,Avé,Maritime,2020,111214,62.81,19,28,191,542,96.15,224,29,2040,296,530,68,2.54,0
8332,Kloto,Plateaux,2021,145985,42.35,27,31,48,185,68.53,265,23,708,61,901,26,4.7,1
8333,Agou,Plateaux,2021,85793,66.6,2,19,139,185,93.55,286,91,2603,65,181,64,2.88,1
8334,Kpendjal,Savanes,2022,150806,73.72,19,77,31,75,80.71,239,112,1748,290,867,51,4.27,1
8335,Danyi,Plateaux,2021,40240,42.22,24,41,210,54,72.56,208,100,300,8,1223,66,3.38,1
8336,Akébou,Plateaux,2021,73188,91.27,11,5,131,87,56.62,89,69,2143,159,572,22,4.23,0
8337,Ogou,Plateaux,2022,253467,48.88,19,6,115,162,60.8,79,81,3350,144,1263,38,4.37,1
8338,Bassar,Kara,2023,152038,94.22,16,37,166,274,84.18,73,57,3853,299,811,72,4.21,0
8339,Lacs,Maritime,2023,241207,83.15,19,7,105,184,61.61,232,43,3002,18,1322,62,2.76,0
8340,Agou,Plateaux,2022,85793,71.83,19,50,84,404,81.58,333,32,1655,44,847,36,4.05,0
8341,Blitta,Centrale,2021,218753,71.48,11,64,254,252,89.2,207,96,4022,181,1562,62,3.15,1
8342,Tchamba,Centrale,2023,200585,92.05,26,87,298,572,55.51,52,118,803,243,1814,68,3.65,1
8343,Anié,Plateaux,2020,177188,74.69,21,49,172,542,74.32,382,120,5115,226,351,19,3.61,1
8344,Vo,Maritime,2021,224411,90.87,25,78,238,365,69.17,85,34,4964,133,1310,5,4.38,1
8345,Tchamba,Centrale,2023,200585,82.27,26,39,268,402,73.99,125,118,3833,121,1187,47,4.76,1
8346,Bas-Mono,Maritime,2021,95380,89.03,19,98,260,383,59.6,241,73,748,250,338,55,4.11,0
8347,Tandjoaré,Savanes,2022,35537,86.82,25,86,220,424,61.21,80,37,2953,51,514,23,2.71,0
8348,Danyi,Plateaux,2022,40240,94.92,27,19,51,84,87.25,210,45,4004,106,1477,71,4.6,1
8349,Avé,Maritime,2023,111214,84.18,2,100,60,254,73.57,135,30,4408,275,990,59,4.24,1
8350,Assoli,Kara,2021,66492,56.37,13,13,211,434,85.78,250,26,4907,152,1216,27,3.53,1
8351,Haho,Plateaux,2022,305096,62.12,18,40,148,573,67.05,333,29,3536,126,1771,23,4.26,0
8352,Kpendjal,Savanes,2021,150806,61.36,5,9,31,277,83.55,157,115,1178,172,1947,14,2.57,1
8353,Doufelgou,Kara,2022,87588,56.45,11,57,194,480,60.14,185,62,918,132,1774,1,3.21,1
8354,Kozah,Kara,2023,283738,56.24,18,89,284,122,96.83,87,78,2028,49,1125,54,4.47,1
8355,Sotouboua,Centrale,2021,141404,64.71,8,25,51,588,94.35,334,36,2781,167,351,3,2.74,0
8356,Avé,Maritime,2023,111214,67.65,29,31,254,415,59.92,94,59,3590,282,791,79,4.75,0
8357,Cinkassé,Savanes,2021,173987,79.57,19,68,164,330,94.74,102,67,1881,167,958,30,3.67,0
8358,Agoè-Nyivé,Maritime,2020,882695,54.56,13,8,114,437,63.28,400,100,4096,298,1910,56,3.2,1
8359,Vo,Maritime,2021,224411,45.47,9,93,103,171,62.13,351,64,3741,239,67,74,4.46,1
8360,Moyen-Mono,Plateaux,2021,90505,84.34,14,15,107,55,96.01,310,100,4354,277,1087,37,2.92,1
8361,Kpendjal,Savanes,2022,150806,86.79,11,29,246,515,67.67,190,116,3005,243,1100,44,2.86,1
8362,Kozah,Kara,2021,283738,52.97,24,94,185,489,86.69,62,118,1317,167,1250,2,3.91,1
8363,Oti-Sud,Savanes,2023,150806,66.93,27,7,96,299,66.35,127,65,5595,11,414,57,3.4,1
8364,Ogou,Plateaux,2023,253467,54.67,5,89,23,466,96.13,247,21,1673,1,72,72,4.66,1
8365,Est-Mono,Plateaux,2022,164460,46.06,24,65,77,174,77.09,263,67,1811,133,1909,57,3.87,1
8366,Moyen-Mono,Plateaux,2022,90505,53.29,23,43,74,584,66.57,279,115,5554,99,443,1,4.67,1
8367,Tchamba,Centrale,2023,200585,78.47,3,45,91,132,83.35,334,32,5873,213,1497,47,2.94,1
8368,Agoè-Nyivé,Maritime,2023,882695,56.09,15,11,258,305,53.8,217,83,2415,279,1163,51,4.51,1
8369,Binah,Kara,2022,84739,91.14,9,94,134,153,81.48,89,86,3512,153,1571,61,3.71,1
8370,Avé,Maritime,2020,111214,90.56,28,56,126,591,85.43,189,75,4824,250,1994,43,4.04,1
8371,Danyi,Plateaux,2021,40240,76.47,25,63,185,151,56.05,314,75,217,59,1691,47,4.52,0
8372,Danyi,Plateaux,2022,40240,53.39,15,45,35,428,68.05,373,91,2225,12,1678,71,4.03,1
8373,Vo,Maritime,2021,224411,62.21,3,96,91,252,83.12,279,38,3700,296,793,23,3.94,0
8374,Kozah,Kara,2022,283738,40.09,29,60,71,561,58.87,366,48,2074,231,862,37,4.68,1
8375,Mô,Centrale,2021,52448,90.05,28,71,83,233,79.68,139,65,4171,207,311,16,4.76,1
8376,Sotouboua,Centrale,2023,141404,79.52,27,24,221,261,58.97,190,71,1889,153,1642,32,3.69,0
8377,Haho,Plateaux,2021,305096,79.37,12,73,45,105,75.93,330,65,3556,76,662,36,2.84,0
8378,Danyi,Plateaux,2020,40240,59.5,4,40,226,276,64.1,342,71,4113,66,1091,49,3.59,1
8379,Tandjoaré,Savanes,2021,35537,57.48,11,55,175,229,65.96,160,103,5486,229,903,42,3.94,1
8380,Kloto,Plateaux,2023,145985,81.54,20,11,85,90,58.25,366,120,1698,59,449,36,3.14,1
8381,Amou,Plateaux,2021,110948,72.68,10,74,154,361,80.45,181,25,4932,13,868,76,3.54,1
8382,Zio,Maritime,2020,500032,71.26,13,75,267,299,75.79,300,71,643,37,1897,53,4.08,0
8383,Bassar,Kara,2020,152038,69.28,13,33,23,322,77.73,60,118,2357,236,959,49,4.7,1
8384,Mô,Centrale,2023,52448,50.41,15,36,130,484,97.45,84,61,1112,208,783,69,3.81,1
8385,Mô,Centrale,2021,52448,90.9,24,8,222,493,67.37,220,96,2787,164,162,7,4.18,1
8386,Vo,Maritime,2022,224411,72.67,12,16,234,484,83.04,164,59,4607,118,97,42,3.2,1
8387,Haho,Plateaux,2020,305096,76.09,10,90,41,348,63.94,71,30,1843,157,1305,62,3.99,0
8388,Blitta,Centrale,2022,218753,85.63,29,40,240,556,54.66,107,73,3106,88,1679,6,3.18,0
8389,Cinkassé,Savanes,2020,173987,41.53,4,33,98,363,60.4,205,98,5121,225,476,20,2.85,1
8390,Agou,Plateaux,2022,85793,45.27,2,30,132,134,75.87,377,118,2057,14,1859,54,3.87,1
8391,Agou,Plateaux,2021,85793,85.59,19,35,80,104,70.16,184,101,506,64,1389,45,2.81,1
8392,Golfe,Maritime,2021,1305681,48.22,11,32,246,104,68.47,193,112,2507,172,1881,3,2.6,1
8393,Binah,Kara,2020,84739,52.37,18,70,61,585,82.29,202,41,2039,125,1369,7,4.19,1
8394,Kpendjal-Ouest,Savanes,2023,120285,50.49,28,98,24,335,77.51,231,73,4765,217,1851,4,3.22,1
8395,Akébou,Plateaux,2022,73188,70.49,26,57,194,349,52.97,273,55,5361,188,776,14,4.33,1
8396,Tône,Savanes,2021,388775,92.04,4,53,204,206,81.29,322,28,5577,157,1095,9,3.0,1
8397,Yoto,Maritime,2022,174451,84.71,2,95,22,117,77.21,327,20,215,209,564,61,3.06,0
8398,Dankpen,Kara,2020,184632,71.21,17,55,294,572,61.56,308,48,4230,199,420,69,4.23,1
8399,Agoè-Nyivé,Maritime,2022,882695,78.28,30,60,162,365,93.11,282,30,2434,243,623,44,3.09,0
8400,Tchamba,Centrale,2021,200585,66.86,20,51,30,286,93.05,218,98,4717,298,1465,61,4.6,1
8401,Sotouboua,Centrale,2022,141404,84.6,7,49,219,252,54.46,76,111,4990,230,456,49,4.09,1
8402,Oti-Sud,Savanes,2022,150806,45.29,4,13,180,377,80.52,160,44,2178,182,589,53,3.76,1
8403,Oti,Savanes,2023,123324,66.95,7,34,74,568,71.49,276,26,398,105,1722,20,4.18,0
8404,Amou,Plateaux,2020,110948,72.95,29,21,140,391,96.35,360,40,1971,86,881,79,4.53,0
8405,Yoto,Maritime,2020,174451,57.25,27,83,133,129,95.63,377,110,2735,130,1893,58,2.95,1
8406,Sotouboua,Centrale,2022,141404,60.82,13,25,26,487,78.49,274,62,5592,187,1144,5,4.38,1
8407,Bassar,Kara,2020,152038,52.78,19,52,142,566,59.01,340,80,4960,47,1032,45,3.56,1
8408,Wawa,Plateaux,2023,101300,45.37,7,76,274,103,71.86,88,47,2982,299,1137,74,3.71,1
8409,Akébou,Plateaux,2020,73188,89.45,17,47,97,334,75.75,195,37,3913,7,927,54,3.9,0
8410,Kpendjal-Ouest,Savanes,2021,120285,75.3,26,14,150,585,66.38,207,41,3447,226,1180,56,3.71,0
8411,Sotouboua,Centrale,2023,141404,76.42,6,80,143,74,51.42,223,83,1347,262,181,33,3.13,1
8412,Tchaoudjo,Centrale,2021,240360,74.01,7,54,64,483,77.1,351,116,2040,269,418,60,3.42,1
8413,Binah,Kara,2023,84739,65.64,2,50,277,349,56.83,329,55,2876,191,1524,53,4.43,0
8414,Anié,Plateaux,2020,177188,71.84,30,42,28,478,96.08,124,20,1694,76,1067,61,3.85,0
8415,Lacs,Maritime,2023,241207,85.23,7,86,286,427,91.21,350,25,3445,20,1735,17,2.7,0
8416,Haho,Plateaux,2022,305096,83.57,30,94,135,489,89.57,232,69,4165,46,805,48,3.1,1
8417,Kpélé,Plateaux,2020,81620,40.06,5,67,158,274,73.56,400,88,2363,9,185,38,3.13,1
8418,Tône,Savanes,2021,388775,89.98,14,72,193,495,61.3,215,51,3152,55,1207,69,2.56,0
8419,Lacs,Maritime,2020,241207,81.14,15,29,190,434,82.28,144,20,4888,272,1845,4,3.31,1
8420,Sotouboua,Centrale,2020,141404,73.87,7,22,225,285,83.43,138,24,2366,113,1689,5,2.53,0
8421,Dankpen,Kara,2021,184632,57.89,7,83,254,445,89.11,226,64,1558,2,1903,31,4.55,1
8422,Kpendjal,Savanes,2020,150806,71.26,24,39,179,89,57.95,313,75,4358,270,1506,60,4.04,1
8423,Blitta,Centrale,2023,218753,93.23,16,90,79,174,60.18,319,50,4010,187,74,71,2.75,1
8424,Golfe,Maritime,2021,1305681,43.47,15,83,289,508,66.14,152,49,3959,158,626,75,4.06,1
8425,Sotouboua,Centrale,2021,141404,70.43,29,94,111,478,81.14,214,101,4054,242,356,41,4.49,1
8426,Yoto,Maritime,2023,174451,89.66,7,86,217,230,71.78,244,111,4647,99,1179,13,3.09,1
8427,Mô,Centrale,2020,52448,64.49,13,78,144,279,81.64,393,68,2531,221,1737,51,3.73,0
8428,Yoto,Maritime,2020,174451,45.52,15,72,74,496,51.23,284,80,3987,154,1578,40,4.59,1
8429,Binah,Kara,2022,84739,76.84,9,32,183,272,77.42,190,32,2808,258,1223,22,4.66,0
8430,Golfe,Maritime,2023,1305681,68.57,4,89,148,241,75.12,243,72,325,78,1024,44,4.17,0
8431,Sotouboua,Centrale,2021,141404,87.49,12,55,100,526,68.63,54,27,2950,27,1243,28,4.24,0
8432,Bassar,Kara,2020,152038,44.15,7,80,146,561,81.67,112,66,4109,113,717,27,3.21,1
8433,Tandjoaré,Savanes,2020,35537,55.32,2,76,86,355,73.27,360,39,5000,28,483,61,2.96,1
8434,Kéran,Kara,2021,123138,80.27,7,45,219,58,61.45,216,30,1682,174,449,15,3.85,0
8435,Tandjoaré,Savanes,2022,35537,73.91,23,95,28,386,78.73,88,28,3477,282,1096,74,4.57,0
8436,Moyen-Mono,Plateaux,2022,90505,64.28,28,18,124,97,87.62,209,88,2471,231,830,33,4.21,1
8437,Golfe,Maritime,2021,1305681,73.3,18,76,75,443,95.4,69,76,1995,76,173,13,3.1,0
8438,Kpendjal-Ouest,Savanes,2021,120285,75.22,3,26,158,174,58.04,294,32,3078,45,743,16,2.79,0
8439,Sotouboua,Centrale,2023,141404,51.25,20,22,209,432,85.88,177,78,2797,111,1010,54,3.32,1
8440,Golfe,Maritime,2023,1305681,42.07,2,38,132,320,74.71,85,58,2143,267,1686,40,3.24,1
8441,Moyen-Mono,Plateaux,2021,90505,88.42,13,5,217,569,69.17,301,53,4818,38,1426,18,3.89,1
8442,Wawa,Plateaux,2021,101300,62.63,18,23,263,259,71.81,137,96,5161,10,1805,5,2.84,1
8443,Oti,Savanes,2020,123324,42.16,6,10,294,121,89.64,318,57,1217,6,986,10,4.0,1
8444,Moyen-Mono,Plateaux,2020,90505,45.19,14,40,278,108,57.92,133,53,3768,241,83,47,4.06,1
8445,Binah,Kara,2022,84739,75.62,4,90,58,373,82.14,146,44,4265,149,1209,27,3.34,1
8446,Agou,Plateaux,2020,85793,85.03,7,48,265,203,66.52,92,75,3431,207,923,72,4.77,0
8447,Golfe,Maritime,2020,1305681,88.73,19,23,101,447,83.14,245,33,3080,96,1350,37,3.35,0
8448,Oti-Sud,Savanes,2023,150806,71.91,17,50,294,157,77.95,82,80,3743,284,1690,34,4.72,0
8449,Agoè-Nyivé,Maritime,2021,882695,93.44,18,69,77,74,87.94,242,84,3778,146,1815,1,3.94,1
8450,Agou,Plateaux,2021,85793,64.97,20,23,268,347,64.49,74,42,2544,274,163,43,4.1,0
8451,Kpendjal-Ouest,Savanes,2021,120285,67.86,15,10,284,240,55.99,350,92,2590,11,1096,48,2.99,1
8452,Assoli,Kara,2022,66492,52.06,15,45,277,200,86.03,78,100,5048,159,837,11,3.04,1
8453,Agou,Plateaux,2022,85793,77.94,8,30,172,327,71.62,276,40,2422,233,772,65,3.98,0
8454,Assoli,Kara,2020,66492,46.13,17,24,31,293,69.8,93,38,3848,6,1401,52,2.68,1
8455,Tchamba,Centrale,2021,200585,68.2,9,28,31,548,97.8,210,52,1390,300,1515,20,4.0,0
8456,Mô,Centrale,2021,52448,44.2,18,19,208,591,73.88,143,88,5797,48,324,4,2.92,1
8457,Cinkassé,Savanes,2022,173987,60.89,17,43,41,447,59.5,383,41,2369,145,1761,11,2.88,0
8458,Oti,Savanes,2021,123324,54.53,29,6,279,580,79.02,87,34,3741,3,413,76,4.02,1
8459,Kpendjal,Savanes,2021,150806,52.07,21,90,46,60,54.16,103,120,1117,156,25,47,3.43,1
8460,Kpélé,Plateaux,2020,81620,63.5,2,41,193,105,94.77,55,82,3254,72,1800,52,4.39,1
8461,Kozah,Kara,2021,283738,63.12,26,14,132,541,61.15,71,113,2202,223,719,59,4.49,1
8462,Kozah,Kara,2021,283738,90.91,14,11,65,458,83.19,143,80,5535,98,1108,48,4.28,1
8463,Danyi,Plateaux,2020,40240,83.77,19,78,200,463,85.83,357,112,1673,241,1295,30,3.12,1
8464,Assoli,Kara,2020,66492,54.62,19,46,74,374,85.14,233,94,2679,61,1950,1,2.7,1
8465,Amou,Plateaux,2022,110948,94.59,7,21,92,439,81.41,104,114,2936,132,658,73,3.49,1
8466,Mô,Centrale,2023,52448,58.88,2,45,166,138,74.62,62,73,1180,38,664,13,4.07,1
8467,Kpendjal-Ouest,Savanes,2021,120285,50.65,24,100,61,390,58.34,268,60,341,27,596,23,4.15,1
8468,Kéran,Kara,2020,123138,53.67,22,26,292,377,59.13,353,50,5099,141,57,31,3.07,1
8469,Est-Mono,Plateaux,2023,164460,88.45,10,37,91,188,65.3,286,39,2274,142,563,12,4.07,0
8470,Wawa,Plateaux,2021,101300,48.47,23,41,123,245,71.26,117,105,3207,144,1227,66,4.8,1
8471,Blitta,Centrale,2021,218753,50.57,13,73,88,385,77.42,84,31,3065,99,409,43,2.64,1
8472,Agoè-Nyivé,Maritime,2023,882695,60.59,24,19,149,413,66.06,333,106,5909,65,1370,16,3.08,1
8473,Bassar,Kara,2022,152038,71.6,27,28,263,516,80.13,212,24,1204,197,369,29,3.61,0
8474,Tône,Savanes,2020,388775,59.73,25,98,185,352,87.16,188,86,2406,192,349,15,2.61,1
8475,Binah,Kara,2022,84739,74.46,3,46,244,177,68.3,358,31,2139,200,1784,31,4.2,0
8476,Vo,Maritime,2022,224411,70.44,7,10,187,519,95.27,99,32,4983,264,506,34,4.07,1
8477,Vo,Maritime,2021,224411,55.23,22,35,159,493,68.74,374,94,3574,9,1629,3,4.28,1
8478,Kpendjal-Ouest,Savanes,2020,120285,43.07,3,9,61,75,56.32,338,81,4255,28,742,49,4.11,1
8479,Vo,Maritime,2023,224411,53.76,11,80,20,314,79.24,173,91,4646,87,1511,24,3.68,1
8480,Est-Mono,Plateaux,2020,164460,88.58,21,41,201,382,80.44,286,104,4610,155,780,52,4.1,1
8481,Oti-Sud,Savanes,2020,150806,48.99,4,46,283,291,70.36,354,101,2716,53,194,30,3.34,1
8482,Ogou,Plateaux,2020,253467,64.2,9,85,239,591,85.12,76,116,1285,98,1599,79,4.57,1
8483,Amou,Plateaux,2022,110948,71.96,25,50,290,269,88.52,153,50,3054,252,61,25,4.13,0
8484,Oti-Sud,Savanes,2022,150806,68.69,5,43,196,112,91.2,159,57,3229,228,1037,54,3.16,0
8485,Dankpen,Kara,2022,184632,69.21,9,85,201,96,74.05,369,93,5807,93,250,72,4.44,1
8486,Blitta,Centrale,2022,218753,78.4,2,62,116,426,87.73,80,21,1129,149,151,21,3.0,0
8487,Wawa,Plateaux,2023,101300,44.7,9,55,230,598,51.83,251,62,4592,248,1920,52,4.47,1
8488,Est-Mono,Plateaux,2023,164460,44.71,18,99,135,383,62.17,389,61,729,125,718,16,2.99,1
8489,Kpélé,Plateaux,2022,81620,58.14,20,85,104,128,55.5,368,75,611,43,509,78,4.55,1
8490,Vo,Maritime,2023,224411,71.79,10,30,293,555,53.26,125,55,2178,257,1875,39,4.27,0
8491,Doufelgou,Kara,2023,87588,82.97,9,56,133,149,97.63,366,27,3577,205,1698,62,3.09,0
8492,Kpendjal,Savanes,2020,150806,53.72,18,68,158,524,74.73,307,103,4176,276,724,79,3.04,1
8493,Kpélé,Plateaux,2022,81620,52.0,2,51,83,527,89.23,172,102,5738,100,1026,31,2.83,1
8494,Binah,Kara,2020,84739,84.77,14,21,138,68,52.99,140,77,3911,297,698,27,3.76,0
8495,Anié,Plateaux,2022,177188,75.93,7,56,262,379,75.14,354,92,2674,254,750,59,3.8,1
8496,Kpélé,Plateaux,2022,81620,42.08,28,82,217,80,70.15,56,20,1077,69,1601,35,3.44,1
8497,Haho,Plateaux,2021,305096,85.07,15,94,261,212,77.75,140,91,5648,262,1265,60,3.37,1
8498,Vo,Maritime,2023,224411,54.51,27,16,250,219,75.68,289,51,1626,18,423,36,2.63,1
8499,Zio,Maritime,2023,500032,46.55,27,69,297,384,58.61,118,29,1372,265,1825,1,3.52,1
8500,Cinkassé,Savanes,2023,173987,49.03,28,43,53,479,77.92,173,49,4511,185,891,26,3.62,1
8501,Yoto,Maritime,2020,174451,74.06,30,92,154,235,55.6,145,71,4957,251,544,11,4.72,1
8502,Est-Mono,Plateaux,2023,164460,80.06,27,81,208,505,94.64,158,47,1599,91,1925,50,2.66,0
8503,Bas-Mono,Maritime,2020,95380,59.77,22,62,23,492,51.86,107,98,3859,136,799,15,3.6,1
8504,Kpendjal,Savanes,2021,150806,44.95,28,87,204,531,68.95,170,116,4191,22,109,2,3.76,1
8505,Yoto,Maritime,2020,174451,86.21,5,6,23,418,84.38,357,65,2162,175,1368,36,3.17,0
8506,Kpendjal-Ouest,Savanes,2022,120285,43.47,24,93,71,314,58.53,55,110,4165,34,242,58,3.74,1
8507,Blitta,Centrale,2023,218753,70.99,9,39,198,565,86.45,378,117,2358,155,666,52,4.61,1
8508,Kéran,Kara,2020,123138,83.66,7,82,69,104,87.47,214,116,3521,289,1482,21,2.77,1
8509,Doufelgou,Kara,2022,87588,66.89,8,18,295,50,65.28,54,44,4617,138,68,75,3.92,1
8510,Tchamba,Centrale,2022,200585,72.37,23,22,258,378,92.22,163,74,5627,166,459,69,2.8,1
8511,Oti,Savanes,2023,123324,58.09,16,23,128,564,91.87,172,68,4029,254,1186,25,2.92,1
8512,Anié,Plateaux,2023,177188,93.17,28,25,208,153,86.49,162,75,795,34,1758,68,3.62,0
8513,Yoto,Maritime,2021,174451,54.14,5,42,118,451,51.65,341,95,2534,57,19,60,2.64,1
8514,Oti,Savanes,2022,123324,90.13,5,8,221,367,50.66,274,75,5963,137,1628,63,3.74,1
8515,Amou,Plateaux,2021,110948,43.4,22,38,128,412,77.81,285,93,2689,262,1300,61,3.89,1
8516,Cinkassé,Savanes,2022,173987,56.96,13,19,72,500,64.18,315,39,2585,201,394,79,3.13,1
8517,Bassar,Kara,2023,152038,54.02,24,91,196,479,73.05,177,20,5769,57,376,9,3.06,1
8518,Kpélé,Plateaux,2020,81620,90.55,4,68,58,530,72.92,320,116,2409,151,259,53,3.29,1
8519,Binah,Kara,2020,84739,57.91,2,68,270,203,67.13,351,77,5381,21,171,73,2.77,1
8520,Kéran,Kara,2023,123138,71.51,12,52,182,300,87.49,159,20,4657,143,1093,21,3.72,1
8521,Kéran,Kara,2020,123138,60.82,28,39,153,597,78.75,197,95,2651,124,909,3,4.67,1
8522,Kpélé,Plateaux,2023,81620,42.36,17,51,179,255,52.96,128,29,2139,91,575,64,3.2,1
8523,Kpendjal,Savanes,2023,150806,47.53,10,29,265,426,73.68,388,55,4441,131,1400,21,3.11,1
8524,Tchamba,Centrale,2022,200585,41.15,19,15,118,70,65.47,82,39,3890,40,1250,16,3.85,1
8525,Kéran,Kara,2020,123138,85.33,9,33,249,560,94.66,113,81,3014,19,1988,53,2.55,1
8526,Oti,Savanes,2022,123324,66.28,22,52,293,529,90.11,75,103,1641,196,494,47,4.7,1
8527,Moyen-Mono,Plateaux,2023,90505,71.56,20,71,207,595,60.48,270,77,3200,270,1588,64,2.79,0
8528,Kloto,Plateaux,2022,145985,55.66,22,54,170,325,90.99,237,47,5504,144,44,38,3.31,1
8529,Doufelgou,Kara,2022,87588,45.32,8,69,135,251,79.15,178,106,3833,8,1488,58,3.74,1
8530,Vo,Maritime,2020,224411,83.28,29,40,188,266,76.14,263,48,4586,30,858,65,4.59,1
8531,Mô,Centrale,2020,52448,82.01,12,18,292,489,70.76,243,53,3438,155,1648,55,3.41,0
8532,Cinkassé,Savanes,2022,173987,55.47,6,79,93,129,85.36,128,114,3600,254,504,46,4.51,1
8533,Lacs,Maritime,2021,241207,82.67,16,71,162,515,64.66,356,32,2114,257,1083,55,3.8,0
8534,Agoè-Nyivé,Maritime,2020,882695,77.19,7,84,131,528,79.72,183,28,1549,76,1193,74,2.89,0
8535,Yoto,Maritime,2021,174451,86.2,25,70,62,333,68.47,178,44,3199,66,1041,74,2.55,0
8536,Cinkassé,Savanes,2022,173987,81.01,29,47,61,111,75.55,108,62,3945,215,1634,72,4.64,0
8537,Zio,Maritime,2020,500032,50.86,12,71,164,503,75.79,381,79,1328,144,1114,19,2.99,1
8538,Golfe,Maritime,2020,1305681,44.04,16,28,202,322,55.29,186,25,263,169,1219,20,3.99,1
8539,Est-Mono,Plateaux,2023,164460,45.4,28,72,115,588,57.87,110,62,2881,268,926,80,4.65,1
8540,Akébou,Plateaux,2023,73188,78.22,23,66,213,554,79.88,298,68,4667,123,1284,70,3.42,1
8541,Oti,Savanes,2022,123324,92.98,14,94,257,351,90.83,256,100,4175,157,793,25,4.59,1
8542,Oti-Sud,Savanes,2021,150806,41.56,2,96,222,574,96.76,345,109,1928,119,506,36,3.33,1
8543,Est-Mono,Plateaux,2023,164460,88.11,2,90,61,335,59.64,222,38,2435,12,1942,47,3.33,0
8544,Cinkassé,Savanes,2022,173987,76.05,22,94,148,79,52.82,381,116,5288,241,1670,33,3.04,1
8545,Agou,Plateaux,2021,85793,92.46,29,50,295,527,59.26,201,78,1541,171,937,62,2.54,0
8546,Bas-Mono,Maritime,2020,95380,49.87,14,72,290,573,89.26,269,88,4596,79,1996,41,2.54,1
8547,Assoli,Kara,2021,66492,42.89,24,69,253,50,90.23,169,22,556,53,1226,78,2.68,1
8548,Yoto,Maritime,2022,174451,72.67,10,100,42,252,71.67,66,119,4718,129,1729,69,4.44,1
8549,Oti,Savanes,2020,123324,57.57,21,21,102,413,93.55,124,41,2233,137,1991,62,3.89,1
8550,Assoli,Kara,2020,66492,64.61,14,24,258,575,89.99,166,58,1915,105,96,4,4.04,0
8551,Agou,Plateaux,2020,85793,76.51,30,94,106,423,76.3,338,103,5765,259,906,64,4.73,1
8552,Tandjoaré,Savanes,2020,35537,93.28,24,32,127,59,94.23,269,62,4446,39,140,6,2.86,1
8553,Anié,Plateaux,2022,177188,48.83,20,76,195,468,62.46,108,53,1368,242,30,18,4.55,1
8554,Tchamba,Centrale,2023,200585,46.9,5,78,60,271,85.11,222,78,5222,240,536,44,2.98,1
8555,Kpendjal,Savanes,2020,150806,81.02,3,21,30,142,72.76,171,38,633,64,349,37,3.93,0
8556,Tchaoudjo,Centrale,2023,240360,42.86,28,15,58,149,84.12,358,115,4730,110,1202,66,3.14,1
8557,Mô,Centrale,2022,52448,80.65,27,22,281,155,80.37,395,109,2065,255,1902,26,4.55,1
8558,Kozah,Kara,2020,283738,46.51,8,26,56,317,93.34,141,92,207,111,1669,3,3.32,1
8559,Vo,Maritime,2021,224411,65.93,21,87,73,294,82.47,317,87,473,261,1303,36,3.13,1
8560,Sotouboua,Centrale,2023,141404,91.51,30,15,157,560,79.97,201,72,4620,31,851,9,2.86,1
8561,Bas-Mono,Maritime,2023,95380,63.89,17,84,140,337,51.04,219,58,940,31,1586,67,3.23,0
8562,Kloto,Plateaux,2020,145985,40.01,30,16,261,544,61.23,170,69,205,198,1140,0,3.79,1
8563,Est-Mono,Plateaux,2023,164460,50.67,3,80,47,322,94.17,303,32,2284,174,941,80,3.94,1
8564,Kpendjal-Ouest,Savanes,2023,120285,76.92,4,59,78,209,82.35,81,40,2387,63,1442,66,4.11,0
8565,Zio,Maritime,2022,500032,55.42,19,45,201,245,94.93,318,45,4920,212,1066,20,3.96,1
8566,Haho,Plateaux,2020,305096,81.23,24,96,140,127,73.66,92,99,1635,48,909,79,4.6,1
8567,Vo,Maritime,2020,224411,56.42,16,44,103,219,79.49,325,30,2100,205,694,42,3.01,1
8568,Assoli,Kara,2023,66492,82.76,4,54,256,298,69.42,340,35,4937,243,143,58,3.52,1
8569,Zio,Maritime,2023,500032,60.92,30,39,157,73,61.81,156,68,3526,31,981,78,3.23,0
8570,Bas-Mono,Maritime,2022,95380,55.97,27,69,199,152,58.59,181,98,5238,268,1322,4,4.36,1
8571,Golfe,Maritime,2020,1305681,71.75,23,16,159,440,57.26,220,29,4719,225,1272,43,2.64,1
8572,Kpendjal,Savanes,2022,150806,60.42,9,93,28,317,75.92,338,92,2588,6,916,22,3.83,1
8573,Est-Mono,Plateaux,2022,164460,91.07,13,17,133,81,62.84,158,27,1855,212,297,22,2.93,0
8574,Kozah,Kara,2023,283738,61.19,21,7,33,414,84.67,209,31,5260,233,1452,2,3.99,1
8575,Est-Mono,Plateaux,2020,164460,89.33,22,9,232,211,72.21,266,54,5726,242,13,72,3.06,1
8576,Cinkassé,Savanes,2023,173987,73.61,3,82,177,199,52.38,98,39,3665,285,1932,44,2.76,0
8577,Cinkassé,Savanes,2022,173987,48.62,20,85,130,111,59.37,180,76,5902,131,639,17,4.49,1
8578,Agou,Plateaux,2021,85793,71.44,29,28,275,552,91.88,242,96,2372,27,370,40,2.94,1
8579,Tchamba,Centrale,2021,200585,46.72,22,19,155,372,93.95,382,33,4978,0,1973,59,4.06,1
8580,Agoè-Nyivé,Maritime,2021,882695,59.65,29,82,219,380,60.08,84,88,4508,202,1555,65,2.69,1
8581,Agou,Plateaux,2020,85793,53.65,10,86,284,183,54.7,203,109,3586,127,664,77,4.2,1
8582,Danyi,Plateaux,2022,40240,45.42,25,43,225,312,94.81,171,74,5150,196,103,10,3.5,1
8583,Haho,Plateaux,2021,305096,57.02,29,9,84,368,86.38,120,61,5699,150,73,10,4.56,1
8584,Kozah,Kara,2020,283738,88.01,26,11,188,206,71.92,195,44,4171,100,1454,45,4.0,1
8585,Kloto,Plateaux,2023,145985,59.8,15,47,192,186,97.57,139,25,4340,130,261,14,4.53,1
8586,Kpendjal,Savanes,2022,150806,57.42,11,59,83,221,87.42,56,64,1903,3,481,41,4.28,1
8587,Agou,Plateaux,2020,85793,92.51,5,90,264,314,80.03,184,33,2543,265,28,3,3.97,0
8588,Yoto,Maritime,2022,174451,41.66,8,52,143,569,74.02,380,103,1708,16,1584,4,3.4,1
8589,Wawa,Plateaux,2021,101300,60.92,10,44,67,429,89.21,226,79,1227,32,1113,55,3.6,0
8590,Moyen-Mono,Plateaux,2022,90505,53.04,2,24,83,132,79.58,372,30,4015,222,1799,74,3.43,1
8591,Moyen-Mono,Plateaux,2021,90505,51.45,28,5,209,439,88.41,304,100,2343,6,77,6,4.61,1
8592,Moyen-Mono,Plateaux,2022,90505,64.69,9,67,188,320,66.35,374,31,1254,29,1979,36,2.68,0
8593,Oti,Savanes,2020,123324,54.02,5,61,259,513,75.64,213,91,697,1,192,4,4.64,1
8594,Agoè-Nyivé,Maritime,2020,882695,73.86,20,46,198,431,83.67,388,24,5846,264,377,37,4.2,1
8595,Agou,Plateaux,2021,85793,58.69,24,38,83,312,87.44,295,87,1721,66,1430,14,2.77,1
8596,Tchaoudjo,Centrale,2021,240360,78.96,26,38,284,178,57.88,64,116,5264,273,222,42,3.51,1
8597,Anié,Plateaux,2023,177188,41.54,19,49,242,341,55.67,53,24,5446,157,66,1,4.75,1
8598,Kozah,Kara,2021,283738,88.63,9,5,293,339,82.25,214,40,5211,78,865,15,2.56,1
8599,Binah,Kara,2023,84739,44.75,7,36,291,358,76.52,140,44,941,202,380,16,2.56,1
8600,Tône,Savanes,2023,388775,52.41,21,83,46,428,91.47,180,53,5113,30,95,19,2.97,1
8601,Kpélé,Plateaux,2022,81620,56.8,2,83,185,80,77.01,175,108,2066,179,696,18,2.92,1
8602,Danyi,Plateaux,2023,40240,88.19,25,19,265,586,96.02,159,115,4781,237,212,65,4.42,1
8603,Akébou,Plateaux,2022,73188,61.2,23,96,242,302,79.52,85,74,1566,255,487,76,3.28,0
8604,Agoè-Nyivé,Maritime,2021,882695,93.23,9,66,158,523,87.91,196,28,2178,99,855,73,3.33,0
8605,Kpendjal-Ouest,Savanes,2020,120285,53.81,27,86,277,600,54.12,197,69,1337,104,1744,9,3.52,1
8606,Tône,Savanes,2020,388775,61.46,24,76,292,440,65.81,268,71,564,271,845,61,3.44,0
8607,Dankpen,Kara,2023,184632,42.16,7,49,252,507,83.25,128,48,2673,165,362,33,2.82,1
8608,Avé,Maritime,2020,111214,87.14,13,23,144,512,76.39,290,22,3680,4,1539,80,4.61,0
8609,Kpendjal-Ouest,Savanes,2023,120285,55.3,20,72,166,368,81.88,322,23,4729,146,1602,76,3.24,1
8610,Golfe,Maritime,2022,1305681,79.63,6,13,242,230,58.91,74,115,4288,289,1480,22,3.33,1
8611,Kpendjal,Savanes,2022,150806,52.98,8,10,195,171,81.5,369,76,4727,239,1393,52,3.91,1
8612,Tandjoaré,Savanes,2022,35537,84.41,27,21,167,185,96.88,397,54,3994,43,346,13,4.45,0
8613,Kpendjal,Savanes,2023,150806,83.46,15,27,171,143,56.18,253,104,263,269,1669,72,3.97,1
8614,Doufelgou,Kara,2023,87588,57.7,24,100,99,591,72.34,303,114,1495,170,929,45,3.48,1
8615,Agou,Plateaux,2020,85793,49.68,30,29,146,430,74.13,99,73,2112,36,822,23,3.55,1
8616,Tandjoaré,Savanes,2021,35537,71.74,11,90,297,150,68.15,178,76,4392,0,1573,8,4.46,1
8617,Lacs,Maritime,2022,241207,69.71,30,99,209,397,72.06,318,57,5347,124,1644,21,3.54,1
8618,Doufelgou,Kara,2021,87588,92.98,8,68,260,253,95.19,80,40,5580,31,1278,74,3.95,1
8619,Kpendjal,Savanes,2020,150806,60.64,29,45,40,59,96.81,160,107,4489,105,379,28,3.36,1
8620,Danyi,Plateaux,2023,40240,60.43,13,18,217,531,62.37,57,96,5529,144,1633,34,3.32,1
8621,Golfe,Maritime,2021,1305681,91.95,20,66,44,442,89.48,126,59,5444,193,472,23,4.78,1
8622,Ogou,Plateaux,2023,253467,42.09,19,14,112,401,60.56,194,25,203,123,404,35,4.2,1
8623,Assoli,Kara,2020,66492,58.69,30,38,287,301,58.38,293,97,3798,87,1254,39,4.58,1
8624,Kpélé,Plateaux,2023,81620,53.55,12,96,298,553,60.16,341,76,3363,195,375,65,3.25,1
8625,Lacs,Maritime,2020,241207,61.1,20,53,284,186,84.53,346,39,5051,233,1200,55,2.76,1
8626,Avé,Maritime,2022,111214,60.92,8,52,209,482,87.45,129,32,1676,255,397,32,4.69,0
8627,Tône,Savanes,2023,388775,44.33,3,11,202,392,61.8,327,53,3649,238,352,71,3.44,1
8628,Tandjoaré,Savanes,2021,35537,89.84,22,65,118,180,70.54,71,83,1239,47,418,41,3.08,1
8629,Akébou,Plateaux,2021,73188,91.17,29,14,25,186,56.18,302,50,5859,266,1300,63,3.19,1
8630,Kpendjal-Ouest,Savanes,2020,120285,68.46,2,53,91,582,68.31,380,76,1280,17,183,58,3.11,0
8631,Akébou,Plateaux,2021,73188,68.95,20,12,236,509,70.55,129,75,4616,141,608,47,4.46,1
8632,Sotouboua,Centrale,2022,141404,78.6,2,19,166,255,80.35,120,42,1011,53,651,53,3.27,0
8633,Bassar,Kara,2023,152038,47.42,4,66,21,599,50.86,86,83,768,195,1977,34,2.83,1
8634,Ogou,Plateaux,2021,253467,59.05,2,33,273,154,89.63,153,29,2051,133,720,57,3.99,1
8635,Oti,Savanes,2022,123324,65.15,3,34,63,522,55.06,252,55,3419,36,1760,50,3.38,0
8636,Kpendjal-Ouest,Savanes,2020,120285,84.74,29,75,101,67,80.35,130,34,4203,242,509,7,2.95,1
8637,Danyi,Plateaux,2022,40240,81.94,25,34,126,81,71.72,362,74,1485,61,516,46,3.94,0
8638,Akébou,Plateaux,2023,73188,64.62,28,68,105,577,87.55,300,89,5970,196,999,33,3.03,1
8639,Kloto,Plateaux,2023,145985,53.52,9,56,201,351,65.02,221,109,4495,165,1935,78,3.82,1
8640,Kpendjal-Ouest,Savanes,2023,120285,91.57,25,78,52,453,82.34,130,22,2362,298,1670,39,3.69,0
8641,Cinkassé,Savanes,2020,173987,54.92,2,91,234,184,70.82,231,92,711,131,1319,73,3.51,1
8642,Kéran,Kara,2021,123138,85.61,28,96,121,109,92.44,215,116,547,284,1901,64,4.67,1
8643,Sotouboua,Centrale,2021,141404,57.54,3,14,219,59,67.09,227,74,3463,215,513,24,2.73,1
8644,Agou,Plateaux,2022,85793,50.47,5,83,138,87,80.39,228,21,5038,259,994,74,3.82,1
8645,Blitta,Centrale,2023,218753,85.25,17,62,218,235,82.98,348,26,3125,6,1928,39,4.37,0
8646,Est-Mono,Plateaux,2022,164460,59.41,22,88,55,180,77.82,230,24,1856,85,1880,79,2.53,1
8647,Golfe,Maritime,2021,1305681,69.61,27,27,154,347,68.6,214,79,2721,8,1330,50,2.54,0
8648,Amou,Plateaux,2021,110948,84.95,18,74,85,469,69.28,368,116,436,117,492,77,3.73,1
8649,Sotouboua,Centrale,2022,141404,70.22,29,45,252,371,64.32,245,96,1582,19,948,51,2.88,1
8650,Est-Mono,Plateaux,2023,164460,65.76,29,60,39,392,63.95,354,28,3562,52,320,25,4.18,0
8651,Cinkassé,Savanes,2023,173987,65.44,14,93,62,81,72.08,240,45,3718,81,1904,63,3.69,0
8652,Kpendjal,Savanes,2023,150806,83.45,7,61,171,589,58.27,264,38,4427,169,1199,17,2.79,1
8653,Tchamba,Centrale,2022,200585,60.98,28,39,220,304,91.38,191,20,3257,138,839,79,3.52,0
8654,Ogou,Plateaux,2022,253467,91.86,25,28,61,485,66.29,58,82,227,235,93,10,2.55,1
8655,Cinkassé,Savanes,2023,173987,50.98,8,29,287,169,52.94,197,84,5034,264,488,38,3.01,1
8656,Danyi,Plateaux,2023,40240,42.88,26,89,299,287,69.29,179,27,2270,169,1991,26,3.05,1
8657,Amou,Plateaux,2021,110948,88.03,23,22,288,435,52.72,127,52,3087,6,8,59,2.78,0
8658,Amou,Plateaux,2022,110948,57.15,20,92,44,418,67.95,136,89,3967,272,698,23,2.93,1
8659,Kloto,Plateaux,2023,145985,46.45,3,45,117,311,78.02,128,42,1792,167,1963,7,2.57,1
8660,Blitta,Centrale,2023,218753,69.19,19,63,291,170,84.87,321,26,1801,128,373,31,3.46,0
8661,Mô,Centrale,2022,52448,79.0,20,55,137,280,52.84,398,119,3866,33,623,24,2.56,1
8662,Tône,Savanes,2023,388775,52.12,16,52,61,453,91.8,152,111,1272,100,622,75,4.01,1
8663,Binah,Kara,2020,84739,78.91,21,61,88,559,72.67,60,100,3389,171,1698,43,4.37,1
8664,Agoè-Nyivé,Maritime,2021,882695,66.79,28,89,236,216,62.99,318,78,3804,140,956,54,3.99,0
8665,Tandjoaré,Savanes,2020,35537,44.11,20,16,257,490,86.07,376,54,249,293,254,13,3.97,1
8666,Assoli,Kara,2021,66492,41.14,11,89,22,324,86.03,144,38,1878,174,164,66,3.38,1
8667,Est-Mono,Plateaux,2022,164460,86.77,14,17,195,335,84.87,116,70,4651,173,1859,28,2.6,1
8668,Wawa,Plateaux,2022,101300,43.14,27,20,142,278,55.68,203,31,1783,258,181,64,4.13,1
8669,Blitta,Centrale,2020,218753,52.48,28,92,298,286,85.71,129,56,5737,145,1966,43,4.25,1
8670,Kpendjal,Savanes,2023,150806,58.24,5,95,184,108,84.65,154,103,3979,236,302,1,4.62,1
8671,Moyen-Mono,Plateaux,2022,90505,41.9,7,56,234,270,67.16,347,44,3959,97,1601,8,3.98,1
8672,Wawa,Plateaux,2022,101300,54.71,17,13,61,147,71.89,247,76,3817,6,1216,67,3.79,1
8673,Doufelgou,Kara,2021,87588,57.98,20,57,174,295,96.52,154,52,5781,61,1997,42,4.78,1
8674,Wawa,Plateaux,2021,101300,66.36,26,73,225,564,50.54,219,27,4284,87,641,57,3.48,1
8675,Blitta,Centrale,2022,218753,84.32,2,6,120,178,71.74,59,48,1864,131,516,6,3.09,0
8676,Kloto,Plateaux,2020,145985,77.44,27,33,259,490,61.71,141,104,1795,190,926,36,3.63,1
8677,Sotouboua,Centrale,2020,141404,70.76,12,22,57,426,90.9,196,87,2855,201,1965,14,3.54,1
8678,Kpélé,Plateaux,2023,81620,86.62,16,65,55,182,83.01,277,75,4618,126,1754,77,3.65,1
8679,Bas-Mono,Maritime,2021,95380,48.18,9,34,282,507,59.08,212,36,4335,204,629,14,3.17,1
8680,Zio,Maritime,2021,500032,74.55,24,64,162,209,54.48,100,116,4739,130,910,79,3.28,1
8681,Tandjoaré,Savanes,2022,35537,40.01,21,10,33,515,59.0,225,107,5699,210,1872,76,2.89,1
8682,Kloto,Plateaux,2022,145985,88.52,9,99,115,141,67.57,332,60,3926,141,847,28,2.67,0
8683,Sotouboua,Centrale,2023,141404,71.33,3,94,66,73,73.16,240,102,3643,275,872,45,3.83,1
8684,Lacs,Maritime,2022,241207,63.73,26,63,284,262,83.78,345,35,1927,187,1353,51,4.15,0
8685,Moyen-Mono,Plateaux,2023,90505,81.16,14,95,171,427,59.12,174,34,1158,262,55,61,2.54,0
8686,Vo,Maritime,2023,224411,87.44,27,55,122,344,55.99,78,82,839,156,1724,4,2.87,1
8687,Tchaoudjo,Centrale,2021,240360,84.63,24,68,218,131,76.15,286,74,4178,80,1921,34,4.01,1
8688,Vo,Maritime,2020,224411,54.58,22,89,51,476,58.75,172,97,5315,233,5,66,4.64,1
8689,Kloto,Plateaux,2021,145985,88.03,20,14,168,140,92.41,308,66,4309,260,1303,6,2.96,1
8690,Tône,Savanes,2020,388775,81.12,11,88,74,73,67.29,314,99,5261,157,1940,45,3.55,1
8691,Agou,Plateaux,2020,85793,61.25,11,48,231,63,68.9,121,36,1973,163,1259,18,4.77,0
8692,Mô,Centrale,2020,52448,77.15,15,89,74,64,51.83,246,43,806,284,38,31,4.45,0
8693,Vo,Maritime,2020,224411,76.43,10,22,123,515,52.39,268,22,3338,109,1488,5,4.49,0
8694,Sotouboua,Centrale,2022,141404,62.66,14,67,218,537,88.55,226,120,746,207,1631,4,3.84,1
8695,Oti,Savanes,2021,123324,43.06,25,98,142,479,90.01,106,89,2811,173,658,15,3.52,1
8696,Kpendjal,Savanes,2020,150806,82.98,2,8,293,377,66.34,144,56,3550,147,1553,11,3.46,0
8697,Binah,Kara,2021,84739,60.87,2,31,113,481,60.89,314,97,5528,136,1004,37,4.47,1
8698,Avé,Maritime,2022,111214,73.21,19,6,39,525,96.94,183,53,4420,124,198,52,3.89,1
8699,Kloto,Plateaux,2023,145985,92.04,6,68,203,260,63.89,191,74,4811,176,546,63,2.56,1
8700,Kpendjal,Savanes,2022,150806,50.43,3,45,106,460,75.24,271,66,4978,159,1514,76,3.58,1
8701,Oti,Savanes,2020,123324,93.56,10,15,223,383,73.16,325,95,1950,182,1408,53,2.62,1
8702,Yoto,Maritime,2022,174451,75.26,30,28,45,183,90.51,176,116,2608,47,242,18,4.69,1
8703,Sotouboua,Centrale,2020,141404,47.5,2,76,234,306,74.67,341,53,1114,44,290,11,2.69,1
8704,Oti,Savanes,2023,123324,44.85,12,43,237,83,62.13,312,63,545,40,824,6,2.66,1
8705,Kpélé,Plateaux,2023,81620,42.7,17,40,94,198,59.16,345,105,4985,135,1766,69,4.36,1
8706,Kéran,Kara,2023,123138,67.85,18,6,294,598,54.44,120,100,4484,127,1157,26,4.72,1
8707,Haho,Plateaux,2020,305096,64.6,17,42,275,313,61.87,128,79,1172,293,488,38,2.59,0
8708,Avé,Maritime,2023,111214,50.31,6,49,213,305,85.28,86,60,3352,1,1234,46,2.91,1
8709,Agou,Plateaux,2023,85793,89.17,18,31,291,120,76.91,260,103,467,247,84,78,4.58,1
8710,Moyen-Mono,Plateaux,2021,90505,89.82,26,88,137,220,50.88,80,81,4446,131,255,56,2.58,1
8711,Tchaoudjo,Centrale,2022,240360,48.05,25,19,244,249,53.46,172,21,4105,160,1366,69,4.1,1
8712,Est-Mono,Plateaux,2020,164460,63.24,28,86,229,511,75.71,326,90,479,68,1467,34,3.77,1
8713,Binah,Kara,2023,84739,40.36,30,88,115,91,62.1,221,108,4353,167,135,58,3.67,1
8714,Kozah,Kara,2020,283738,46.69,6,20,219,570,53.27,172,71,4900,85,39,41,4.27,1
8715,Amou,Plateaux,2022,110948,70.66,16,86,289,136,88.35,263,85,1693,164,1917,17,4.13,1
8716,Amou,Plateaux,2022,110948,91.95,21,75,58,52,64.6,261,67,5724,184,179,19,2.66,1
8717,Avé,Maritime,2022,111214,65.42,13,75,292,314,57.77,195,89,4234,126,1898,72,3.34,1
8718,Avé,Maritime,2021,111214,56.22,20,35,53,504,70.56,218,66,3173,250,1221,10,3.18,1
8719,Agoè-Nyivé,Maritime,2022,882695,92.28,27,45,187,309,84.29,385,64,3313,148,803,25,3.66,0
8720,Kéran,Kara,2020,123138,47.59,4,61,153,212,87.68,342,40,4096,175,1388,33,4.07,1
8721,Doufelgou,Kara,2023,87588,91.16,28,56,47,580,74.4,201,28,3092,255,508,28,4.62,0
8722,Danyi,Plateaux,2023,40240,72.11,13,7,57,107,68.32,219,49,389,30,78,52,3.17,0
8723,Mô,Centrale,2021,52448,47.2,26,10,254,60,75.21,246,59,4290,105,1446,34,2.58,1
8724,Kozah,Kara,2020,283738,86.72,2,35,234,76,62.51,361,57,652,180,637,65,2.91,0
8725,Bas-Mono,Maritime,2022,95380,71.9,14,30,59,414,61.48,100,28,1646,133,1139,32,2.56,0
8726,Kpendjal-Ouest,Savanes,2020,120285,72.22,9,10,90,67,64.82,121,24,5486,101,536,46,3.57,1
8727,Agoè-Nyivé,Maritime,2023,882695,49.82,10,60,103,558,94.55,100,83,2798,145,1048,80,3.42,1
8728,Agou,Plateaux,2021,85793,57.26,23,74,67,159,79.86,164,20,1585,219,1455,0,4.43,1
8729,Haho,Plateaux,2020,305096,93.63,12,44,88,284,91.21,279,74,5698,189,577,16,3.65,1
8730,Kéran,Kara,2021,123138,56.92,6,9,101,406,63.55,318,51,2501,36,1909,37,2.82,1
8731,Tandjoaré,Savanes,2023,35537,88.16,4,78,102,420,90.93,214,77,4510,134,192,2,2.61,1
8732,Avé,Maritime,2022,111214,42.9,22,40,180,399,91.56,74,98,3770,100,172,20,3.79,1
8733,Bassar,Kara,2020,152038,81.83,11,30,116,350,79.38,103,47,3077,12,308,53,4.23,0
8734,Akébou,Plateaux,2021,73188,70.14,30,61,31,417,93.31,187,79,5213,263,962,28,3.88,1
8735,Oti-Sud,Savanes,2022,150806,47.89,12,38,216,198,70.85,57,108,1073,216,1689,75,2.71,1
8736,Haho,Plateaux,2020,305096,58.02,11,21,79,265,56.23,244,33,4868,12,552,45,3.97,1
8737,Yoto,Maritime,2020,174451,79.77,2,51,121,354,74.48,369,114,4105,236,1195,2,3.36,1
8738,Cinkassé,Savanes,2021,173987,42.69,3,51,208,267,79.95,105,87,3613,294,279,63,2.76,1
8739,Assoli,Kara,2023,66492,76.39,13,81,54,438,84.54,51,44,2700,61,759,57,3.28,0
8740,Vo,Maritime,2020,224411,74.53,14,74,200,434,74.82,255,104,1634,176,269,21,2.67,1
8741,Assoli,Kara,2022,66492,79.95,21,79,66,438,87.91,392,66,4374,154,1626,2,4.08,1
8742,Avé,Maritime,2022,111214,73.29,6,56,77,278,83.29,335,54,1752,77,1419,33,3.85,0
8743,Agou,Plateaux,2022,85793,80.22,8,49,168,470,75.98,341,27,765,143,1479,2,2.67,0
8744,Kloto,Plateaux,2021,145985,67.12,3,45,193,111,89.81,253,20,4420,129,34,14,2.91,1
8745,Tandjoaré,Savanes,2023,35537,58.2,24,24,30,592,92.88,311,97,4971,154,1912,37,4.47,1
8746,Tchaoudjo,Centrale,2021,240360,90.06,11,68,127,510,51.61,71,119,1744,275,910,21,2.8,1
8747,Oti-Sud,Savanes,2023,150806,52.6,22,79,146,401,84.7,293,29,652,33,1610,40,4.24,1
8748,Yoto,Maritime,2023,174451,71.7,18,14,67,440,79.74,381,27,392,201,430,0,3.41,0
8749,Oti,Savanes,2023,123324,75.13,17,63,34,336,70.05,161,120,413,297,1999,27,2.89,1
8750,Kpendjal-Ouest,Savanes,2023,120285,43.89,27,41,48,192,95.41,233,41,4192,278,1565,26,3.13,1
8751,Kpélé,Plateaux,2023,81620,77.37,21,76,157,247,83.01,369,108,1543,4,566,26,3.05,1
8752,Kpendjal-Ouest,Savanes,2023,120285,69.89,19,28,151,318,97.42,261,110,5240,47,1579,6,4.01,1
8753,Yoto,Maritime,2020,174451,52.68,3,24,245,338,52.94,191,76,4605,134,1068,22,4.42,1
8754,Binah,Kara,2022,84739,55.82,11,18,196,122,62.97,197,62,3840,6,1804,75,3.01,1
8755,Moyen-Mono,Plateaux,2021,90505,80.31,22,71,40,89,77.39,105,56,4962,249,73,60,4.17,1
8756,Avé,Maritime,2020,111214,54.82,17,15,226,371,74.6,112,59,5385,108,1247,62,3.47,1
8757,Doufelgou,Kara,2022,87588,91.46,25,87,234,88,71.7,196,76,1700,165,1772,39,4.1,0
8758,Avé,Maritime,2023,111214,77.72,23,76,98,111,90.43,270,105,335,180,1339,77,3.22,1
8759,Binah,Kara,2022,84739,49.56,25,48,80,592,80.12,275,85,3780,271,1401,17,4.04,1
8760,Bas-Mono,Maritime,2022,95380,89.3,20,90,245,161,50.88,99,116,936,121,747,73,3.95,1
8761,Est-Mono,Plateaux,2022,164460,93.81,24,12,143,114,79.23,144,67,2022,132,1748,48,4.66,0
8762,Yoto,Maritime,2023,174451,69.38,14,76,128,536,74.77,68,49,558,219,149,23,4.59,0
8763,Kpendjal,Savanes,2020,150806,75.48,19,46,77,540,67.54,84,56,3413,241,505,57,3.06,0
8764,Agou,Plateaux,2020,85793,93.12,13,15,212,555,74.37,280,24,421,110,1364,78,2.93,0
8765,Lacs,Maritime,2020,241207,94.78,16,9,294,222,73.54,224,52,2292,102,1794,46,4.06,0
8766,Est-Mono,Plateaux,2021,164460,49.0,11,71,289,104,91.26,147,49,1242,91,240,22,3.64,1
8767,Binah,Kara,2020,84739,84.32,12,94,35,541,62.62,77,83,5424,57,739,5,3.88,1
8768,Mô,Centrale,2023,52448,90.47,6,64,35,471,69.07,388,109,4318,114,1199,7,2.99,1
8769,Assoli,Kara,2022,66492,47.86,19,36,203,76,89.85,274,115,582,239,1283,4,4.6,1
8770,Cinkassé,Savanes,2021,173987,88.06,4,76,300,372,82.12,211,63,1982,152,638,65,2.69,0
8771,Vo,Maritime,2022,224411,50.92,6,10,299,235,75.72,104,33,3350,113,855,1,3.83,1
8772,Assoli,Kara,2020,66492,57.79,24,69,42,416,66.01,250,74,5601,99,1110,54,3.76,1
8773,Kéran,Kara,2020,123138,56.43,2,84,52,468,65.51,256,23,1976,263,1790,18,4.14,1
8774,Tchamba,Centrale,2022,200585,64.09,28,50,172,447,59.33,220,79,4505,143,1649,76,2.62,1
8775,Agou,Plateaux,2021,85793,72.08,12,30,52,513,61.08,235,26,4097,233,1861,40,4.77,1
8776,Zio,Maritime,2021,500032,81.6,8,5,102,75,79.45,308,43,3085,216,1712,21,2.88,0
8777,Dankpen,Kara,2023,184632,43.36,9,88,181,109,93.86,158,72,2236,219,880,66,3.29,1
8778,Kloto,Plateaux,2022,145985,60.94,24,88,288,400,67.2,267,120,2364,298,1231,3,4.28,1
8779,Vo,Maritime,2022,224411,66.6,2,64,61,149,94.4,137,99,2852,182,249,19,4.44,1
8780,Moyen-Mono,Plateaux,2023,90505,66.62,16,84,293,278,95.31,295,53,2330,156,788,55,3.42,0
8781,Cinkassé,Savanes,2023,173987,80.34,21,65,195,229,77.06,204,22,4845,224,242,43,3.36,1
8782,Zio,Maritime,2021,500032,90.31,5,15,137,177,82.26,319,71,5316,10,1244,77,3.7,1
8783,Tandjoaré,Savanes,2020,35537,89.46,25,79,26,506,52.93,143,116,4506,277,2000,2,3.04,1
8784,Lacs,Maritime,2023,241207,77.15,3,71,212,102,56.76,382,108,738,6,848,8,4.43,1
8785,Kpélé,Plateaux,2022,81620,77.81,7,70,277,79,77.53,249,60,3373,40,135,6,2.6,0
8786,Cinkassé,Savanes,2021,173987,88.98,16,71,179,180,95.64,173,49,2654,271,1428,23,4.13,0
8787,Anié,Plateaux,2023,177188,53.81,15,33,175,472,66.76,322,51,1706,192,1759,49,4.3,1
8788,Kozah,Kara,2020,283738,86.0,12,19,42,215,51.97,190,32,5787,160,967,8,2.65,1
8789,Kpendjal-Ouest,Savanes,2021,120285,89.46,23,14,219,113,75.01,146,35,405,16,619,54,4.37,0
8790,Anié,Plateaux,2021,177188,52.52,2,46,48,415,59.67,116,28,1539,165,1977,39,2.66,1
8791,Danyi,Plateaux,2021,40240,79.64,20,9,133,263,67.95,112,107,4248,163,752,0,4.44,1
8792,Bassar,Kara,2020,152038,94.45,23,35,126,128,75.19,285,94,5979,18,1974,43,2.55,1
8793,Binah,Kara,2021,84739,78.83,19,45,217,276,61.72,365,27,3657,205,1407,24,3.83,0
8794,Kozah,Kara,2023,283738,72.68,13,69,42,382,94.27,147,116,5744,74,123,16,4.72,1
8795,Sotouboua,Centrale,2020,141404,89.75,10,95,176,202,67.17,386,44,4856,296,1932,5,3.73,1
8796,Kozah,Kara,2021,283738,54.92,5,87,70,128,72.11,50,93,3901,104,933,6,2.66,1
8797,Wawa,Plateaux,2020,101300,44.07,17,37,239,168,74.33,74,96,812,195,319,48,3.35,1
8798,Mô,Centrale,2021,52448,83.36,17,68,242,256,52.37,213,87,2989,161,600,22,4.34,1
8799,Zio,Maritime,2022,500032,53.38,9,52,89,365,73.46,256,61,2400,167,1475,19,4.47,1
8800,Ogou,Plateaux,2023,253467,89.74,6,29,146,387,58.69,125,114,4477,134,1751,4,3.58,1
8801,Golfe,Maritime,2022,1305681,41.68,6,52,180,299,72.89,175,102,2652,114,120,48,3.54,1
8802,Kpélé,Plateaux,2020,81620,74.44,19,76,236,231,51.92,267,65,262,205,320,75,4.74,0
8803,Cinkassé,Savanes,2022,173987,78.55,2,48,22,461,91.77,350,77,3705,230,1748,44,4.58,0
8804,Oti,Savanes,2022,123324,90.8,19,55,202,553,68.44,276,25,4400,226,641,41,3.68,1
8805,Amou,Plateaux,2022,110948,42.5,11,31,174,537,96.72,336,35,244,113,1567,37,3.75,1
8806,Doufelgou,Kara,2021,87588,67.73,23,56,284,129,58.91,288,39,5576,15,328,72,2.83,1
8807,Tchaoudjo,Centrale,2021,240360,58.15,18,54,80,538,65.92,119,64,5834,133,1881,79,2.7,1
8808,Danyi,Plateaux,2022,40240,76.56,2,74,255,520,74.25,270,48,2258,3,249,78,2.91,0
8809,Amou,Plateaux,2020,110948,52.63,22,40,214,376,54.49,118,94,4208,38,41,4,3.54,1
8810,Agou,Plateaux,2020,85793,74.48,17,97,85,99,95.72,209,38,1986,162,549,60,4.39,0
8811,Agou,Plateaux,2022,85793,42.91,29,17,190,403,78.38,206,74,4101,207,593,46,3.85,1
8812,Kpendjal-Ouest,Savanes,2020,120285,60.41,12,80,215,249,68.46,268,21,1593,2,1888,79,3.81,0
8813,Golfe,Maritime,2020,1305681,77.43,21,29,64,453,76.35,148,117,3179,187,1006,39,4.79,1
8814,Yoto,Maritime,2020,174451,62.89,21,62,137,167,55.36,102,71,994,285,1618,32,3.99,0
8815,Cinkassé,Savanes,2020,173987,42.06,30,100,92,521,85.5,383,63,1936,51,638,67,4.66,1
8816,Kpélé,Plateaux,2023,81620,80.31,25,47,22,247,63.67,193,26,3785,4,1874,78,4.5,0
8817,Blitta,Centrale,2020,218753,91.83,18,92,134,448,51.45,64,114,4146,225,541,48,3.35,1
8818,Agoè-Nyivé,Maritime,2020,882695,44.15,12,10,125,421,76.85,342,28,5374,99,1384,0,4.4,1
8819,Bas-Mono,Maritime,2021,95380,57.39,4,46,273,582,71.33,113,43,1378,46,704,36,4.41,1
8820,Tchamba,Centrale,2020,200585,69.9,12,76,291,206,66.52,99,94,3650,123,1175,73,2.63,1
8821,Kéran,Kara,2021,123138,65.49,30,49,35,439,52.37,268,49,3554,133,1466,55,3.47,0
8822,Zio,Maritime,2023,500032,87.5,7,46,166,153,84.4,152,39,4870,299,82,42,3.4,1
8823,Yoto,Maritime,2020,174451,80.81,22,81,72,114,77.9,315,51,2844,268,615,69,3.15,0
8824,Vo,Maritime,2022,224411,55.98,9,49,156,77,51.46,360,26,2287,183,65,2,3.42,1
8825,Agou,Plateaux,2023,85793,84.17,26,95,126,464,77.65,203,73,3870,274,713,21,4.62,0
8826,Wawa,Plateaux,2022,101300,56.69,2,10,171,156,53.19,110,52,809,193,679,25,3.02,1
8827,Tandjoaré,Savanes,2022,35537,91.57,15,86,125,428,80.78,90,97,1870,170,358,52,3.8,1
8828,Dankpen,Kara,2023,184632,82.32,11,41,227,410,94.93,303,99,4652,78,10,32,2.75,1
8829,Assoli,Kara,2020,66492,54.1,8,8,76,452,58.78,339,101,2469,194,391,41,2.56,1
8830,Akébou,Plateaux,2022,73188,52.46,13,93,209,137,83.01,94,68,2797,174,316,30,3.26,1
8831,Sotouboua,Centrale,2021,141404,78.67,22,94,225,115,67.1,219,42,2064,22,589,42,4.21,0
8832,Moyen-Mono,Plateaux,2023,90505,60.02,25,62,216,179,60.95,211,78,3863,164,1512,77,3.71,0
8833,Kpendjal,Savanes,2023,150806,80.76,5,59,176,460,72.22,293,35,4765,159,1964,46,4.79,1
8834,Kpendjal,Savanes,2023,150806,87.1,9,74,279,299,54.41,341,90,549,294,1345,40,4.13,1
8835,Kpendjal,Savanes,2020,150806,59.92,28,36,267,141,77.66,339,88,552,193,105,27,2.77,1
8836,Zio,Maritime,2023,500032,55.1,19,54,142,446,66.39,164,62,2958,268,1500,20,3.87,1
8837,Avé,Maritime,2022,111214,52.48,26,34,44,241,72.01,119,29,3097,182,546,63,4.34,1
8838,Zio,Maritime,2022,500032,76.26,30,76,43,456,71.2,352,99,4678,106,1033,8,3.2,1
8839,Yoto,Maritime,2020,174451,51.18,6,52,250,250,79.25,157,49,543,216,1811,58,4.74,1
8840,Avé,Maritime,2020,111214,50.81,24,78,245,65,73.69,75,30,1395,89,693,51,3.96,1
8841,Kloto,Plateaux,2022,145985,53.42,12,33,252,516,75.06,231,89,2461,245,1171,20,3.58,1
8842,Lacs,Maritime,2021,241207,48.58,11,33,68,471,83.26,173,110,5029,98,1248,36,4.41,1
8843,Golfe,Maritime,2021,1305681,68.54,29,59,300,489,77.97,182,69,3303,281,1660,52,3.81,0
8844,Assoli,Kara,2023,66492,84.6,11,74,130,279,87.47,371,79,872,209,182,74,2.57,0
8845,Tône,Savanes,2023,388775,64.46,7,53,172,104,81.91,205,58,1033,80,1759,27,4.6,0
8846,Kéran,Kara,2021,123138,84.99,21,69,276,285,51.94,89,39,366,69,735,24,3.18,0
8847,Mô,Centrale,2023,52448,83.12,26,47,270,551,52.99,163,100,5645,157,984,67,2.63,1
8848,Tchaoudjo,Centrale,2022,240360,74.71,17,71,26,300,67.98,161,52,846,297,439,53,3.7,0
8849,Yoto,Maritime,2022,174451,59.77,13,82,226,108,78.1,203,86,4447,16,749,2,2.51,1
8850,Oti-Sud,Savanes,2022,150806,88.57,7,30,214,295,94.26,249,23,2821,93,602,33,4.54,0
8851,Cinkassé,Savanes,2020,173987,65.29,21,38,167,58,64.07,362,63,4940,211,1917,70,3.61,1
8852,Est-Mono,Plateaux,2021,164460,85.1,28,83,186,306,65.84,152,103,2631,259,1429,19,3.01,1
8853,Akébou,Plateaux,2020,73188,46.91,2,92,63,204,89.12,375,79,498,130,307,6,3.03,1
8854,Binah,Kara,2023,84739,59.93,29,57,48,125,95.22,337,103,351,36,1710,5,2.52,1
8855,Kozah,Kara,2021,283738,56.55,11,93,133,332,58.57,359,102,3982,243,1217,78,2.84,1
8856,Kéran,Kara,2022,123138,69.62,16,72,60,552,91.74,322,54,1279,53,936,49,4.13,0
8857,Yoto,Maritime,2022,174451,47.81,3,80,107,271,74.21,352,31,3320,263,370,71,3.58,1
8858,Binah,Kara,2020,84739,83.79,17,14,296,135,75.63,271,40,3707,267,629,35,2.83,0
8859,Akébou,Plateaux,2020,73188,42.05,27,10,274,213,54.71,275,71,4020,121,438,16,3.17,1
8860,Oti-Sud,Savanes,2023,150806,79.09,25,28,70,356,58.87,200,28,5762,66,1331,68,4.52,1
8861,Blitta,Centrale,2023,218753,64.97,17,11,96,592,55.42,281,71,381,31,1164,4,3.87,0
8862,Bassar,Kara,2023,152038,80.42,30,82,118,200,62.09,59,76,1400,124,164,3,4.53,0
8863,Agoè-Nyivé,Maritime,2021,882695,43.22,8,92,278,462,71.61,270,55,5384,195,366,73,4.39,1
8864,Vo,Maritime,2021,224411,71.34,12,44,73,296,53.8,117,77,1967,270,1604,5,2.7,0
8865,Amou,Plateaux,2022,110948,58.46,11,24,89,299,84.09,339,93,2102,143,742,52,2.73,1
8866,Oti-Sud,Savanes,2021,150806,58.69,4,68,213,320,74.93,101,91,2714,272,652,35,3.67,1
8867,Agou,Plateaux,2020,85793,51.81,22,78,27,296,58.12,74,57,5390,129,162,76,4.66,1
8868,Kozah,Kara,2021,283738,49.21,12,24,48,269,93.96,250,41,4524,66,255,1,3.99,1
8869,Kpélé,Plateaux,2023,81620,41.59,16,98,210,304,68.15,84,68,1732,196,1772,43,3.31,1
8870,Yoto,Maritime,2021,174451,50.59,8,23,107,460,95.63,100,82,3944,166,418,50,3.52,1
8871,Moyen-Mono,Plateaux,2023,90505,57.89,6,44,272,286,84.27,237,99,3573,239,1931,79,2.53,1
8872,Yoto,Maritime,2021,174451,79.68,29,14,202,550,53.94,178,112,3930,104,1676,61,3.08,1
8873,Blitta,Centrale,2023,218753,80.93,2,83,208,507,83.81,193,93,5718,152,1674,68,2.52,1
8874,Assoli,Kara,2023,66492,68.21,7,18,232,320,67.13,63,23,3099,205,364,47,4.21,0
8875,Ogou,Plateaux,2023,253467,61.56,6,45,45,142,83.5,311,60,1148,237,427,58,2.68,0
8876,Tône,Savanes,2021,388775,94.84,20,31,92,558,50.28,142,83,1087,219,1620,18,4.05,1
8877,Mô,Centrale,2022,52448,58.09,27,9,128,309,93.59,94,85,2885,182,1243,64,4.38,1
8878,Agou,Plateaux,2022,85793,41.6,24,36,147,228,79.98,199,84,5797,178,950,52,4.12,1
8879,Tône,Savanes,2021,388775,93.06,27,23,173,468,84.19,55,97,2723,175,1393,61,4.29,1
8880,Agou,Plateaux,2020,85793,76.09,5,67,167,390,78.35,382,118,2397,89,643,12,4.79,1
8881,Oti-Sud,Savanes,2023,150806,60.54,27,78,169,225,55.13,275,74,4563,96,685,1,2.93,1
8882,Golfe,Maritime,2021,1305681,62.14,2,39,119,236,93.69,191,120,4818,13,948,78,3.76,1
8883,Doufelgou,Kara,2021,87588,88.78,7,19,171,441,78.83,272,47,530,192,724,6,3.14,0
8884,Mô,Centrale,2023,52448,50.39,8,40,131,200,69.06,281,84,3734,93,390,8,3.91,1
8885,Tône,Savanes,2023,388775,77.96,5,11,242,455,95.44,368,97,4558,174,1285,22,2.99,1
8886,Tandjoaré,Savanes,2020,35537,54.74,28,71,296,583,55.9,344,92,5596,300,1252,41,4.38,1
8887,Tchamba,Centrale,2020,200585,86.49,30,50,233,595,54.89,117,75,3467,4,542,41,3.6,0
8888,Binah,Kara,2020,84739,67.66,24,36,99,112,72.27,373,28,3549,163,1816,12,3.45,0
8889,Tandjoaré,Savanes,2023,35537,72.65,6,30,160,507,94.18,97,35,2044,66,545,9,3.93,0
8890,Sotouboua,Centrale,2022,141404,40.34,15,42,26,132,69.21,120,109,5828,10,358,41,3.2,1
8891,Kpendjal-Ouest,Savanes,2021,120285,62.51,10,45,270,429,69.79,294,100,3800,197,1752,70,4.17,1
8892,Moyen-Mono,Plateaux,2023,90505,58.1,7,16,216,53,94.83,235,22,860,6,1210,4,2.6,1
8893,Est-Mono,Plateaux,2023,164460,75.39,25,82,126,463,53.53,311,113,3944,163,1371,27,3.5,1
8894,Kpendjal,Savanes,2022,150806,65.07,4,38,282,243,52.11,322,55,682,153,484,17,4.48,0
8895,Tchaoudjo,Centrale,2020,240360,71.55,8,50,32,588,61.09,199,106,4440,100,1491,5,2.52,1
8896,Yoto,Maritime,2022,174451,45.9,15,38,91,181,87.11,261,98,3994,200,1745,57,3.65,1
8897,Assoli,Kara,2021,66492,49.63,9,91,252,370,66.64,377,65,2974,50,1529,61,4.0,1
8898,Kozah,Kara,2021,283738,40.4,8,87,204,145,63.97,51,86,4750,209,1601,45,3.79,1
8899,Moyen-Mono,Plateaux,2021,90505,50.11,12,20,238,429,51.79,264,105,884,166,850,56,2.96,1
8900,Ogou,Plateaux,2022,253467,89.4,13,16,143,507,60.75,203,52,5361,224,1701,48,3.19,1
8901,Ogou,Plateaux,2022,253467,91.18,25,83,148,276,54.57,86,99,4436,56,1340,33,4.06,1
8902,Lacs,Maritime,2021,241207,55.42,14,34,255,93,72.87,267,21,1384,106,1006,26,4.51,1
8903,Vo,Maritime,2022,224411,42.99,17,16,270,561,61.64,346,20,5314,80,1148,34,3.38,1
8904,Binah,Kara,2022,84739,44.3,19,52,123,99,79.04,352,99,5452,28,1855,55,3.27,1
8905,Moyen-Mono,Plateaux,2022,90505,41.85,24,52,75,424,97.16,104,64,3725,189,561,4,4.75,1
8906,Kozah,Kara,2023,283738,80.81,8,74,45,425,63.67,321,72,2035,187,1570,60,4.77,0
8907,Assoli,Kara,2023,66492,48.05,22,89,131,214,52.26,133,39,4593,154,900,75,3.84,1
8908,Tandjoaré,Savanes,2021,35537,85.82,7,59,107,401,93.66,125,72,5857,289,1495,63,4.03,1
8909,Tchamba,Centrale,2021,200585,66.93,11,37,45,388,74.65,154,48,4020,188,1456,50,2.59,1
8910,Kozah,Kara,2022,283738,84.42,8,62,139,368,81.81,253,93,5236,131,59,67,4.61,1
8911,Tône,Savanes,2022,388775,62.37,10,87,43,433,61.23,291,94,3999,235,593,63,2.79,1
8912,Doufelgou,Kara,2021,87588,69.49,30,11,199,331,62.2,356,87,4004,249,1905,14,3.48,1
8913,Dankpen,Kara,2021,184632,47.87,9,55,247,462,62.16,57,104,4776,72,1551,68,3.93,1
8914,Zio,Maritime,2020,500032,92.59,19,80,84,194,63.86,356,82,971,19,1378,3,4.09,1
8915,Moyen-Mono,Plateaux,2023,90505,92.29,7,53,100,500,62.34,155,95,5254,273,925,72,4.18,1
8916,Golfe,Maritime,2023,1305681,86.06,11,62,86,587,51.46,88,62,2924,83,674,74,4.15,0
8917,Binah,Kara,2021,84739,42.33,8,56,89,567,87.92,225,105,4987,96,1217,34,2.86,1
8918,Binah,Kara,2021,84739,93.03,26,10,84,456,92.36,365,65,2512,176,1350,2,3.09,0
8919,Oti,Savanes,2022,123324,79.95,28,10,56,372,80.9,76,90,5128,186,1998,33,4.34,1
8920,Haho,Plateaux,2023,305096,80.27,3,68,276,325,78.07,150,91,933,280,487,55,4.27,1
8921,Kloto,Plateaux,2023,145985,45.14,11,94,187,236,89.36,124,92,5915,116,1208,73,3.37,1
8922,Vo,Maritime,2021,224411,73.78,27,75,255,443,52.74,371,84,2946,121,1600,59,4.5,1
8923,Akébou,Plateaux,2020,73188,84.52,7,73,34,440,72.95,270,74,2340,172,1548,56,2.78,0
8924,Ogou,Plateaux,2021,253467,89.33,8,89,145,444,70.2,390,80,545,115,407,22,2.69,0
8925,Agou,Plateaux,2020,85793,81.29,27,74,24,128,86.25,171,52,3505,115,1426,17,4.2,0
8926,Lacs,Maritime,2020,241207,86.38,14,30,250,334,63.3,319,88,958,229,1240,26,3.86,1
8927,Kpendjal,Savanes,2020,150806,49.65,21,87,128,431,51.09,252,91,5958,145,1160,60,2.74,1
8928,Blitta,Centrale,2023,218753,89.23,9,60,212,518,70.83,110,47,3875,51,1299,41,4.1,0
8929,Akébou,Plateaux,2020,73188,86.7,9,41,181,347,83.13,173,53,562,282,422,17,3.93,0
8930,Bas-Mono,Maritime,2023,95380,44.11,28,63,98,495,89.02,180,82,5563,252,1182,0,3.02,1
8931,Wawa,Plateaux,2023,101300,62.4,16,82,272,59,83.94,80,40,2515,161,848,44,3.2,0
8932,Avé,Maritime,2022,111214,40.83,8,26,129,536,72.44,334,116,5579,178,1712,77,2.59,1
8933,Wawa,Plateaux,2022,101300,83.12,16,86,228,438,90.36,395,83,3004,167,1272,12,2.94,1
8934,Sotouboua,Centrale,2023,141404,56.24,13,81,116,107,86.8,342,115,5685,60,1158,41,3.51,1
8935,Haho,Plateaux,2023,305096,45.68,22,13,39,239,76.05,151,76,768,66,1663,46,2.85,1
8936,Zio,Maritime,2021,500032,89.04,22,22,125,162,93.56,142,91,5306,2,1649,59,4.6,1
8937,Yoto,Maritime,2023,174451,73.88,9,70,156,76,70.88,378,53,1223,255,798,2,3.8,0
8938,Tchaoudjo,Centrale,2021,240360,74.19,30,32,226,144,63.95,161,73,5294,276,1505,44,4.62,1
8939,Blitta,Centrale,2020,218753,46.98,4,86,242,316,62.0,387,101,5597,19,178,34,3.9,1
8940,Lacs,Maritime,2023,241207,50.53,15,31,244,392,62.11,294,120,4172,135,1394,16,2.64,1
8941,Kpendjal-Ouest,Savanes,2020,120285,91.97,20,81,171,396,57.73,195,32,2462,205,1249,68,2.61,0
8942,Mô,Centrale,2020,52448,49.01,17,5,22,592,90.18,284,60,4563,290,523,30,2.99,1
8943,Akébou,Plateaux,2023,73188,47.41,26,88,202,171,56.01,129,70,5257,189,747,65,4.02,1
8944,Kpélé,Plateaux,2020,81620,49.76,22,5,289,326,85.56,295,92,3917,152,1117,24,3.18,1
8945,Agou,Plateaux,2020,85793,89.74,7,79,79,378,96.22,88,56,763,191,24,2,3.15,0
8946,Kozah,Kara,2022,283738,93.35,4,46,267,438,58.18,225,90,5694,259,1361,52,4.34,1
8947,Kpendjal,Savanes,2021,150806,93.95,4,56,196,144,56.52,341,48,5430,128,1593,29,2.66,1
8948,Kozah,Kara,2020,283738,46.42,21,25,218,547,93.78,349,36,2363,288,585,49,4.69,1
8949,Blitta,Centrale,2021,218753,58.73,3,57,213,263,67.5,207,70,1611,144,326,52,3.68,1
8950,Tchaoudjo,Centrale,2020,240360,81.51,26,55,173,171,82.18,245,85,1993,293,1274,48,3.19,1
8951,Blitta,Centrale,2021,218753,84.09,11,39,295,74,56.45,124,31,4437,49,155,61,3.01,1
8952,Mô,Centrale,2022,52448,88.03,28,10,294,517,71.12,325,68,2663,292,158,77,3.6,0
8953,Kpendjal,Savanes,2021,150806,91.27,19,67,59,87,94.58,265,90,5187,168,420,22,3.21,1
8954,Akébou,Plateaux,2022,73188,93.28,10,20,230,258,85.52,357,52,1128,8,1530,76,2.51,0
8955,Bassar,Kara,2021,152038,92.08,15,61,93,466,70.38,318,66,2213,3,1264,36,4.1,0
8956,Kpendjal-Ouest,Savanes,2022,120285,87.21,4,78,108,373,84.82,104,20,3614,260,297,34,3.58,0
8957,Moyen-Mono,Plateaux,2022,90505,85.14,11,66,216,223,87.12,58,84,3674,287,1535,11,4.1,1
8958,Akébou,Plateaux,2021,73188,41.61,23,51,291,587,55.84,258,37,2663,2,1361,4,4.45,1
8959,Kpélé,Plateaux,2023,81620,66.75,15,96,134,137,62.28,365,44,1955,238,405,48,3.27,0
8960,Doufelgou,Kara,2022,87588,92.82,7,7,172,558,50.63,386,90,3143,34,894,44,3.62,1
8961,Amou,Plateaux,2020,110948,78.06,17,74,148,571,83.25,78,73,1977,88,16,76,2.92,0
8962,Golfe,Maritime,2020,1305681,50.26,22,18,235,330,54.84,311,106,5539,190,330,13,3.96,1
8963,Cinkassé,Savanes,2023,173987,73.01,12,84,171,221,88.9,171,30,4273,46,1128,80,2.51,1
8964,Ogou,Plateaux,2023,253467,89.75,13,79,175,437,64.6,260,119,5343,58,1130,50,3.29,1
8965,Moyen-Mono,Plateaux,2023,90505,42.28,11,97,169,263,67.36,93,54,4525,127,1650,13,4.12,1
8966,Dankpen,Kara,2022,184632,79.5,4,94,74,168,61.14,99,118,4628,33,1059,70,4.64,1
8967,Tône,Savanes,2021,388775,54.22,12,66,28,203,86.96,307,31,2558,51,1133,6,4.71,1
8968,Tchaoudjo,Centrale,2021,240360,80.6,26,5,282,240,51.83,190,86,4594,114,669,68,2.74,1
8969,Golfe,Maritime,2021,1305681,58.08,18,82,166,362,66.73,120,41,5276,51,1870,25,3.86,1
8970,Agoè-Nyivé,Maritime,2022,882695,45.94,15,77,129,357,96.13,215,86,4836,78,901,20,2.85,1
8971,Avé,Maritime,2023,111214,81.49,2,56,33,304,78.9,51,110,5651,76,283,46,2.77,1
8972,Kozah,Kara,2021,283738,41.81,22,15,167,590,94.02,212,108,756,247,210,54,3.8,1
8973,Vo,Maritime,2020,224411,93.09,8,52,32,460,64.39,203,43,2203,53,273,15,3.55,0
8974,Cinkassé,Savanes,2020,173987,76.52,6,81,266,299,60.38,246,83,1835,299,138,47,2.63,1
8975,Yoto,Maritime,2020,174451,46.87,15,94,214,310,57.73,123,90,417,251,1454,41,3.53,1
8976,Moyen-Mono,Plateaux,2023,90505,44.64,27,51,91,233,63.71,255,27,684,0,181,39,3.54,1
8977,Anié,Plateaux,2021,177188,51.93,26,55,235,190,73.06,144,53,5312,17,1196,0,3.14,1
8978,Agou,Plateaux,2022,85793,81.78,4,58,39,268,95.69,296,61,5252,99,431,76,2.76,1
8979,Mô,Centrale,2022,52448,51.96,9,8,207,111,72.46,60,114,1848,57,485,62,4.57,1
8980,Cinkassé,Savanes,2020,173987,69.42,23,35,95,193,92.25,111,86,2764,73,769,31,2.93,1
8981,Amou,Plateaux,2021,110948,47.2,25,18,185,110,71.14,326,64,4178,194,1140,74,3.11,1
8982,Oti,Savanes,2021,123324,52.39,21,55,139,214,72.19,265,53,980,27,1473,53,3.78,1
8983,Dankpen,Kara,2020,184632,76.94,26,50,176,156,66.46,239,107,5701,155,1539,20,4.54,1
8984,Avé,Maritime,2020,111214,69.61,4,79,86,459,89.14,283,31,5714,286,851,49,3.59,1
8985,Kloto,Plateaux,2020,145985,66.1,19,20,191,63,87.51,116,72,4544,280,1485,1,4.02,1
8986,Kloto,Plateaux,2022,145985,94.78,26,97,27,589,72.97,284,59,4718,200,330,13,4.03,1
8987,Sotouboua,Centrale,2020,141404,88.33,24,63,224,437,64.0,82,22,3336,149,162,65,4.73,0
8988,Kloto,Plateaux,2020,145985,46.51,21,99,116,425,50.17,231,51,3135,24,1229,45,4.07,1
8989,Oti,Savanes,2023,123324,50.78,23,41,196,233,83.58,238,72,1902,44,1542,13,3.54,1
8990,Moyen-Mono,Plateaux,2023,90505,62.62,8,19,271,110,77.37,351,23,698,265,1657,21,4.79,0
8991,Wawa,Plateaux,2022,101300,90.43,14,15,119,139,56.94,381,29,5499,226,1521,2,4.25,1
8992,Est-Mono,Plateaux,2023,164460,69.1,29,81,204,456,54.98,185,64,3576,76,1764,22,3.31,0
8993,Tône,Savanes,2020,388775,66.39,22,24,267,522,54.79,85,76,3271,30,1527,50,3.06,0
8994,Kpendjal,Savanes,2022,150806,94.76,24,10,94,464,74.89,384,41,5899,91,640,31,4.49,1
8995,Tône,Savanes,2021,388775,63.9,26,96,82,506,87.96,274,61,217,129,127,73,3.99,0
8996,Sotouboua,Centrale,2023,141404,91.26,13,31,165,332,86.77,168,104,3109,162,1516,70,2.92,1
8997,Cinkassé,Savanes,2022,173987,94.04,4,39,205,555,91.4,348,74,2196,125,549,36,4.51,0
8998,Dankpen,Kara,2023,184632,61.85,9,12,295,431,91.65,123,106,4377,289,1799,46,4.34,1
8999,Tandjoaré,Savanes,2021,35537,63.97,18,23,35,252,80.75,312,108,698,142,426,78,2.71,1
9000,Amou,Plateaux,2023,110948,89.29,5,14,173,455,93.32,129,75,4589,284,1764,21,3.99,1
9001,Est-Mono,Plateaux,2022,164460,47.95,19,36,241,74,91.97,173,35,988,105,1427,13,3.3,1
9002,Wawa,Plateaux,2020,101300,59.2,2,92,121,141,80.29,285,104,2358,46,989,61,3.63,1
9003,Oti,Savanes,2023,123324,44.13,26,82,21,371,90.35,272,120,1494,11,1075,37,4.77,1
9004,Kpendjal,Savanes,2023,150806,84.62,10,27,153,406,73.73,159,78,537,271,1992,77,4.56,0
9005,Assoli,Kara,2020,66492,56.2,27,80,165,498,77.64,392,101,3576,87,256,11,2.65,1
9006,Yoto,Maritime,2023,174451,41.61,28,46,267,574,68.88,308,83,1204,261,645,65,2.74,1
9007,Bassar,Kara,2022,152038,94.88,20,52,73,122,68.77,228,71,613,148,1919,64,2.62,0
9008,Est-Mono,Plateaux,2021,164460,89.0,9,74,294,87,93.13,354,60,1505,74,263,75,2.61,0
9009,Zio,Maritime,2021,500032,77.04,14,37,277,88,90.19,380,57,1219,119,1659,27,3.43,0
9010,Golfe,Maritime,2023,1305681,44.62,18,14,286,466,79.76,301,95,2295,255,238,3,4.2,1
9011,Amou,Plateaux,2023,110948,86.18,4,95,141,561,59.49,181,84,3810,143,1769,30,4.22,1
9012,Oti-Sud,Savanes,2020,150806,50.08,12,13,98,174,81.28,371,112,791,105,1577,40,4.07,1
9013,Mô,Centrale,2023,52448,43.7,14,59,197,108,68.31,118,21,641,42,408,54,3.79,1
9014,Bas-Mono,Maritime,2020,95380,44.15,5,26,58,342,53.14,177,43,1004,64,1131,25,4.44,1
9015,Kpélé,Plateaux,2021,81620,54.04,28,80,66,531,97.66,152,78,3744,139,446,15,4.38,1
9016,Kozah,Kara,2020,283738,49.29,3,74,72,442,86.23,120,77,2964,208,185,57,3.96,1
9017,Bas-Mono,Maritime,2022,95380,76.97,4,13,75,596,71.2,288,72,3708,247,397,0,3.89,0
9018,Yoto,Maritime,2023,174451,72.41,23,37,213,439,96.6,355,31,3642,119,1209,60,2.79,0
9019,Golfe,Maritime,2021,1305681,48.09,4,57,269,314,80.19,242,34,4949,205,380,33,4.6,1
9020,Binah,Kara,2020,84739,70.97,29,43,249,381,76.39,223,39,4006,200,1105,45,4.55,1
9021,Yoto,Maritime,2022,174451,40.89,14,35,58,244,88.59,330,43,3543,170,67,80,4.5,1
9022,Dankpen,Kara,2022,184632,40.02,6,59,244,529,71.05,390,47,4898,82,1342,60,4.01,1
9023,Oti,Savanes,2021,123324,92.77,6,11,39,400,74.23,173,103,4157,270,601,66,3.18,1
9024,Zio,Maritime,2023,500032,77.13,6,43,58,468,94.85,180,56,1924,23,1816,66,4.23,0
9025,Kpendjal-Ouest,Savanes,2021,120285,60.78,7,80,218,128,93.28,318,45,4176,272,1690,64,3.36,1
9026,Bassar,Kara,2023,152038,87.08,19,59,65,172,58.1,370,33,250,223,1426,19,3.03,0
9027,Doufelgou,Kara,2021,87588,89.81,3,44,285,479,87.38,191,23,2720,41,460,5,2.83,0
9028,Tandjoaré,Savanes,2022,35537,62.98,7,89,68,584,89.89,339,38,1658,105,447,69,3.9,0
9029,Kpendjal,Savanes,2021,150806,56.02,29,50,192,328,85.91,242,75,5403,135,198,71,2.89,1
9030,Ogou,Plateaux,2022,253467,75.46,25,91,54,55,86.71,59,37,2905,126,1209,49,2.73,0
9031,Assoli,Kara,2022,66492,67.06,4,52,175,564,91.44,150,37,1435,270,1007,66,4.01,0
9032,Tandjoaré,Savanes,2022,35537,90.84,19,32,257,407,61.71,302,83,5852,68,1571,32,3.56,1
9033,Lacs,Maritime,2021,241207,81.35,20,23,27,131,50.52,279,99,1659,282,756,75,2.92,1
9034,Ogou,Plateaux,2022,253467,79.18,2,46,193,186,55.21,372,114,4335,88,1285,62,4.76,1
9035,Kpendjal-Ouest,Savanes,2020,120285,49.64,18,55,235,553,57.36,381,89,616,255,144,11,3.13,1
9036,Cinkassé,Savanes,2023,173987,47.78,9,10,81,362,90.08,188,77,3804,300,301,19,2.71,1
9037,Mô,Centrale,2022,52448,57.36,6,82,254,479,53.59,313,68,1646,283,700,45,3.76,1
9038,Oti-Sud,Savanes,2020,150806,86.43,13,19,273,187,74.57,241,113,2398,2,1207,42,2.62,1
9039,Tône,Savanes,2021,388775,80.84,6,32,154,536,60.72,361,36,3899,155,1904,80,2.92,0
9040,Golfe,Maritime,2023,1305681,63.55,21,76,78,442,53.61,332,34,781,102,42,28,3.35,0
9041,Tchamba,Centrale,2023,200585,85.51,30,51,151,547,86.22,154,97,2360,275,494,12,4.48,1
9042,Akébou,Plateaux,2022,73188,65.41,29,36,169,52,95.62,384,34,3002,215,1902,53,4.77,0
9043,Blitta,Centrale,2021,218753,44.5,12,100,151,110,78.53,235,109,4123,145,1176,42,3.77,1
9044,Bas-Mono,Maritime,2023,95380,83.06,27,27,55,119,59.32,202,95,3937,120,1907,47,4.14,1
9045,Bas-Mono,Maritime,2020,95380,44.39,24,65,120,571,83.87,163,93,727,91,1287,50,2.72,1
9046,Lacs,Maritime,2021,241207,54.03,4,13,79,366,79.67,221,68,4280,172,731,46,4.45,1
9047,Kpélé,Plateaux,2022,81620,53.57,22,14,168,280,50.98,183,60,4310,21,154,27,4.23,1
9048,Ogou,Plateaux,2020,253467,59.19,23,83,252,292,74.16,334,50,2488,128,545,56,3.41,1
9049,Kpélé,Plateaux,2021,81620,78.61,12,32,258,229,61.55,179,35,931,147,1690,66,3.87,0
9050,Kéran,Kara,2021,123138,59.76,19,23,198,212,83.79,392,116,3862,13,388,65,3.33,1
9051,Zio,Maritime,2022,500032,71.43,17,59,35,110,56.53,315,21,509,213,1966,20,4.3,0
9052,Wawa,Plateaux,2021,101300,77.93,25,26,142,402,92.95,202,35,3585,228,883,71,4.31,0
9053,Agou,Plateaux,2022,85793,40.69,20,45,264,413,94.45,332,39,421,151,73,45,4.51,1
9054,Sotouboua,Centrale,2022,141404,68.36,20,73,28,185,84.21,212,33,1855,170,208,79,3.18,0
9055,Cinkassé,Savanes,2022,173987,72.44,6,24,200,263,66.14,243,50,4249,251,573,76,4.48,1
9056,Sotouboua,Centrale,2022,141404,52.19,13,96,281,536,94.63,140,59,4012,41,1817,60,3.57,1
9057,Oti-Sud,Savanes,2023,150806,62.84,13,100,82,151,84.53,137,116,4428,287,458,67,2.59,1
9058,Tchaoudjo,Centrale,2020,240360,87.03,8,72,175,483,77.07,146,85,3449,225,1556,51,3.73,1
9059,Binah,Kara,2022,84739,68.59,6,55,79,200,90.07,321,25,5849,297,447,75,2.83,1
9060,Kozah,Kara,2022,283738,71.16,15,23,175,362,82.83,100,85,4152,270,415,15,4.08,1
9061,Kpendjal,Savanes,2020,150806,59.97,8,23,188,330,59.0,252,39,4500,151,1555,35,3.27,1
9062,Haho,Plateaux,2020,305096,76.46,29,43,260,501,64.81,208,89,5466,273,688,61,3.62,1
9063,Est-Mono,Plateaux,2023,164460,52.63,10,23,260,322,88.92,143,39,486,51,1941,77,3.66,1
9064,Kpendjal-Ouest,Savanes,2023,120285,84.23,11,38,79,147,78.28,200,112,5721,49,1226,60,2.86,1
9065,Est-Mono,Plateaux,2020,164460,49.99,13,50,206,468,91.93,117,76,949,133,1596,23,2.59,1
9066,Zio,Maritime,2021,500032,45.93,24,36,63,94,54.91,64,36,4484,188,923,45,3.87,1
9067,Tchaoudjo,Centrale,2023,240360,46.23,12,56,191,96,66.25,85,68,1288,65,525,64,2.72,1
9068,Bassar,Kara,2021,152038,40.35,15,36,243,555,50.68,110,90,518,65,1069,41,2.51,1
9069,Blitta,Centrale,2022,218753,53.47,15,6,30,120,64.74,121,39,4970,51,841,53,3.36,1
9070,Assoli,Kara,2022,66492,91.32,25,43,279,391,72.04,118,36,3884,156,1614,12,3.96,0
9071,Moyen-Mono,Plateaux,2020,90505,89.79,22,81,173,423,67.46,394,70,3418,140,203,9,2.84,0
9072,Blitta,Centrale,2020,218753,78.65,12,20,193,262,57.14,296,87,5478,219,377,15,3.45,1
9073,Akébou,Plateaux,2022,73188,70.24,11,70,110,303,80.16,282,106,4116,141,1721,33,4.61,1
9074,Assoli,Kara,2020,66492,42.64,3,5,38,51,96.87,393,51,727,5,1708,60,4.06,1
9075,Moyen-Mono,Plateaux,2023,90505,91.96,10,93,226,155,54.85,274,20,1602,39,203,44,3.95,0
9076,Tchaoudjo,Centrale,2022,240360,44.39,5,100,221,389,90.75,280,26,1029,156,1169,2,3.56,1
9077,Tône,Savanes,2023,388775,68.23,27,37,37,295,67.28,198,50,755,210,553,67,4.04,0
9078,Mô,Centrale,2022,52448,76.13,17,69,263,97,55.81,79,33,2422,288,1156,59,2.79,0
9079,Kpendjal-Ouest,Savanes,2020,120285,49.16,12,66,151,570,55.34,174,114,4364,30,1162,20,2.69,1
9080,Golfe,Maritime,2020,1305681,82.73,21,14,157,511,79.46,339,29,5346,128,345,55,2.73,1
9081,Oti-Sud,Savanes,2020,150806,92.23,6,30,86,365,75.9,191,70,221,88,174,78,3.62,0
9082,Kpendjal-Ouest,Savanes,2022,120285,82.1,5,41,280,569,66.96,381,117,1626,185,769,55,3.22,1
9083,Kpendjal-Ouest,Savanes,2021,120285,85.41,26,28,214,213,89.95,317,78,4804,291,1204,15,3.53,1
9084,Sotouboua,Centrale,2021,141404,69.81,29,80,186,174,93.81,52,74,4336,46,82,39,4.57,1
9085,Vo,Maritime,2021,224411,93.96,26,92,53,244,72.1,322,54,4820,163,1298,78,4.17,1
9086,Est-Mono,Plateaux,2021,164460,64.37,26,64,95,407,62.47,154,88,5131,285,846,9,2.57,1
9087,Danyi,Plateaux,2022,40240,71.09,28,59,259,128,87.44,115,111,3113,179,1223,69,4.51,1
9088,Vo,Maritime,2022,224411,78.66,29,98,258,557,57.68,235,69,4739,54,1077,12,3.67,1
9089,Tandjoaré,Savanes,2023,35537,85.64,27,69,190,510,69.27,249,112,5440,55,1568,18,3.47,1
9090,Ogou,Plateaux,2023,253467,57.12,21,82,140,536,91.76,375,107,4352,149,203,7,3.77,1
9091,Oti,Savanes,2020,123324,53.36,18,76,138,229,82.61,255,59,3072,5,1601,53,2.52,1
9092,Tchaoudjo,Centrale,2021,240360,62.13,11,53,127,217,76.97,223,74,5866,300,1766,2,3.86,1
9093,Danyi,Plateaux,2020,40240,72.14,30,46,65,577,82.78,253,53,4513,277,866,22,2.94,1
9094,Doufelgou,Kara,2020,87588,41.93,26,20,74,346,77.04,345,48,3335,67,72,35,2.7,1
9095,Kpendjal,Savanes,2021,150806,75.13,24,74,220,155,57.95,275,25,234,166,1996,61,3.36,0
9096,Kpélé,Plateaux,2022,81620,62.21,7,82,267,438,52.83,59,39,2233,293,1960,34,4.71,0
9097,Anié,Plateaux,2021,177188,44.32,10,98,172,227,75.25,376,81,5057,289,554,50,3.54,1
9098,Danyi,Plateaux,2023,40240,42.2,6,7,58,84,60.9,295,26,5891,14,1894,18,3.98,1
9099,Anié,Plateaux,2020,177188,45.01,21,32,37,392,90.64,326,66,5273,53,755,60,2.74,1
9100,Golfe,Maritime,2020,1305681,85.73,18,56,55,184,60.54,217,106,5656,243,1124,34,4.48,1
9101,Kéran,Kara,2022,123138,41.37,24,11,117,388,77.04,306,67,4355,155,1704,12,4.03,1
9102,Oti,Savanes,2023,123324,53.79,8,76,66,140,50.03,187,108,2570,254,1122,79,3.68,1
9103,Bas-Mono,Maritime,2021,95380,63.42,5,97,248,517,95.24,63,27,1014,37,1702,30,2.77,0
9104,Bas-Mono,Maritime,2020,95380,92.3,4,22,155,229,57.71,326,111,5360,38,183,78,3.55,1
9105,Est-Mono,Plateaux,2023,164460,52.54,22,56,99,306,54.28,82,60,4636,199,1875,0,3.56,1
9106,Bassar,Kara,2021,152038,60.16,29,39,150,487,82.17,65,111,2821,133,1222,7,2.9,1
9107,Binah,Kara,2023,84739,73.37,19,61,57,76,96.52,91,86,3782,297,1774,12,2.67,1
9108,Zio,Maritime,2023,500032,46.49,28,90,106,52,53.39,303,54,453,44,1515,56,4.11,1
9109,Ogou,Plateaux,2021,253467,89.77,29,88,234,212,50.39,220,56,2023,27,1013,69,3.18,0
9110,Kpélé,Plateaux,2023,81620,77.16,5,6,265,394,66.17,217,75,5438,129,62,77,4.71,1
9111,Dankpen,Kara,2023,184632,93.24,14,33,83,366,60.14,265,85,461,66,559,66,3.44,1
9112,Sotouboua,Centrale,2023,141404,87.48,6,26,190,579,57.64,198,102,4193,172,321,10,4.04,1
9113,Zio,Maritime,2023,500032,63.88,20,5,75,446,84.58,263,87,1632,25,376,9,3.73,1
9114,Kpélé,Plateaux,2020,81620,77.57,16,28,29,231,86.0,250,25,3374,192,1967,58,2.54,0
9115,Golfe,Maritime,2021,1305681,45.3,15,28,99,402,92.08,106,46,2258,137,157,3,2.65,1
9116,Binah,Kara,2023,84739,76.0,11,66,137,254,90.59,210,79,1574,280,734,18,2.66,0
9117,Blitta,Centrale,2021,218753,44.78,26,68,185,264,72.58,174,29,1396,243,167,42,3.05,1
9118,Avé,Maritime,2022,111214,47.53,13,31,267,162,66.97,166,48,2065,78,1211,77,4.57,1
9119,Golfe,Maritime,2023,1305681,44.79,16,40,261,547,68.89,51,69,4370,58,70,34,3.76,1
9120,Cinkassé,Savanes,2020,173987,52.59,4,92,23,145,76.79,185,34,4540,94,645,52,3.68,1
9121,Zio,Maritime,2022,500032,48.08,6,12,33,359,90.06,335,80,4930,179,1465,27,3.98,1
9122,Lacs,Maritime,2020,241207,54.72,11,41,56,578,86.1,86,58,1091,33,167,39,4.08,1
9123,Assoli,Kara,2022,66492,78.43,20,10,298,570,81.02,141,29,2824,199,477,16,4.14,0
9124,Agou,Plateaux,2022,85793,45.29,10,56,49,302,79.33,123,83,525,75,1757,14,4.53,1
9125,Sotouboua,Centrale,2021,141404,73.37,5,54,203,306,69.66,264,25,5744,162,1652,51,3.6,1
9126,Bas-Mono,Maritime,2023,95380,43.14,14,55,178,174,58.65,301,27,3846,218,24,38,3.51,1
9127,Kpendjal-Ouest,Savanes,2023,120285,88.39,20,56,29,378,83.07,162,119,5650,226,102,64,4.08,1
9128,Kpendjal-Ouest,Savanes,2023,120285,94.87,21,20,270,162,63.43,123,89,5400,62,1831,51,3.84,1
9129,Anié,Plateaux,2021,177188,66.96,5,60,245,217,51.96,263,93,1406,49,1289,42,3.36,1
9130,Bas-Mono,Maritime,2022,95380,54.55,21,77,157,124,75.72,125,82,2955,255,555,76,4.53,1
9131,Zio,Maritime,2020,500032,60.95,10,37,185,258,76.99,179,49,4194,69,393,25,3.15,1
9132,Tandjoaré,Savanes,2022,35537,94.07,5,68,245,552,79.89,222,117,1273,196,725,5,4.74,1
9133,Avé,Maritime,2020,111214,70.83,26,33,275,58,51.09,374,21,3316,278,242,62,4.68,0
9134,Kozah,Kara,2022,283738,55.08,20,17,20,517,59.56,191,30,4053,206,1813,64,4.16,1
9135,Kozah,Kara,2020,283738,69.39,25,75,106,463,54.98,358,80,2590,152,1958,14,2.83,0
9136,Tchaoudjo,Centrale,2021,240360,50.56,14,67,123,373,68.3,367,25,391,84,1664,17,3.61,1
9137,Doufelgou,Kara,2022,87588,89.13,19,87,255,598,80.42,201,96,3030,51,1489,61,4.12,1
9138,Bassar,Kara,2023,152038,62.96,3,70,225,302,50.95,281,93,4080,299,1560,43,2.57,1
9139,Tône,Savanes,2022,388775,83.17,20,48,88,103,69.45,276,89,3694,257,583,65,3.22,1
9140,Avé,Maritime,2023,111214,92.59,28,100,133,351,63.73,95,94,4201,57,463,54,4.54,1
9141,Agoè-Nyivé,Maritime,2020,882695,64.27,15,36,165,357,62.08,268,58,5995,13,1408,1,2.71,1
9142,Vo,Maritime,2021,224411,94.22,26,58,184,363,57.53,322,22,1423,73,665,26,3.07,0
9143,Golfe,Maritime,2020,1305681,66.56,25,5,180,374,65.3,272,107,2575,250,722,42,4.29,1
9144,Tchamba,Centrale,2022,200585,75.65,5,36,256,115,73.59,175,68,2830,172,294,64,3.6,0
9145,Bas-Mono,Maritime,2020,95380,77.12,11,98,240,127,75.75,215,26,5212,300,544,10,3.19,1
9146,Avé,Maritime,2023,111214,45.17,21,14,80,564,72.2,259,42,5338,83,678,58,4.35,1
9147,Ogou,Plateaux,2023,253467,93.4,25,98,120,226,54.25,209,46,4670,124,1928,38,3.8,1
9148,Kloto,Plateaux,2022,145985,69.19,29,30,204,203,88.21,300,59,5495,57,685,62,4.44,1
9149,Mô,Centrale,2020,52448,56.47,29,77,120,52,95.21,381,66,4626,156,437,29,3.84,1
9150,Haho,Plateaux,2023,305096,89.84,23,59,57,236,59.84,76,50,4487,210,1345,45,4.42,1
9151,Cinkassé,Savanes,2022,173987,66.1,10,84,212,107,92.64,259,57,1068,142,845,11,4.1,0
9152,Wawa,Plateaux,2021,101300,67.8,4,13,83,510,97.4,157,107,937,10,1533,56,3.82,1
9153,Golfe,Maritime,2021,1305681,91.91,4,51,108,313,59.48,90,71,3674,208,1269,50,2.52,0
9154,Tchamba,Centrale,2021,200585,89.37,27,59,113,132,73.39,307,24,1124,168,1022,59,4.63,0
9155,Amou,Plateaux,2020,110948,53.03,30,94,99,485,58.67,318,34,3550,87,1724,7,3.34,1
9156,Blitta,Centrale,2020,218753,82.97,16,13,178,490,54.17,243,100,1395,150,828,69,3.96,1
9157,Vo,Maritime,2020,224411,85.65,29,38,185,532,63.57,317,76,4486,8,1933,43,2.71,1
9158,Haho,Plateaux,2021,305096,91.12,21,27,229,167,74.19,388,24,5479,71,948,14,4.64,1
9159,Cinkassé,Savanes,2022,173987,44.07,9,84,298,597,82.08,301,77,4932,42,1832,27,2.95,1
9160,Tône,Savanes,2020,388775,91.62,12,10,122,530,73.76,121,113,3111,5,463,78,3.0,1
9161,Tandjoaré,Savanes,2021,35537,91.16,28,62,81,452,86.26,214,98,1058,291,1087,54,4.78,1
9162,Avé,Maritime,2023,111214,60.04,21,74,184,391,87.25,203,90,643,130,708,30,2.59,1
9163,Tandjoaré,Savanes,2023,35537,59.78,8,60,297,395,53.53,295,78,2276,10,515,67,4.23,1
9164,Est-Mono,Plateaux,2021,164460,52.55,25,34,144,521,56.04,243,93,5579,20,745,51,4.62,1
9165,Kpélé,Plateaux,2023,81620,59.03,17,20,63,187,95.24,226,94,1433,95,1625,59,4.69,1
9166,Kéran,Kara,2021,123138,89.62,19,33,249,187,62.88,335,44,861,220,1733,47,4.19,0
9167,Avé,Maritime,2020,111214,43.3,6,84,150,65,52.75,324,21,5398,167,541,26,3.2,1
9168,Agou,Plateaux,2022,85793,50.18,23,31,200,546,57.75,285,57,5425,240,1360,27,2.89,1
9169,Yoto,Maritime,2022,174451,50.87,27,61,201,263,91.89,266,37,5895,109,1996,32,3.54,1
9170,Tône,Savanes,2020,388775,78.14,14,6,66,482,50.78,310,73,1370,108,910,30,4.08,0
9171,Assoli,Kara,2020,66492,59.65,5,9,237,328,95.65,86,107,1198,145,1615,63,3.5,1
9172,Assoli,Kara,2022,66492,70.81,4,6,280,595,88.36,340,111,4474,83,1604,58,4.14,1
9173,Danyi,Plateaux,2022,40240,47.39,11,30,77,318,83.59,367,20,1694,224,337,8,2.61,1
9174,Tchamba,Centrale,2020,200585,55.31,2,97,144,279,77.05,92,79,4084,266,698,25,2.79,1
9175,Kloto,Plateaux,2022,145985,61.26,28,38,130,395,89.53,56,48,3915,48,374,41,3.12,0
9176,Golfe,Maritime,2022,1305681,56.79,15,95,194,67,58.72,152,27,2125,157,1527,49,2.8,1
9177,Bas-Mono,Maritime,2023,95380,51.79,21,69,30,382,83.2,53,54,2958,214,1569,43,2.97,1
9178,Golfe,Maritime,2021,1305681,41.94,29,87,36,463,90.62,181,78,1832,151,1761,71,4.76,1
9179,Agou,Plateaux,2023,85793,83.74,6,96,202,244,84.32,90,42,505,298,842,69,3.07,0
9180,Oti,Savanes,2023,123324,94.02,23,70,243,485,51.25,250,103,5060,157,485,74,2.65,1
9181,Moyen-Mono,Plateaux,2020,90505,75.83,25,86,208,292,61.91,79,116,2937,36,1528,15,3.84,1
9182,Binah,Kara,2020,84739,78.41,9,15,221,103,65.37,145,58,3993,32,532,74,2.51,0
9183,Bassar,Kara,2023,152038,54.45,17,55,214,540,69.17,340,69,250,217,395,45,2.52,1
9184,Blitta,Centrale,2021,218753,65.54,24,69,225,405,69.94,319,102,1911,203,1058,64,4.74,1
9185,Anié,Plateaux,2021,177188,79.87,11,68,297,361,83.22,139,40,2530,149,1768,42,3.88,0
9186,Amou,Plateaux,2021,110948,84.28,2,86,87,281,73.66,122,108,767,223,1992,20,3.63,1
9187,Oti,Savanes,2021,123324,93.77,10,33,52,310,74.71,308,108,694,211,698,12,3.72,1
9188,Dankpen,Kara,2022,184632,92.41,13,31,277,464,74.15,326,75,5502,270,308,15,4.74,1
9189,Bassar,Kara,2021,152038,58.07,14,23,70,262,85.77,198,60,658,189,1385,24,2.85,1
9190,Vo,Maritime,2020,224411,86.73,4,71,36,125,60.84,83,97,1257,168,864,74,3.34,1
9191,Dankpen,Kara,2022,184632,56.08,26,52,291,462,97.96,163,70,5775,228,1231,25,4.3,1
9192,Est-Mono,Plateaux,2023,164460,83.57,22,72,127,220,75.37,347,94,4786,235,1603,17,2.79,1
9193,Kpendjal-Ouest,Savanes,2023,120285,44.83,18,81,51,577,84.14,272,58,2685,221,969,75,4.51,1
9194,Zio,Maritime,2023,500032,65.42,10,5,189,364,50.52,312,66,3746,22,1215,65,4.3,0
9195,Akébou,Plateaux,2023,73188,66.0,20,5,198,531,94.85,302,53,2388,58,586,75,3.77,0
9196,Anié,Plateaux,2020,177188,71.49,10,47,60,202,68.47,294,88,3882,196,1407,23,4.13,1
9197,Kpendjal-Ouest,Savanes,2022,120285,67.09,29,69,45,410,51.0,363,75,4167,145,893,21,3.02,1
9198,Avé,Maritime,2021,111214,51.39,26,66,271,513,92.04,302,30,1113,6,1700,76,3.97,1
9199,Amou,Plateaux,2021,110948,64.32,29,9,289,562,87.2,52,25,1738,128,248,38,4.39,0
9200,Tône,Savanes,2020,388775,62.75,16,44,171,112,59.15,391,28,3876,212,1082,10,2.95,0
9201,Agou,Plateaux,2023,85793,55.37,30,8,142,422,55.11,141,69,3890,275,1825,56,4.56,1
9202,Amou,Plateaux,2022,110948,43.53,30,45,174,122,68.34,138,113,5426,35,521,10,4.6,1
9203,Amou,Plateaux,2023,110948,56.05,21,92,290,65,69.8,155,32,1016,208,1882,54,2.96,1
9204,Dankpen,Kara,2021,184632,94.14,3,15,28,132,76.95,204,42,4407,17,1222,69,2.89,1
9205,Tône,Savanes,2022,388775,51.42,25,85,130,193,84.22,57,63,4415,23,931,20,3.69,1
9206,Danyi,Plateaux,2020,40240,70.98,23,41,157,233,58.98,186,110,4447,124,66,7,3.03,1
9207,Kozah,Kara,2023,283738,69.72,13,34,81,66,78.91,379,31,5707,34,40,58,4.57,1
9208,Dankpen,Kara,2022,184632,64.58,8,24,125,333,74.32,65,67,2195,266,1843,26,3.04,0
9209,Haho,Plateaux,2023,305096,58.28,25,75,265,467,86.57,237,48,5809,200,112,23,3.02,1
9210,Kpendjal-Ouest,Savanes,2022,120285,86.78,8,34,241,208,73.57,276,62,4508,134,1884,43,4.24,1
9211,Lacs,Maritime,2023,241207,86.85,30,17,77,227,56.53,342,40,415,137,1901,66,2.67,0
9212,Doufelgou,Kara,2022,87588,78.55,13,79,184,423,82.81,278,100,1081,111,397,35,4.57,1
9213,Kloto,Plateaux,2020,145985,68.28,23,72,60,134,66.52,332,48,2105,89,740,7,4.54,0
9214,Kpélé,Plateaux,2022,81620,66.83,25,89,190,501,90.49,177,95,4926,261,1095,17,2.81,1
9215,Moyen-Mono,Plateaux,2020,90505,44.95,14,97,148,541,71.34,211,96,1857,76,754,71,3.83,1
9216,Est-Mono,Plateaux,2021,164460,64.36,25,61,49,548,96.77,128,53,4556,106,1208,18,4.21,1
9217,Kéran,Kara,2023,123138,57.56,27,36,126,313,61.93,242,80,4774,133,423,28,4.09,1
9218,Moyen-Mono,Plateaux,2021,90505,48.89,28,30,131,591,60.53,301,57,1674,284,1877,75,3.21,1
9219,Golfe,Maritime,2020,1305681,64.32,14,99,290,161,58.83,365,95,2511,296,1672,5,3.23,1
9220,Bas-Mono,Maritime,2023,95380,56.37,3,39,158,84,71.14,143,88,2716,135,694,24,3.33,1
9221,Avé,Maritime,2023,111214,88.2,22,41,61,212,88.72,338,30,855,251,644,59,4.05,0
9222,Amou,Plateaux,2021,110948,89.25,26,16,248,596,83.14,127,40,2417,116,1961,71,4.67,0
9223,Kpélé,Plateaux,2023,81620,76.53,24,92,50,584,81.86,270,91,3498,209,1571,67,2.77,1
9224,Cinkassé,Savanes,2023,173987,68.82,2,64,118,577,62.04,277,92,911,145,1717,28,3.61,1
9225,Bassar,Kara,2020,152038,68.83,9,8,101,50,52.95,379,33,1493,236,1915,78,3.12,0
9226,Sotouboua,Centrale,2021,141404,74.11,29,79,167,589,73.97,136,76,5211,158,1909,73,3.51,1
9227,Mô,Centrale,2021,52448,65.13,13,6,276,292,73.74,153,41,5979,262,220,55,4.53,1
9228,Oti,Savanes,2020,123324,68.09,28,5,222,149,92.07,185,31,5130,61,631,7,4.49,1
9229,Dankpen,Kara,2022,184632,77.29,26,47,214,354,93.91,249,84,5569,50,574,73,3.82,1
9230,Est-Mono,Plateaux,2023,164460,71.02,30,76,253,122,87.09,265,113,5077,236,992,21,4.21,1
9231,Bassar,Kara,2020,152038,47.38,7,47,111,338,56.58,233,56,1998,46,1756,11,3.75,1
9232,Akébou,Plateaux,2020,73188,70.85,28,20,242,359,62.08,175,86,4023,255,1107,20,4.46,1
9233,Bas-Mono,Maritime,2021,95380,65.53,8,79,145,531,85.0,202,54,4725,198,1238,64,3.03,1
9234,Est-Mono,Plateaux,2022,164460,74.92,10,66,239,376,57.81,212,34,4972,73,105,36,2.65,1
9235,Assoli,Kara,2023,66492,78.31,2,60,272,137,94.44,237,21,4182,278,1272,6,3.67,1
9236,Mô,Centrale,2023,52448,64.51,2,89,80,154,66.75,392,20,2813,255,1617,50,2.75,0
9237,Agou,Plateaux,2023,85793,72.88,3,75,85,424,78.17,273,103,4691,39,515,67,4.44,1
9238,Agoè-Nyivé,Maritime,2020,882695,94.85,5,50,166,513,73.59,348,58,1318,85,739,13,3.47,0
9239,Kozah,Kara,2021,283738,89.46,20,92,285,230,64.91,162,111,761,147,639,45,4.8,1
9240,Kpendjal-Ouest,Savanes,2023,120285,44.81,11,70,137,267,85.44,335,46,5668,30,1269,55,3.23,1
9241,Agou,Plateaux,2020,85793,52.86,21,46,235,339,69.78,218,37,1826,90,208,32,4.22,1
9242,Moyen-Mono,Plateaux,2021,90505,62.75,26,47,282,385,94.59,77,57,4796,145,1567,40,3.21,1
9243,Zio,Maritime,2020,500032,45.75,3,65,157,199,95.63,112,51,268,44,1342,63,3.84,1
9244,Kpendjal,Savanes,2021,150806,44.39,21,13,160,258,71.45,152,82,5866,284,1907,69,3.1,1
9245,Moyen-Mono,Plateaux,2021,90505,73.54,22,93,99,471,85.35,232,42,800,113,912,61,3.84,0
9246,Wawa,Plateaux,2023,101300,59.25,27,60,298,506,58.41,120,23,5320,4,1617,40,4.51,1
9247,Vo,Maritime,2020,224411,71.64,25,80,278,294,59.11,208,54,4420,160,945,60,3.93,1
9248,Golfe,Maritime,2022,1305681,56.01,9,10,163,280,57.62,171,76,5828,11,607,53,3.75,1
9249,Wawa,Plateaux,2021,101300,86.24,19,85,45,62,85.54,394,116,4238,282,1796,59,4.64,1
9250,Agou,Plateaux,2020,85793,70.75,20,86,73,585,96.43,161,40,2199,117,180,3,2.54,0
9251,Assoli,Kara,2021,66492,89.48,16,21,204,590,96.94,104,20,1280,27,153,55,2.89,0
9252,Bassar,Kara,2021,152038,60.51,16,43,49,165,70.08,366,89,3690,214,1794,20,4.77,1
9253,Danyi,Plateaux,2023,40240,83.35,12,93,83,148,61.84,306,67,1378,67,1112,32,3.79,0
9254,Avé,Maritime,2021,111214,84.25,9,47,27,492,96.1,397,80,3794,148,249,2,4.77,0
9255,Danyi,Plateaux,2020,40240,83.39,27,87,294,388,65.46,271,58,4606,288,316,34,3.39,1
9256,Zio,Maritime,2023,500032,41.62,3,40,132,287,94.35,303,84,309,221,1203,19,4.08,1
9257,Ogou,Plateaux,2022,253467,63.65,20,46,277,592,53.91,228,114,4572,123,1823,42,2.57,1
9258,Sotouboua,Centrale,2020,141404,50.01,27,94,110,113,54.23,144,46,3295,275,276,39,3.03,1
9259,Bas-Mono,Maritime,2020,95380,93.39,18,66,39,458,54.42,298,57,1673,237,1387,71,3.54,0
9260,Oti-Sud,Savanes,2022,150806,74.31,20,6,83,369,62.39,238,22,1202,63,1936,26,4.4,0
9261,Amou,Plateaux,2022,110948,85.07,3,45,186,409,71.3,104,65,413,193,877,24,4.35,0
9262,Kpélé,Plateaux,2021,81620,55.28,13,46,203,597,70.62,136,28,5845,70,1931,59,3.54,1
9263,Tchaoudjo,Centrale,2022,240360,86.73,27,28,151,489,81.98,202,102,4362,297,1913,74,3.68,1
9264,Bas-Mono,Maritime,2020,95380,47.11,12,22,157,301,73.71,293,53,591,96,475,1,3.31,1
9265,Zio,Maritime,2022,500032,45.08,18,5,76,542,74.99,291,49,3942,79,1589,40,3.28,1
9266,Cinkassé,Savanes,2023,173987,88.4,29,25,154,305,93.98,132,84,4135,38,1032,11,3.48,1
9267,Assoli,Kara,2021,66492,53.64,26,21,58,482,93.16,67,61,922,130,150,27,3.84,1
9268,Tchaoudjo,Centrale,2023,240360,90.75,12,39,30,147,91.96,92,63,2803,2,1979,72,3.97,0
9269,Sotouboua,Centrale,2020,141404,47.24,13,20,251,427,70.45,103,55,2604,259,875,25,2.82,1
9270,Dankpen,Kara,2022,184632,46.74,29,51,73,582,68.14,65,66,378,14,1825,23,4.1,1
9271,Amou,Plateaux,2021,110948,70.62,7,7,132,417,97.61,141,115,2136,155,64,17,4.51,1
9272,Golfe,Maritime,2022,1305681,68.54,18,90,229,136,74.38,185,87,5341,203,675,39,2.56,1
9273,Mô,Centrale,2023,52448,90.75,20,70,76,600,80.07,393,109,1403,231,1455,13,2.71,1
9274,Bas-Mono,Maritime,2020,95380,84.27,6,26,99,79,68.29,165,59,3011,153,915,28,3.01,0
9275,Blitta,Centrale,2022,218753,52.22,5,12,289,457,58.3,270,103,836,22,1656,44,3.05,1
9276,Yoto,Maritime,2021,174451,69.65,15,63,159,172,59.95,314,63,2463,187,348,9,4.66,0
9277,Blitta,Centrale,2023,218753,41.04,6,76,267,448,77.39,341,108,5932,215,1831,75,3.7,1
9278,Lacs,Maritime,2020,241207,42.66,5,17,230,242,94.91,174,119,5538,208,452,58,4.67,1
9279,Yoto,Maritime,2021,174451,82.67,15,77,250,352,74.43,116,93,5499,116,1449,4,4.35,1
9280,Wawa,Plateaux,2023,101300,79.87,29,47,166,133,76.07,184,72,4534,170,465,37,2.74,1
9281,Agoè-Nyivé,Maritime,2021,882695,81.05,15,15,277,411,86.8,61,50,1898,164,711,71,3.53,0
9282,Lacs,Maritime,2020,241207,64.54,18,90,87,55,79.66,230,114,2339,280,1134,29,2.74,1
9283,Kpélé,Plateaux,2021,81620,53.14,17,21,264,78,65.78,217,57,1066,255,1350,10,3.39,1
9284,Amou,Plateaux,2022,110948,72.6,25,27,68,92,97.46,86,101,5950,192,1704,10,4.07,1
9285,Mô,Centrale,2020,52448,74.25,8,10,247,324,80.86,212,107,583,10,608,28,4.64,1
9286,Yoto,Maritime,2022,174451,85.48,20,64,88,56,62.38,265,24,5901,160,1799,43,4.4,1
9287,Kozah,Kara,2023,283738,68.45,5,74,103,285,66.26,269,20,2330,133,85,3,3.47,0
9288,Oti-Sud,Savanes,2021,150806,47.14,16,94,54,407,86.93,215,91,2770,66,1190,52,4.36,1
9289,Danyi,Plateaux,2021,40240,93.28,22,36,215,543,70.6,387,108,2763,52,1639,10,3.29,1
9290,Tchamba,Centrale,2023,200585,81.46,17,59,180,176,85.66,209,75,2074,238,1044,36,4.58,0
9291,Agoè-Nyivé,Maritime,2022,882695,76.47,3,95,84,67,83.76,200,109,5596,29,810,39,4.78,1
9292,Zio,Maritime,2020,500032,48.86,11,69,146,360,50.64,100,27,3128,207,796,29,2.91,1
9293,Vo,Maritime,2023,224411,45.8,24,47,200,297,95.86,110,47,1845,280,736,6,2.64,1
9294,Bassar,Kara,2023,152038,86.5,12,77,257,65,76.17,77,109,5478,210,666,5,4.14,1
9295,Lacs,Maritime,2022,241207,50.82,21,23,177,390,70.97,126,83,3871,61,224,43,2.62,1
9296,Kpélé,Plateaux,2021,81620,59.15,2,90,280,577,73.8,378,92,3425,185,1662,35,2.94,1
9297,Avé,Maritime,2020,111214,58.73,25,36,131,482,75.26,170,23,4142,158,1837,27,3.77,1
9298,Moyen-Mono,Plateaux,2023,90505,61.84,17,76,114,115,76.84,207,118,2421,215,1177,57,3.63,1
9299,Golfe,Maritime,2020,1305681,47.43,22,56,98,138,52.08,189,98,5422,85,179,37,4.36,1
9300,Tchaoudjo,Centrale,2023,240360,48.37,23,28,216,112,89.72,138,107,885,52,727,54,4.04,1
9301,Oti-Sud,Savanes,2023,150806,78.34,20,7,250,379,65.21,68,80,5957,276,1443,40,3.47,1
9302,Sotouboua,Centrale,2021,141404,94.76,19,52,114,534,76.91,371,45,3251,139,121,5,4.13,0
9303,Dankpen,Kara,2021,184632,42.79,27,79,280,250,93.15,126,31,2577,154,1158,0,3.39,1
9304,Moyen-Mono,Plateaux,2022,90505,70.0,5,22,110,596,65.45,196,96,1149,135,1626,54,3.8,1
9305,Tchaoudjo,Centrale,2021,240360,62.05,25,9,64,113,75.24,76,118,5631,179,62,5,2.56,1
9306,Tandjoaré,Savanes,2020,35537,76.17,15,31,44,300,78.86,87,54,1082,164,806,75,3.2,0
9307,Avé,Maritime,2020,111214,75.12,13,40,107,336,96.95,211,30,2979,151,19,22,3.23,0
9308,Kpendjal-Ouest,Savanes,2020,120285,51.99,8,10,35,444,97.23,103,78,3290,99,54,77,3.21,1
9309,Doufelgou,Kara,2023,87588,68.81,14,50,171,131,51.34,227,52,2121,51,1706,7,4.7,0
9310,Tchamba,Centrale,2023,200585,46.91,15,21,121,282,82.44,327,47,4732,293,1249,77,4.68,1
9311,Lacs,Maritime,2022,241207,71.13,23,93,229,77,58.59,166,31,3356,65,1084,21,3.45,0
9312,Anié,Plateaux,2021,177188,91.61,7,30,269,396,53.38,307,56,904,75,1578,14,4.62,0
9313,Danyi,Plateaux,2022,40240,49.34,29,100,90,75,53.2,314,114,2199,89,274,72,3.04,1
9314,Agoè-Nyivé,Maritime,2021,882695,85.82,30,98,204,414,82.75,193,30,1338,43,1586,18,4.08,0
9315,Est-Mono,Plateaux,2021,164460,92.14,2,81,227,590,95.06,376,52,1273,259,693,65,3.79,0
9316,Zio,Maritime,2020,500032,45.41,24,24,235,106,55.13,338,65,4363,143,646,78,4.6,1
9317,Avé,Maritime,2023,111214,46.44,29,19,288,61,52.31,103,115,4730,65,0,17,4.57,1
9318,Binah,Kara,2022,84739,44.94,3,30,126,163,89.73,246,29,4041,78,1570,25,3.98,1
9319,Tchaoudjo,Centrale,2020,240360,63.59,25,31,149,182,63.77,212,60,1283,67,974,33,3.48,0
9320,Assoli,Kara,2021,66492,50.74,12,68,233,190,76.06,196,48,802,245,1582,46,4.75,1
9321,Golfe,Maritime,2022,1305681,61.88,15,28,132,472,52.18,229,37,2624,110,1833,8,3.5,0
9322,Amou,Plateaux,2023,110948,40.86,28,51,221,581,74.06,300,48,2509,63,1695,21,2.53,1
9323,Bassar,Kara,2023,152038,60.33,3,98,49,504,74.72,399,72,4136,252,1595,11,4.1,1
9324,Zio,Maritime,2023,500032,41.59,24,70,56,456,59.61,75,59,1537,23,1400,67,3.91,1
9325,Oti-Sud,Savanes,2020,150806,77.88,5,74,161,478,69.37,352,42,2527,223,501,6,3.45,0
9326,Zio,Maritime,2021,500032,72.09,6,48,179,112,53.13,130,109,4783,164,1918,40,3.44,1
9327,Est-Mono,Plateaux,2021,164460,50.46,10,65,192,73,97.28,62,25,2032,187,400,58,2.65,1
9328,Zio,Maritime,2022,500032,80.58,8,22,122,157,75.94,135,64,5899,209,1191,6,2.86,1
9329,Haho,Plateaux,2020,305096,45.84,6,8,197,360,68.8,313,109,1446,233,865,49,4.53,1
9330,Yoto,Maritime,2023,174451,60.92,29,56,20,166,97.86,140,103,3775,216,1479,75,3.92,1
9331,Ogou,Plateaux,2022,253467,59.85,24,82,179,68,78.18,207,24,1506,186,1243,28,3.64,1
9332,Agoè-Nyivé,Maritime,2021,882695,58.34,4,71,44,593,75.69,82,30,2608,267,1220,63,4.72,1
9333,Oti,Savanes,2020,123324,69.33,27,84,82,147,74.26,240,61,5972,12,1573,21,3.64,1
9334,Akébou,Plateaux,2023,73188,44.94,11,23,93,96,84.35,310,101,5522,160,570,20,3.8,1
9335,Oti,Savanes,2021,123324,68.0,13,12,157,599,63.3,271,95,2298,215,580,39,4.07,1
9336,Vo,Maritime,2021,224411,41.04,20,5,281,524,64.09,206,69,1559,107,503,73,3.68,1
9337,Moyen-Mono,Plateaux,2022,90505,67.69,19,50,27,323,95.36,122,87,3271,249,710,61,4.37,1
9338,Tône,Savanes,2023,388775,57.7,18,88,236,494,55.16,88,84,5604,5,1522,5,4.01,1
9339,Kpendjal,Savanes,2020,150806,65.7,18,79,135,231,89.16,172,39,5583,24,22,16,3.45,1
9340,Akébou,Plateaux,2023,73188,89.59,16,90,214,232,70.11,354,33,4666,252,26,58,4.19,1
9341,Tandjoaré,Savanes,2023,35537,93.8,16,80,157,546,84.51,199,64,2361,72,424,14,4.59,0
9342,Tchaoudjo,Centrale,2020,240360,52.09,14,11,289,475,61.26,357,96,3146,199,1611,7,4.09,1
9343,Anié,Plateaux,2020,177188,85.06,26,48,222,92,67.27,373,101,4394,4,1630,15,3.05,1
9344,Tchaoudjo,Centrale,2023,240360,77.08,9,77,213,284,65.75,283,70,5332,6,1153,71,2.72,1
9345,Dankpen,Kara,2021,184632,92.37,4,44,206,205,93.54,126,20,2338,53,1127,35,4.06,0
9346,Tône,Savanes,2022,388775,59.4,15,81,134,430,79.05,253,65,2185,148,570,50,2.71,1
9347,Akébou,Plateaux,2023,73188,66.27,7,100,110,104,94.13,353,54,1457,219,1396,70,2.85,0
9348,Yoto,Maritime,2023,174451,69.45,26,97,46,562,62.0,386,104,5566,60,733,51,4.2,1
9349,Amou,Plateaux,2021,110948,80.69,27,25,172,317,93.98,319,48,5867,239,992,27,4.41,1
9350,Tchamba,Centrale,2022,200585,93.62,22,97,67,80,81.97,309,34,705,92,1317,57,3.42,0
9351,Akébou,Plateaux,2022,73188,50.15,10,99,115,520,81.06,159,97,2488,279,1493,79,3.52,1
9352,Vo,Maritime,2020,224411,66.99,22,10,116,456,70.83,250,114,5366,241,1173,23,2.91,1
9353,Mô,Centrale,2020,52448,87.7,30,52,289,480,78.17,185,56,2624,174,888,74,4.67,0
9354,Tandjoaré,Savanes,2022,35537,94.89,11,34,277,192,80.9,188,92,2035,26,1331,62,4.14,1
9355,Yoto,Maritime,2021,174451,46.12,9,12,90,173,55.72,210,93,1994,2,701,52,3.07,1
9356,Kpendjal,Savanes,2022,150806,47.26,28,61,292,391,97.16,394,87,4318,204,1594,20,2.91,1
9357,Akébou,Plateaux,2023,73188,58.57,12,23,122,140,50.83,375,49,597,62,459,76,3.41,1
9358,Oti-Sud,Savanes,2023,150806,47.76,28,39,196,335,85.33,135,115,3568,284,4,48,3.97,1
9359,Kloto,Plateaux,2023,145985,47.18,19,57,67,261,55.11,181,73,1917,52,19,44,3.14,1
9360,Assoli,Kara,2020,66492,54.45,22,47,82,304,60.72,392,46,3057,230,1469,44,2.63,1
9361,Anié,Plateaux,2023,177188,91.22,24,92,123,376,92.29,51,62,1513,217,334,57,4.62,0
9362,Blitta,Centrale,2022,218753,91.29,6,12,235,70,92.51,352,23,1378,285,954,34,3.6,0
9363,Cinkassé,Savanes,2023,173987,89.95,12,83,232,206,66.15,72,23,2708,82,1570,1,3.82,0
9364,Cinkassé,Savanes,2022,173987,46.49,16,50,271,418,78.23,323,86,2344,2,1345,9,2.72,1
9365,Cinkassé,Savanes,2022,173987,60.61,25,82,119,325,71.32,207,78,2761,258,356,40,3.61,0
9366,Tchaoudjo,Centrale,2021,240360,45.72,9,85,202,140,61.22,263,70,4553,57,1297,44,4.58,1
9367,Kéran,Kara,2023,123138,83.67,2,52,36,531,53.76,133,117,4642,285,698,69,4.01,1
9368,Zio,Maritime,2020,500032,90.5,2,42,240,383,86.97,394,67,1136,117,1574,77,3.38,0
9369,Agou,Plateaux,2021,85793,83.27,11,35,75,198,96.42,208,67,1106,180,616,2,3.61,0
9370,Sotouboua,Centrale,2020,141404,51.09,10,50,276,535,82.36,217,120,847,245,134,13,3.18,1
9371,Sotouboua,Centrale,2023,141404,73.66,8,41,192,534,68.93,236,27,423,165,1271,18,3.01,0
9372,Bas-Mono,Maritime,2020,95380,77.64,14,96,247,73,54.27,83,99,5325,255,1771,7,4.34,1
9373,Binah,Kara,2020,84739,47.56,12,64,31,295,75.91,179,25,2012,257,717,32,3.73,1
9374,Kpélé,Plateaux,2021,81620,82.3,16,94,151,561,69.26,267,90,4704,226,1403,22,3.57,1
9375,Vo,Maritime,2020,224411,41.2,29,15,239,276,62.02,130,102,3476,100,468,34,4.5,1
9376,Akébou,Plateaux,2022,73188,89.07,19,92,219,514,88.66,76,113,4392,86,1853,29,2.95,1
9377,Vo,Maritime,2021,224411,91.27,4,33,56,91,89.44,248,33,2235,171,1488,47,3.67,0
9378,Kpendjal-Ouest,Savanes,2021,120285,89.45,22,54,28,497,67.37,212,78,5531,114,797,62,3.85,1
9379,Doufelgou,Kara,2021,87588,45.56,11,31,104,410,67.74,364,93,2840,68,1751,41,4.72,1
9380,Binah,Kara,2022,84739,46.71,30,45,47,201,91.48,111,119,5480,89,1945,22,3.57,1
9381,Kéran,Kara,2022,123138,52.91,15,65,65,101,95.79,344,80,218,39,1151,47,4.59,1
9382,Ogou,Plateaux,2023,253467,60.62,29,77,68,302,60.95,251,72,3666,0,1753,23,3.94,0
9383,Tchaoudjo,Centrale,2023,240360,51.99,3,75,281,581,70.08,144,74,5347,117,748,64,4.47,1
9384,Kpélé,Plateaux,2020,81620,44.24,3,78,195,280,70.82,258,82,3365,98,205,44,3.85,1
9385,Ogou,Plateaux,2020,253467,45.97,27,63,98,351,75.97,252,98,1162,241,1013,21,2.53,1
9386,Kozah,Kara,2023,283738,41.85,21,22,233,241,55.3,131,72,751,143,1026,50,4.68,1
9387,Kpendjal-Ouest,Savanes,2023,120285,51.5,24,78,130,67,58.02,126,99,932,238,1295,67,3.42,1
9388,Kozah,Kara,2020,283738,68.33,29,64,212,192,87.18,57,42,5284,44,1742,78,2.57,1
9389,Akébou,Plateaux,2020,73188,76.09,20,8,128,341,67.47,170,44,2179,141,894,17,3.46,0
9390,Danyi,Plateaux,2022,40240,81.7,25,51,121,50,68.41,303,53,2855,65,882,2,4.01,0
9391,Est-Mono,Plateaux,2021,164460,72.29,18,43,26,78,90.99,122,109,2070,274,1832,60,4.25,1
9392,Amou,Plateaux,2022,110948,75.22,13,52,266,461,78.06,53,78,3662,66,1464,2,3.7,0
9393,Anié,Plateaux,2022,177188,45.22,26,8,205,568,72.64,178,45,2363,72,916,27,3.8,1
9394,Tône,Savanes,2021,388775,46.97,5,50,20,138,71.72,394,89,3037,228,1582,6,3.72,1
9395,Sotouboua,Centrale,2023,141404,84.24,12,53,288,133,63.15,65,108,1771,140,212,28,3.88,1
9396,Vo,Maritime,2021,224411,49.59,23,21,231,469,80.21,233,95,4441,188,933,3,2.54,1
9397,Oti-Sud,Savanes,2020,150806,40.37,26,33,92,271,93.62,142,100,4132,44,18,29,2.64,1
9398,Binah,Kara,2023,84739,94.05,8,81,45,251,75.49,289,33,4585,31,1091,10,4.32,1
9399,Agoè-Nyivé,Maritime,2022,882695,63.18,7,43,256,256,66.47,196,32,844,258,1464,44,3.5,0
9400,Tandjoaré,Savanes,2021,35537,40.16,12,69,260,458,93.81,374,61,1557,260,1190,37,3.54,1
9401,Binah,Kara,2020,84739,66.85,25,42,255,319,77.64,91,109,4653,210,1041,64,2.52,1
9402,Oti-Sud,Savanes,2020,150806,56.38,27,62,245,250,84.87,231,75,4861,269,1026,76,4.48,1
9403,Kéran,Kara,2021,123138,91.62,12,65,103,292,58.55,189,58,1841,257,1289,24,3.4,0
9404,Mô,Centrale,2022,52448,72.4,16,22,269,483,85.97,75,34,3858,271,1334,1,4.52,0
9405,Bas-Mono,Maritime,2023,95380,80.78,5,80,192,333,74.82,269,66,1836,60,459,71,4.38,0
9406,Kéran,Kara,2021,123138,49.71,25,59,202,103,92.83,291,36,1243,53,1337,32,2.88,1
9407,Oti,Savanes,2023,123324,93.47,18,18,149,486,80.48,163,65,1023,95,1881,25,4.61,0
9408,Avé,Maritime,2020,111214,82.32,27,6,217,489,96.7,304,22,5805,131,236,39,2.54,1
9409,Kpélé,Plateaux,2021,81620,65.96,10,100,242,103,73.7,213,80,4687,123,1600,17,3.88,1
9410,Amou,Plateaux,2020,110948,84.76,7,53,75,443,81.88,170,71,1006,243,501,35,2.54,0
9411,Tône,Savanes,2021,388775,55.55,2,78,180,565,61.94,198,99,710,158,316,51,3.6,1
9412,Haho,Plateaux,2022,305096,87.98,16,100,231,122,97.73,299,52,2371,191,723,63,3.15,0
9413,Akébou,Plateaux,2020,73188,92.67,2,37,85,52,96.7,102,89,5905,111,22,75,4.0,1
9414,Kpélé,Plateaux,2020,81620,82.97,19,33,65,247,76.48,110,57,1932,298,1654,48,3.89,0
9415,Wawa,Plateaux,2023,101300,86.77,14,34,69,452,63.54,136,32,2443,189,294,37,4.19,0
9416,Oti-Sud,Savanes,2020,150806,60.88,12,51,198,463,58.79,236,96,1107,23,874,21,3.5,1
9417,Kpendjal-Ouest,Savanes,2020,120285,44.03,8,57,231,221,94.69,344,69,1598,148,864,18,3.45,1
9418,Oti-Sud,Savanes,2021,150806,68.67,18,71,120,177,65.66,166,27,1668,278,593,68,3.69,0
9419,Kpélé,Plateaux,2023,81620,57.21,14,37,206,121,72.22,289,75,4024,197,839,43,4.27,1
9420,Cinkassé,Savanes,2020,173987,51.84,3,58,44,268,93.35,125,94,3639,58,1397,7,2.98,1
9421,Assoli,Kara,2023,66492,84.85,22,60,98,592,92.34,239,56,4130,283,625,20,4.04,1
9422,Haho,Plateaux,2023,305096,53.32,2,96,253,446,70.72,330,98,830,215,623,32,4.43,1
9423,Zio,Maritime,2021,500032,79.43,30,60,201,184,56.25,282,86,2180,296,445,47,3.83,1
9424,Agoè-Nyivé,Maritime,2023,882695,62.33,17,83,212,533,93.57,179,68,5379,110,841,32,2.99,1
9425,Anié,Plateaux,2020,177188,55.01,14,93,207,361,87.36,94,59,5613,51,440,39,3.19,1
9426,Ogou,Plateaux,2020,253467,94.86,26,61,245,125,53.23,142,36,2218,282,1829,70,3.69,0
9427,Sotouboua,Centrale,2020,141404,79.0,30,21,266,325,93.96,294,45,5138,49,28,45,2.53,1
9428,Akébou,Plateaux,2020,73188,83.37,6,59,68,557,74.88,380,116,4082,214,1075,47,3.46,1
9429,Haho,Plateaux,2021,305096,90.89,7,12,186,72,91.4,355,77,2262,55,310,44,4.23,0
9430,Assoli,Kara,2020,66492,83.88,7,94,118,293,89.33,305,84,3952,77,990,55,4.23,1
9431,Kpélé,Plateaux,2022,81620,66.6,5,53,222,535,70.93,300,35,3524,151,142,43,3.58,0
9432,Kpendjal-Ouest,Savanes,2022,120285,91.17,27,64,69,579,85.61,189,79,1545,183,289,7,4.74,0
9433,Golfe,Maritime,2023,1305681,48.36,25,41,246,551,61.27,106,81,1732,39,698,12,4.76,1
9434,Tchamba,Centrale,2021,200585,41.06,30,91,198,219,93.82,312,73,829,201,1741,24,4.35,1
9435,Bassar,Kara,2021,152038,60.49,18,65,298,273,95.3,202,77,5447,17,1684,74,4.13,1
9436,Blitta,Centrale,2022,218753,89.95,2,13,225,233,97.77,52,101,1168,179,795,44,3.44,1
9437,Kpendjal-Ouest,Savanes,2021,120285,50.31,11,23,161,265,71.48,257,24,4920,165,1281,68,3.19,1
9438,Yoto,Maritime,2020,174451,56.19,8,55,86,528,96.45,357,108,4394,175,1853,69,4.77,1
9439,Tchamba,Centrale,2023,200585,50.15,4,58,266,419,89.31,316,36,2724,190,1722,52,3.5,1
9440,Oti,Savanes,2022,123324,42.2,24,38,33,200,77.4,345,27,2034,61,854,51,2.91,1
9441,Dankpen,Kara,2021,184632,42.78,12,88,62,113,95.3,95,40,1264,228,1149,69,3.83,1
9442,Mô,Centrale,2022,52448,83.88,10,98,37,514,97.08,120,30,4909,129,1646,28,3.36,1
9443,Bas-Mono,Maritime,2022,95380,83.63,7,21,151,497,69.66,114,61,3911,144,783,66,2.5,0
9444,Blitta,Centrale,2022,218753,70.28,9,30,82,134,79.66,228,74,709,114,207,21,4.32,0
9445,Wawa,Plateaux,2021,101300,42.58,19,86,64,311,72.74,227,51,1555,40,125,42,4.37,1
9446,Binah,Kara,2022,84739,72.8,11,43,107,409,95.49,179,118,5052,87,509,40,3.38,1
9447,Kpendjal-Ouest,Savanes,2023,120285,67.66,28,49,236,546,79.84,218,21,3739,16,967,23,3.3,0
9448,Tône,Savanes,2020,388775,50.37,30,79,196,244,91.94,222,51,4576,14,1324,55,4.64,1
9449,Blitta,Centrale,2021,218753,78.59,7,85,65,286,63.03,348,62,3442,51,1336,39,3.48,0
9450,Tchaoudjo,Centrale,2022,240360,51.12,14,21,251,397,71.4,270,49,3430,80,1392,68,2.64,1
9451,Kpendjal-Ouest,Savanes,2022,120285,92.27,17,16,21,595,65.42,299,91,4292,217,1634,45,4.53,1
9452,Mô,Centrale,2023,52448,52.22,26,45,98,179,64.14,155,33,586,287,675,34,2.96,1
9453,Zio,Maritime,2022,500032,90.66,14,56,37,401,66.02,106,35,5018,103,308,3,4.3,1
9454,Est-Mono,Plateaux,2020,164460,75.22,11,71,150,520,79.68,74,21,5990,37,86,19,4.3,1
9455,Wawa,Plateaux,2021,101300,51.12,2,32,169,440,67.26,168,111,2164,271,1753,59,4.34,1
9456,Zio,Maritime,2023,500032,69.9,7,86,240,269,57.32,323,73,4968,95,1886,48,3.24,1
9457,Cinkassé,Savanes,2020,173987,82.26,27,84,141,65,71.94,86,86,4237,276,1490,7,2.64,1
9458,Danyi,Plateaux,2022,40240,58.28,14,99,255,109,79.73,217,51,5192,116,1229,41,2.97,1
9459,Kéran,Kara,2020,123138,52.07,13,18,76,52,54.65,317,63,2115,59,1309,24,4.28,1
9460,Kéran,Kara,2021,123138,90.06,14,88,113,401,68.65,178,47,4082,31,1381,53,4.59,1
9461,Moyen-Mono,Plateaux,2021,90505,85.92,28,61,249,360,69.89,215,97,5626,267,239,68,2.72,1
9462,Tandjoaré,Savanes,2022,35537,75.56,8,29,265,452,57.57,63,33,4176,275,525,76,2.8,1
9463,Est-Mono,Plateaux,2023,164460,58.2,28,13,47,277,62.45,209,69,3728,114,131,65,3.99,1
9464,Mô,Centrale,2020,52448,59.6,19,30,39,502,65.83,387,94,2876,253,1201,63,3.74,1
9465,Kpélé,Plateaux,2022,81620,84.81,28,70,20,86,82.01,353,29,4915,43,1577,4,4.67,1
9466,Est-Mono,Plateaux,2021,164460,40.26,25,63,121,161,93.35,284,27,2307,1,1735,57,4.1,1
9467,Kpendjal-Ouest,Savanes,2021,120285,50.73,21,66,36,202,75.06,230,98,2448,77,456,5,3.16,1
9468,Binah,Kara,2023,84739,50.71,14,40,107,280,65.55,108,79,3854,227,186,52,3.69,1
9469,Agou,Plateaux,2022,85793,47.37,14,48,133,510,68.73,332,120,4080,24,1792,27,4.04,1
9470,Blitta,Centrale,2020,218753,45.19,9,73,84,561,60.66,132,107,5058,162,214,53,3.23,1
9471,Kpendjal-Ouest,Savanes,2022,120285,46.54,19,64,87,306,75.33,69,33,2088,215,1955,6,2.65,1
9472,Yoto,Maritime,2020,174451,89.78,11,84,102,361,62.3,363,108,4473,16,1629,76,3.3,1
9473,Assoli,Kara,2020,66492,58.01,16,29,83,454,87.66,164,97,4616,158,1559,78,2.81,1
9474,Tchaoudjo,Centrale,2020,240360,79.43,28,20,152,124,85.87,370,38,219,213,447,62,4.18,0
9475,Yoto,Maritime,2020,174451,81.69,24,18,233,199,59.3,285,103,304,207,1972,49,4.65,1
9476,Ogou,Plateaux,2021,253467,79.05,11,70,27,599,58.39,260,41,2600,169,519,64,2.88,0
9477,Mô,Centrale,2023,52448,59.92,6,41,36,250,59.26,221,101,4413,229,1661,41,3.81,1
9478,Yoto,Maritime,2022,174451,75.93,9,85,218,63,88.92,264,61,5666,290,477,76,4.26,1
9479,Kloto,Plateaux,2020,145985,89.36,24,55,115,553,73.23,283,37,1385,226,552,15,3.57,0
9480,Wawa,Plateaux,2021,101300,66.9,26,19,238,321,75.34,169,101,5775,74,701,35,4.71,1
9481,Bassar,Kara,2023,152038,57.32,17,23,134,148,80.51,265,58,4568,286,750,6,4.36,1
9482,Haho,Plateaux,2021,305096,40.79,13,62,289,264,65.91,59,48,3444,173,383,40,3.66,1
9483,Vo,Maritime,2022,224411,85.78,26,22,165,89,80.11,369,72,2298,55,1300,66,3.43,0
9484,Kloto,Plateaux,2023,145985,86.2,26,74,109,502,84.21,304,55,898,60,76,77,2.77,0
9485,Oti-Sud,Savanes,2020,150806,47.98,30,46,144,57,80.68,389,103,2496,95,1885,21,3.66,1
9486,Sotouboua,Centrale,2023,141404,87.51,2,40,46,132,57.67,161,112,4873,277,763,64,3.26,1
9487,Lacs,Maritime,2022,241207,66.17,20,13,73,292,69.02,369,92,3777,225,1583,17,3.23,1
9488,Agou,Plateaux,2022,85793,82.23,4,58,160,357,93.75,250,34,5629,54,264,66,3.9,1
9489,Anié,Plateaux,2023,177188,90.01,21,88,287,350,81.8,73,64,2220,41,977,55,3.54,0
9490,Akébou,Plateaux,2021,73188,69.15,3,27,228,248,76.74,391,113,4170,4,1897,18,3.74,1
9491,Agou,Plateaux,2020,85793,59.1,27,17,155,451,85.73,105,31,517,277,1496,34,4.75,1
9492,Blitta,Centrale,2020,218753,83.86,8,72,154,106,50.77,245,38,3406,103,1452,73,4.72,0
9493,Golfe,Maritime,2023,1305681,51.56,10,73,112,321,93.43,342,63,1300,55,15,14,3.25,1
9494,Akébou,Plateaux,2023,73188,80.42,15,10,130,179,78.77,376,97,3310,251,1152,80,4.57,1
9495,Kozah,Kara,2021,283738,78.6,4,77,284,182,84.3,368,104,2796,13,1939,68,3.09,1
9496,Wawa,Plateaux,2022,101300,44.22,4,79,77,330,91.39,335,95,3206,96,980,22,2.67,1
9497,Amou,Plateaux,2021,110948,94.56,8,43,128,595,60.45,289,25,5670,68,336,39,4.38,1
9498,Zio,Maritime,2023,500032,40.31,15,17,38,590,94.86,122,43,2196,226,1892,79,3.48,1
9499,Vo,Maritime,2022,224411,87.11,11,92,278,452,60.45,213,96,3076,48,1393,26,4.24,1
9500,Moyen-Mono,Plateaux,2020,90505,78.51,27,33,89,401,85.26,232,39,1742,133,1560,70,3.68,0
9501,Doufelgou,Kara,2022,87588,41.42,28,27,75,311,95.26,155,39,5869,131,1985,33,2.76,1
9502,Amou,Plateaux,2021,110948,53.57,17,39,106,118,91.4,72,82,1436,204,610,26,3.15,1
9503,Wawa,Plateaux,2023,101300,72.73,8,84,137,447,80.09,275,37,2101,221,1491,60,4.62,0
9504,Blitta,Centrale,2020,218753,84.37,10,43,29,526,54.83,337,90,5558,10,867,53,4.72,1
9505,Ogou,Plateaux,2022,253467,62.88,26,23,82,114,59.29,341,64,1522,97,439,78,3.09,0
9506,Sotouboua,Centrale,2021,141404,50.63,5,96,172,248,80.8,259,27,3924,92,558,70,2.73,1
9507,Binah,Kara,2022,84739,65.28,4,29,80,112,62.55,94,28,3250,65,675,27,2.61,0
9508,Amou,Plateaux,2023,110948,62.12,18,55,227,422,96.95,255,58,4351,33,1016,42,3.72,1
9509,Kpendjal,Savanes,2023,150806,92.47,23,31,101,441,69.28,357,26,5472,15,954,58,3.46,1
9510,Blitta,Centrale,2022,218753,65.45,23,26,175,268,85.61,86,27,234,293,1506,54,3.64,0
9511,Agoè-Nyivé,Maritime,2022,882695,61.16,6,50,181,317,72.05,292,114,1834,12,1591,15,2.81,1
9512,Golfe,Maritime,2023,1305681,56.88,6,24,192,402,68.75,176,22,1216,85,326,10,4.52,1
9513,Doufelgou,Kara,2020,87588,82.55,28,92,249,584,60.62,178,84,5589,239,1842,18,3.25,1
9514,Oti,Savanes,2021,123324,60.86,15,70,110,85,86.64,68,23,3044,15,1506,60,2.65,0
9515,Wawa,Plateaux,2020,101300,56.84,28,80,39,242,50.29,352,98,1297,5,1108,4,3.49,1
9516,Kpendjal,Savanes,2020,150806,60.1,21,100,217,397,71.17,300,44,4785,140,343,76,4.56,1
9517,Mô,Centrale,2020,52448,55.55,13,35,273,489,86.65,144,28,1266,284,673,73,3.85,1
9518,Bas-Mono,Maritime,2021,95380,49.92,23,68,229,252,61.46,125,105,4049,157,1565,56,3.44,1
9519,Haho,Plateaux,2020,305096,66.91,12,18,212,399,50.08,87,50,3034,121,37,54,3.63,0
9520,Agou,Plateaux,2023,85793,84.14,18,47,169,349,53.78,335,109,457,286,1935,14,4.07,1
9521,Kozah,Kara,2023,283738,77.14,4,14,166,431,72.34,172,74,4470,165,523,16,4.18,1
9522,Lacs,Maritime,2020,241207,54.71,12,49,89,554,93.46,151,86,2780,46,831,67,3.0,1
9523,Moyen-Mono,Plateaux,2022,90505,72.08,17,86,186,254,68.66,233,99,4538,215,122,46,4.21,1
9524,Bassar,Kara,2023,152038,62.38,13,72,263,275,82.97,123,113,2863,147,1103,28,3.88,1
9525,Yoto,Maritime,2021,174451,94.69,9,53,269,399,86.57,262,119,1238,45,1741,57,3.54,1
9526,Oti,Savanes,2021,123324,56.66,11,42,103,138,87.12,244,25,2926,87,1248,60,3.09,1
9527,Sotouboua,Centrale,2022,141404,71.97,21,36,152,234,78.18,389,111,1366,102,296,70,3.1,1
9528,Haho,Plateaux,2022,305096,63.09,13,83,289,284,70.6,287,64,2372,147,837,46,3.01,0
9529,Tchaoudjo,Centrale,2021,240360,81.63,15,17,185,476,93.31,182,46,4535,163,784,21,3.04,1
9530,Mô,Centrale,2020,52448,75.39,18,82,182,439,84.15,329,39,5290,116,1072,60,3.94,1
9531,Bassar,Kara,2021,152038,56.64,7,64,93,299,60.31,291,65,2148,202,20,5,3.42,1
9532,Lacs,Maritime,2021,241207,84.71,23,81,25,467,67.62,376,86,775,135,1475,78,4.33,1
9533,Oti,Savanes,2023,123324,89.73,28,77,189,320,64.94,142,56,4153,51,226,29,2.96,1
9534,Danyi,Plateaux,2020,40240,41.93,7,86,276,386,53.34,73,54,3401,5,794,69,4.21,1
9535,Akébou,Plateaux,2022,73188,41.14,25,16,50,542,64.54,298,93,5092,45,1635,26,3.82,1
9536,Oti,Savanes,2022,123324,80.26,13,56,126,419,92.75,247,120,3235,229,784,41,3.43,1
9537,Kloto,Plateaux,2021,145985,72.48,10,76,248,412,71.55,348,44,5266,154,1852,45,3.92,1
9538,Amou,Plateaux,2023,110948,44.69,12,31,249,509,96.32,316,21,2415,218,689,60,3.16,1
9539,Golfe,Maritime,2020,1305681,40.95,10,96,195,476,82.0,141,98,1436,95,493,26,3.0,1
9540,Kpélé,Plateaux,2021,81620,51.38,29,13,29,165,86.79,237,29,4418,169,1573,21,4.53,1
9541,Yoto,Maritime,2022,174451,51.46,23,49,43,584,72.7,94,67,1689,220,467,68,4.24,1
9542,Dankpen,Kara,2021,184632,43.1,28,78,223,139,58.61,115,83,389,41,1073,63,2.91,1
9543,Assoli,Kara,2022,66492,45.05,7,26,93,135,78.29,259,54,3054,111,1151,0,4.4,1
9544,Haho,Plateaux,2023,305096,94.37,20,58,23,100,56.34,169,49,2981,285,404,11,2.96,0
9545,Danyi,Plateaux,2021,40240,59.95,27,80,121,274,81.93,277,50,1347,69,514,49,3.65,1
9546,Danyi,Plateaux,2020,40240,52.48,13,29,143,475,78.11,209,65,3033,52,666,29,3.85,1
9547,Kpélé,Plateaux,2023,81620,94.42,12,49,53,530,81.85,153,107,1854,233,1553,4,2.52,1
9548,Tchamba,Centrale,2022,200585,94.17,5,90,279,120,72.73,323,119,1538,85,1918,41,4.56,1
9549,Kloto,Plateaux,2022,145985,94.83,15,31,30,372,79.46,136,35,2953,171,914,67,3.04,0
9550,Amou,Plateaux,2023,110948,52.42,18,97,21,547,51.75,130,54,3115,164,672,45,4.28,1
9551,Moyen-Mono,Plateaux,2020,90505,62.17,12,57,36,57,93.22,72,58,1610,135,413,75,3.33,0
9552,Agoè-Nyivé,Maritime,2023,882695,70.07,20,58,71,560,58.29,137,68,4106,203,1160,26,4.12,1
9553,Anié,Plateaux,2022,177188,61.77,28,20,64,505,90.62,318,113,4044,11,1460,33,4.38,1
9554,Tchaoudjo,Centrale,2020,240360,86.91,26,6,187,174,93.95,316,26,5138,226,1790,72,4.77,1
9555,Sotouboua,Centrale,2023,141404,41.06,3,50,165,312,90.89,340,42,483,0,1055,37,4.61,1
9556,Tchamba,Centrale,2022,200585,89.39,12,6,244,200,77.76,90,59,5459,273,437,15,3.18,1
9557,Kpendjal-Ouest,Savanes,2020,120285,85.15,20,24,187,583,51.01,130,97,4371,79,1619,6,3.16,1
9558,Golfe,Maritime,2021,1305681,75.69,8,15,171,294,69.82,51,24,1994,241,462,65,2.73,0
9559,Oti-Sud,Savanes,2023,150806,54.38,26,91,147,361,86.51,379,94,1773,189,59,74,4.21,1
9560,Kéran,Kara,2023,123138,87.58,25,88,169,236,89.39,378,101,3747,136,939,66,3.09,1
9561,Tône,Savanes,2021,388775,88.31,23,26,27,522,56.01,268,87,2677,251,1078,14,2.62,1
9562,Cinkassé,Savanes,2020,173987,42.36,15,21,68,120,81.4,362,93,2889,293,1316,50,3.71,1
9563,Lacs,Maritime,2022,241207,74.81,27,90,26,312,50.58,314,91,5159,58,1055,80,4.45,1
9564,Binah,Kara,2022,84739,71.65,13,12,119,498,55.73,175,106,4701,133,803,45,2.75,1
9565,Golfe,Maritime,2021,1305681,91.26,29,99,253,139,94.64,227,120,3155,52,243,77,4.59,1
9566,Binah,Kara,2023,84739,67.89,22,26,133,455,87.09,50,44,5837,79,721,40,2.77,1
9567,Mô,Centrale,2021,52448,76.89,4,80,253,399,53.03,62,21,5105,126,1715,80,4.49,1
9568,Vo,Maritime,2022,224411,70.1,13,48,72,457,86.42,388,75,1503,68,1211,75,3.76,0
9569,Kpendjal,Savanes,2020,150806,92.78,5,29,147,66,72.27,219,62,1073,134,706,54,3.3,0
9570,Cinkassé,Savanes,2021,173987,56.87,24,64,155,163,87.78,397,28,1092,142,749,17,3.61,1
9571,Kloto,Plateaux,2023,145985,54.89,26,31,295,312,57.28,81,21,4803,199,310,76,3.11,1
9572,Kpendjal,Savanes,2022,150806,65.94,21,11,220,208,72.67,146,89,4446,46,447,3,4.67,1
9573,Dankpen,Kara,2021,184632,43.47,4,72,188,76,51.86,355,31,4402,238,107,29,3.25,1
9574,Doufelgou,Kara,2022,87588,55.73,16,52,298,207,91.91,279,45,3426,145,1080,40,3.64,1
9575,Bas-Mono,Maritime,2021,95380,93.07,10,18,207,328,73.5,54,113,3760,26,719,79,2.92,1
9576,Vo,Maritime,2021,224411,75.71,27,86,247,578,55.03,110,54,2750,274,328,61,2.99,0
9577,Tchaoudjo,Centrale,2022,240360,83.75,28,80,186,590,53.61,272,98,4126,298,1001,78,4.69,1
9578,Oti-Sud,Savanes,2021,150806,59.85,9,42,116,171,50.26,104,66,232,191,1163,64,3.51,1
9579,Akébou,Plateaux,2023,73188,67.22,19,81,108,420,72.22,216,62,5474,123,1681,43,3.63,1
9580,Agoè-Nyivé,Maritime,2022,882695,54.69,21,71,63,380,69.33,106,88,716,9,1913,36,4.37,1
9581,Oti,Savanes,2021,123324,85.68,18,34,38,75,89.36,104,70,4879,109,1456,49,4.47,1
9582,Sotouboua,Centrale,2020,141404,70.03,14,84,77,166,66.98,215,28,2994,128,628,12,3.56,0
9583,Agou,Plateaux,2022,85793,80.52,24,84,147,356,51.75,298,35,271,85,1198,35,3.8,0
9584,Moyen-Mono,Plateaux,2020,90505,75.33,2,26,42,460,97.76,171,74,5520,47,122,57,2.98,1
9585,Bas-Mono,Maritime,2022,95380,81.95,7,91,268,488,88.13,321,36,514,282,1117,70,3.55,0
9586,Tandjoaré,Savanes,2020,35537,66.88,17,68,22,184,61.65,226,72,3067,55,596,50,4.57,0
9587,Oti-Sud,Savanes,2020,150806,58.87,3,99,79,369,74.17,212,76,1584,252,825,72,2.76,1
9588,Tandjoaré,Savanes,2023,35537,72.78,6,12,62,53,72.87,396,36,3550,151,1752,60,3.9,0
9589,Dankpen,Kara,2020,184632,74.82,20,93,181,258,76.41,99,76,3612,29,440,54,4.16,0
9590,Tandjoaré,Savanes,2021,35537,47.93,3,24,118,288,96.77,65,70,437,241,1037,23,2.67,1
9591,Vo,Maritime,2022,224411,50.22,29,48,40,88,63.87,77,117,3098,35,234,10,4.37,1
9592,Agou,Plateaux,2020,85793,55.15,2,77,147,575,63.87,179,92,5232,126,266,62,3.22,1
9593,Amou,Plateaux,2021,110948,75.2,26,97,240,186,56.5,380,39,5530,164,1038,24,3.28,1
9594,Oti,Savanes,2021,123324,72.45,30,72,76,576,63.4,129,66,5406,220,376,53,3.97,1
9595,Agou,Plateaux,2022,85793,44.35,16,63,266,237,68.41,225,115,2654,229,853,1,3.82,1
9596,Amou,Plateaux,2023,110948,94.12,19,66,196,385,95.11,96,55,4891,56,894,65,3.51,1
9597,Avé,Maritime,2023,111214,56.89,14,93,196,457,89.13,380,29,3268,19,476,6,2.66,1
9598,Tône,Savanes,2022,388775,58.47,20,50,44,185,69.53,196,115,2528,15,1652,28,4.11,1
9599,Agoè-Nyivé,Maritime,2020,882695,94.0,18,67,192,271,95.67,303,31,2978,135,1598,0,3.79,0
9600,Tchamba,Centrale,2020,200585,76.42,19,68,32,488,60.91,159,88,2157,197,788,11,4.72,1
9601,Tandjoaré,Savanes,2022,35537,53.52,11,98,259,566,69.72,258,47,970,158,529,76,3.06,1
9602,Est-Mono,Plateaux,2023,164460,87.86,12,15,189,127,60.43,346,35,3700,230,1812,78,4.14,0
9603,Oti-Sud,Savanes,2021,150806,54.25,18,59,142,188,76.95,257,49,1175,13,418,40,4.2,1
9604,Mô,Centrale,2022,52448,50.7,17,32,252,338,76.75,247,45,3365,143,481,52,2.63,1
9605,Golfe,Maritime,2020,1305681,73.77,11,23,131,147,57.81,330,113,3539,224,1953,26,3.46,1
9606,Yoto,Maritime,2023,174451,77.31,17,73,115,249,80.55,165,44,3244,218,351,45,2.52,0
9607,Sotouboua,Centrale,2023,141404,72.07,11,84,148,88,78.69,238,78,3693,265,164,15,4.04,0
9608,Kpendjal,Savanes,2020,150806,81.48,18,74,223,318,84.65,334,104,4348,51,266,45,4.45,1
9609,Akébou,Plateaux,2020,73188,73.34,3,53,121,569,93.23,135,60,661,121,1110,24,4.17,0
9610,Tandjoaré,Savanes,2023,35537,76.9,8,16,293,552,59.66,126,60,1876,213,1151,4,3.02,0
9611,Akébou,Plateaux,2022,73188,64.51,4,94,140,386,79.15,91,69,389,154,1337,58,4.14,0
9612,Kloto,Plateaux,2023,145985,70.6,19,6,47,285,54.6,255,109,726,97,579,11,4.59,1
9613,Kpendjal,Savanes,2021,150806,45.03,9,65,86,202,75.28,332,86,2558,152,599,8,3.39,1
9614,Anié,Plateaux,2020,177188,86.55,6,25,225,596,71.01,379,75,5304,236,1504,69,2.63,1
9615,Blitta,Centrale,2023,218753,89.52,9,27,198,119,76.91,225,26,3842,92,352,73,3.88,0
9616,Lacs,Maritime,2022,241207,51.97,14,51,150,453,86.92,238,96,1889,56,578,20,3.03,1
9617,Kpendjal,Savanes,2020,150806,75.27,18,95,41,389,79.48,243,116,1951,62,466,62,3.74,1
9618,Kpélé,Plateaux,2020,81620,44.6,28,9,190,595,95.01,91,50,1957,256,323,17,3.19,1
9619,Avé,Maritime,2021,111214,62.25,17,67,54,304,51.37,300,120,3656,144,510,24,4.11,1
9620,Danyi,Plateaux,2020,40240,48.78,15,49,115,251,95.26,283,68,2955,67,1469,35,3.6,1
9621,Golfe,Maritime,2020,1305681,78.28,11,93,204,541,79.05,343,120,4936,4,419,52,2.72,1
9622,Vo,Maritime,2021,224411,84.91,17,86,74,574,67.37,301,117,4218,184,1147,24,3.54,1
9623,Yoto,Maritime,2021,174451,41.54,6,14,210,459,71.17,392,103,944,203,1207,69,3.07,1
9624,Mô,Centrale,2022,52448,68.16,21,78,295,262,74.36,189,46,4428,197,134,52,4.02,1
9625,Blitta,Centrale,2023,218753,40.94,2,27,207,434,70.73,59,83,4475,100,1685,80,3.33,1
9626,Danyi,Plateaux,2021,40240,90.8,5,72,73,227,71.34,387,96,1440,78,632,42,3.18,1
9627,Oti-Sud,Savanes,2023,150806,85.54,6,67,30,526,72.02,293,110,1568,67,1649,55,4.11,1
9628,Oti,Savanes,2022,123324,74.86,18,7,45,464,88.93,313,35,3325,113,1320,42,3.87,0
9629,Kpendjal-Ouest,Savanes,2021,120285,72.29,13,71,209,416,53.5,51,85,4780,143,918,15,3.89,1
9630,Golfe,Maritime,2023,1305681,52.37,19,82,42,261,69.97,112,120,559,33,1491,13,2.93,1
9631,Kozah,Kara,2023,283738,50.09,13,59,146,563,71.87,289,50,1474,69,578,14,4.78,1
9632,Ogou,Plateaux,2020,253467,62.62,7,7,110,442,66.58,257,38,5321,98,1626,34,3.78,1
9633,Assoli,Kara,2022,66492,65.67,4,91,148,142,90.81,182,59,1518,152,1103,49,3.2,0
9634,Akébou,Plateaux,2020,73188,64.39,20,15,222,460,97.77,85,119,4254,278,762,80,2.86,1
9635,Moyen-Mono,Plateaux,2021,90505,51.07,30,90,282,177,82.76,350,33,3045,204,1505,59,3.77,1
9636,Agoè-Nyivé,Maritime,2022,882695,65.54,8,100,226,324,91.5,223,66,5477,154,1615,75,3.5,1
9637,Blitta,Centrale,2021,218753,89.52,15,8,23,299,85.02,83,95,1015,202,474,73,4.45,1
9638,Kloto,Plateaux,2020,145985,75.64,18,17,251,224,56.06,158,72,3751,79,404,55,3.97,0
9639,Haho,Plateaux,2020,305096,46.11,21,94,148,78,79.19,121,93,2798,182,807,16,2.98,1
9640,Dankpen,Kara,2020,184632,54.64,14,45,197,387,67.21,359,120,1299,282,1925,8,2.9,1
9641,Kpendjal,Savanes,2023,150806,54.39,14,43,90,262,67.48,336,42,3537,129,1391,41,4.59,1
9642,Kpendjal,Savanes,2020,150806,45.64,6,9,120,145,87.29,164,85,4981,233,1343,74,3.63,1
9643,Kozah,Kara,2023,283738,83.71,23,52,142,90,91.65,385,73,1702,77,348,60,3.82,0
9644,Bassar,Kara,2022,152038,87.26,29,75,299,100,52.67,278,60,2926,108,1040,20,2.75,0
9645,Kéran,Kara,2020,123138,86.34,20,29,74,220,72.23,284,92,4165,170,969,58,2.61,1
9646,Akébou,Plateaux,2020,73188,94.06,16,78,136,295,54.6,275,73,1387,10,1265,32,3.23,0
9647,Kpélé,Plateaux,2023,81620,84.87,5,97,104,265,52.19,283,54,946,275,1452,62,2.81,0
9648,Blitta,Centrale,2023,218753,67.58,22,33,115,179,84.87,215,73,2908,34,974,12,4.53,0
9649,Blitta,Centrale,2020,218753,69.4,7,72,251,447,54.63,110,114,5097,288,1873,20,3.57,1
9650,Yoto,Maritime,2020,174451,50.33,11,61,117,302,78.24,287,101,2397,252,1351,80,3.46,1
9651,Doufelgou,Kara,2020,87588,58.98,28,76,38,551,82.85,215,115,3062,218,1213,71,3.46,1
9652,Tône,Savanes,2022,388775,48.03,22,97,157,273,57.08,275,117,790,267,1306,33,3.12,1
9653,Sotouboua,Centrale,2022,141404,49.61,20,100,233,295,80.55,290,21,1824,228,1097,56,3.3,1
9654,Amou,Plateaux,2023,110948,54.23,10,98,177,578,87.2,95,94,726,43,1094,61,2.51,1
9655,Est-Mono,Plateaux,2022,164460,90.94,13,88,88,247,67.22,226,117,1743,86,422,10,4.69,1
9656,Bassar,Kara,2021,152038,59.48,7,47,75,362,50.36,327,54,4253,138,641,20,3.18,1
9657,Kpendjal,Savanes,2023,150806,88.38,15,20,132,78,56.42,223,42,423,175,588,5,3.99,0
9658,Avé,Maritime,2023,111214,42.66,10,11,27,312,84.35,118,69,650,32,1388,14,3.01,1
9659,Anié,Plateaux,2020,177188,61.55,23,67,213,413,95.76,383,47,4769,84,1013,13,3.28,1
9660,Blitta,Centrale,2020,218753,43.15,11,96,288,316,72.69,354,23,1037,267,672,36,2.59,1
9661,Vo,Maritime,2023,224411,87.22,8,34,192,155,87.59,111,27,4933,176,1472,31,4.36,1
9662,Lacs,Maritime,2022,241207,50.69,17,76,130,137,64.64,56,40,3335,206,1398,39,2.98,1
9663,Binah,Kara,2023,84739,65.4,16,98,249,558,73.01,364,62,1955,280,1956,15,3.06,0
9664,Kloto,Plateaux,2021,145985,73.13,17,9,172,184,55.5,171,105,2754,179,1910,30,4.68,1
9665,Lacs,Maritime,2023,241207,70.83,28,76,129,51,67.7,309,58,4759,58,1900,3,3.28,1
9666,Yoto,Maritime,2021,174451,88.99,17,43,131,231,54.47,311,77,2860,82,183,51,4.62,0
9667,Yoto,Maritime,2020,174451,72.78,5,56,174,440,86.48,89,77,698,276,1860,47,2.9,0
9668,Tône,Savanes,2021,388775,69.67,7,86,109,333,51.39,171,78,4216,239,84,68,3.32,1
9669,Moyen-Mono,Plateaux,2022,90505,41.29,20,77,83,352,67.93,314,30,2485,248,10,79,2.66,1
9670,Lacs,Maritime,2023,241207,54.06,7,24,155,593,70.49,284,106,4625,84,883,42,4.03,1
9671,Yoto,Maritime,2020,174451,66.21,11,35,159,369,78.48,73,106,3230,251,91,43,3.64,1
9672,Tandjoaré,Savanes,2020,35537,49.17,24,79,171,243,78.88,354,60,1638,155,481,57,2.84,1
9673,Tandjoaré,Savanes,2022,35537,66.55,3,80,215,361,85.4,101,79,2581,240,1622,19,4.77,0
9674,Oti,Savanes,2021,123324,70.68,17,36,59,292,70.68,157,73,3452,34,1296,63,3.06,0
9675,Doufelgou,Kara,2021,87588,78.71,22,48,291,80,64.52,267,54,2955,170,1788,5,2.93,0
9676,Kpendjal,Savanes,2023,150806,85.82,30,88,76,416,80.96,391,92,994,165,854,34,2.91,1
9677,Bassar,Kara,2020,152038,86.22,19,19,29,529,97.26,161,23,5180,162,1020,31,4.26,1
9678,Tchamba,Centrale,2020,200585,42.02,4,56,64,142,58.47,156,27,2961,39,1342,50,2.59,1
9679,Haho,Plateaux,2020,305096,59.9,8,75,126,298,59.76,318,112,1295,139,1535,12,2.96,1
9680,Kozah,Kara,2021,283738,71.24,22,30,279,402,87.04,204,81,5804,105,223,66,2.96,1
9681,Avé,Maritime,2020,111214,58.68,12,62,33,568,85.68,323,75,1176,69,556,56,2.81,1
9682,Tandjoaré,Savanes,2023,35537,55.82,5,87,90,67,72.82,315,64,4142,144,697,76,4.22,1
9683,Est-Mono,Plateaux,2023,164460,42.9,25,20,173,299,76.49,277,39,1965,96,731,59,2.9,1
9684,Moyen-Mono,Plateaux,2021,90505,93.68,22,57,126,470,52.62,117,65,2336,215,81,47,2.86,0
9685,Doufelgou,Kara,2022,87588,71.22,11,66,82,230,56.11,54,40,5629,257,143,75,4.26,1
9686,Zio,Maritime,2022,500032,79.64,17,97,53,168,64.61,331,103,2656,228,1963,38,3.61,1
9687,Sotouboua,Centrale,2022,141404,53.76,28,15,149,162,88.59,276,88,850,292,1763,2,3.53,1
9688,Tandjoaré,Savanes,2022,35537,74.63,30,87,70,525,79.93,277,71,4013,45,498,33,3.04,1
9689,Est-Mono,Plateaux,2023,164460,82.54,19,69,110,180,73.15,82,29,968,83,689,58,4.16,0
9690,Assoli,Kara,2022,66492,94.58,18,86,79,453,90.03,71,115,5227,64,454,68,3.11,1
9691,Avé,Maritime,2022,111214,64.39,29,19,223,379,54.59,89,118,1389,25,426,7,4.75,1
9692,Tône,Savanes,2021,388775,70.13,10,61,194,566,63.59,308,50,3505,83,890,1,3.3,0
9693,Vo,Maritime,2020,224411,68.97,22,5,140,352,54.55,374,80,1521,109,1423,48,4.35,0
9694,Amou,Plateaux,2023,110948,75.47,3,85,164,193,76.77,225,90,2422,87,1833,31,2.76,1
9695,Sotouboua,Centrale,2020,141404,88.45,22,49,39,354,57.03,243,64,918,224,1842,38,2.6,0
9696,Assoli,Kara,2021,66492,55.75,16,49,261,324,77.78,383,88,4996,165,872,23,3.89,1
9697,Avé,Maritime,2023,111214,86.43,3,5,78,441,83.12,125,113,3625,254,720,2,3.61,1
9698,Lacs,Maritime,2020,241207,63.13,21,50,198,532,74.71,295,77,474,88,1464,38,3.01,0
9699,Tchamba,Centrale,2020,200585,87.9,21,28,139,407,83.24,105,110,5336,158,1034,0,2.75,1
9700,Kéran,Kara,2022,123138,86.62,2,36,99,162,57.77,197,119,4515,86,1229,3,3.09,1
9701,Yoto,Maritime,2021,174451,94.16,21,55,259,530,85.59,100,32,3142,2,396,32,2.64,0
9702,Bas-Mono,Maritime,2021,95380,64.61,12,76,232,442,92.5,100,113,1120,297,773,40,3.78,1
9703,Mô,Centrale,2022,52448,79.91,17,60,298,499,88.17,50,106,4846,270,274,38,3.67,1
9704,Kéran,Kara,2020,123138,81.36,29,89,258,206,83.29,209,76,4384,82,848,28,4.25,1
9705,Bassar,Kara,2021,152038,92.37,23,5,217,255,66.39,309,98,5830,200,1101,20,2.67,1
9706,Agou,Plateaux,2023,85793,85.3,11,96,268,589,50.24,325,31,5327,199,1859,56,2.63,1
9707,Blitta,Centrale,2021,218753,79.01,24,53,248,332,58.73,76,102,1830,129,1495,10,4.48,1
9708,Haho,Plateaux,2022,305096,79.56,7,74,231,86,59.94,345,23,3677,24,537,73,3.04,0
9709,Binah,Kara,2023,84739,41.42,5,78,251,266,64.89,55,117,1879,113,1354,32,3.84,1
9710,Bas-Mono,Maritime,2023,95380,68.15,11,17,192,134,73.4,134,70,1988,93,1674,31,3.73,0
9711,Oti,Savanes,2022,123324,75.92,24,5,52,371,86.88,186,118,5988,126,278,32,2.6,1
9712,Bassar,Kara,2023,152038,64.93,21,90,48,92,85.8,234,28,1568,283,459,37,4.3,0
9713,Dankpen,Kara,2023,184632,81.43,18,6,157,389,56.18,97,109,564,109,125,39,4.2,1
9714,Oti,Savanes,2020,123324,91.55,21,36,227,107,86.11,263,73,1068,173,102,42,4.22,0
9715,Dankpen,Kara,2020,184632,46.6,10,50,216,498,63.56,55,28,4842,95,1190,65,3.85,1
9716,Cinkassé,Savanes,2021,173987,56.87,23,94,46,68,52.04,52,78,4609,249,1069,65,4.0,1
9717,Yoto,Maritime,2022,174451,62.98,15,79,285,290,94.97,321,84,603,107,911,59,2.83,1
9718,Golfe,Maritime,2023,1305681,61.57,24,14,121,598,62.05,229,93,4604,187,1845,56,2.99,1
9719,Lacs,Maritime,2022,241207,64.43,27,7,267,412,55.81,86,108,770,258,302,43,3.77,1
9720,Agoè-Nyivé,Maritime,2023,882695,53.76,4,14,283,542,84.26,208,31,3436,123,264,63,4.43,1
9721,Yoto,Maritime,2022,174451,46.08,18,94,210,431,82.06,289,89,4453,114,1365,11,4.12,1
9722,Mô,Centrale,2021,52448,40.88,18,84,73,337,91.22,269,47,2654,241,520,44,3.76,1
9723,Oti,Savanes,2023,123324,62.15,22,17,284,262,51.97,94,109,5398,122,1896,72,3.71,1
9724,Wawa,Plateaux,2020,101300,61.85,3,51,157,474,86.93,125,79,4966,28,699,77,3.38,1
9725,Amou,Plateaux,2022,110948,87.41,29,49,177,304,57.41,330,85,4939,269,693,61,3.52,1
9726,Blitta,Centrale,2020,218753,79.82,13,17,213,262,79.51,97,33,4529,16,1999,41,3.91,1
9727,Akébou,Plateaux,2021,73188,47.78,2,82,51,456,70.25,329,107,1196,55,836,8,2.56,1
9728,Ogou,Plateaux,2023,253467,40.29,26,67,240,86,71.66,163,39,424,57,167,44,3.39,1
9729,Kpendjal-Ouest,Savanes,2021,120285,91.98,24,14,182,298,51.8,396,114,1103,43,1960,2,4.28,1
9730,Kéran,Kara,2022,123138,46.86,12,93,232,55,70.49,366,85,1016,92,201,0,2.9,1
9731,Bassar,Kara,2020,152038,75.54,22,84,226,80,87.54,324,55,4033,101,1130,26,2.58,1
9732,Doufelgou,Kara,2023,87588,68.4,19,82,238,100,72.31,204,33,1238,61,1422,45,3.52,0
9733,Tchamba,Centrale,2023,200585,48.68,25,46,76,385,68.2,298,104,5431,43,62,10,4.02,1
9734,Est-Mono,Plateaux,2022,164460,76.29,27,79,209,188,72.94,109,115,2091,284,1919,8,3.36,1
9735,Agou,Plateaux,2021,85793,90.11,25,90,241,520,76.76,154,65,2240,55,1342,62,3.97,0
9736,Bassar,Kara,2022,152038,79.5,15,56,177,185,68.76,263,84,5730,257,1059,37,3.18,1
9737,Agou,Plateaux,2021,85793,42.04,5,92,256,437,92.23,69,21,4471,243,685,62,3.84,1
9738,Agoè-Nyivé,Maritime,2020,882695,45.02,24,9,98,180,72.58,59,117,5135,172,1641,3,3.2,1
9739,Cinkassé,Savanes,2022,173987,55.47,13,38,130,76,94.05,397,20,907,284,1269,66,3.21,1
9740,Binah,Kara,2020,84739,62.13,12,47,163,238,55.89,361,50,886,43,1354,44,2.67,0
9741,Vo,Maritime,2021,224411,85.69,27,22,237,446,62.54,279,75,5844,243,345,73,4.06,1
9742,Kéran,Kara,2021,123138,56.65,24,47,228,491,82.93,164,52,5021,95,1999,3,4.77,1
9743,Tchaoudjo,Centrale,2023,240360,92.49,27,60,42,192,85.92,52,52,766,12,532,48,3.06,0
9744,Cinkassé,Savanes,2020,173987,73.09,3,77,157,588,79.26,73,68,222,190,817,49,2.78,0
9745,Oti,Savanes,2022,123324,71.28,8,85,147,202,59.53,289,75,1891,298,23,46,3.21,0
9746,Anié,Plateaux,2020,177188,71.11,30,45,272,235,62.04,362,44,3799,110,128,63,3.91,0
9747,Bassar,Kara,2022,152038,66.02,9,34,105,232,54.81,305,78,2755,156,179,28,2.84,0
9748,Lacs,Maritime,2020,241207,84.1,2,84,43,247,81.22,372,70,2693,107,85,44,4.12,0
9749,Agou,Plateaux,2023,85793,85.85,3,40,91,463,68.38,361,97,2806,288,713,56,2.58,1
9750,Avé,Maritime,2023,111214,74.03,7,87,216,283,94.64,147,83,3716,209,3,8,2.59,1
9751,Blitta,Centrale,2023,218753,41.81,27,71,222,422,55.21,344,71,3868,109,1617,43,4.12,1
9752,Danyi,Plateaux,2021,40240,53.02,2,27,283,589,68.18,150,28,855,265,87,64,3.43,1
9753,Dankpen,Kara,2022,184632,50.73,25,51,174,109,84.05,231,65,2997,267,1299,12,3.49,1
9754,Mô,Centrale,2021,52448,86.02,30,64,250,203,69.75,279,113,4219,112,843,65,4.69,1
9755,Wawa,Plateaux,2023,101300,66.41,8,91,146,229,97.47,365,78,547,200,628,68,3.94,0
9756,Golfe,Maritime,2020,1305681,74.35,9,95,98,287,84.83,307,46,5048,292,618,39,3.06,1
9757,Assoli,Kara,2023,66492,89.21,21,60,277,181,88.44,74,38,2951,115,18,34,4.61,0
9758,Agoè-Nyivé,Maritime,2021,882695,48.38,19,74,262,178,96.7,295,85,4372,43,921,51,4.69,1
9759,Assoli,Kara,2023,66492,43.47,13,35,289,559,95.05,70,94,3687,44,400,61,3.53,1
9760,Haho,Plateaux,2021,305096,86.4,11,67,44,166,85.86,179,83,5743,175,358,69,4.25,1
9761,Bas-Mono,Maritime,2022,95380,79.28,7,50,295,239,88.77,397,35,4848,46,1283,8,3.49,1
9762,Tône,Savanes,2020,388775,50.13,17,14,121,159,90.98,352,50,492,208,1808,16,3.91,1
9763,Golfe,Maritime,2023,1305681,69.68,19,78,228,521,51.04,75,114,5041,209,926,63,4.78,1
9764,Kozah,Kara,2020,283738,92.25,2,53,69,437,85.01,161,98,5730,83,66,44,3.19,1
9765,Oti-Sud,Savanes,2023,150806,72.45,20,33,110,205,73.84,174,102,413,167,1960,31,4.62,1
9766,Lacs,Maritime,2021,241207,79.14,6,38,85,187,75.4,363,63,1816,45,866,25,3.92,0
9767,Dankpen,Kara,2020,184632,40.68,9,31,91,196,62.98,392,40,5917,2,1624,12,3.13,1
9768,Akébou,Plateaux,2022,73188,84.56,19,21,248,553,83.5,286,65,3762,91,974,71,2.57,0
9769,Oti-Sud,Savanes,2021,150806,63.03,29,15,23,237,97.14,236,57,2502,75,1017,69,4.76,0
9770,Kloto,Plateaux,2020,145985,42.25,21,43,206,74,73.35,359,120,2143,141,32,70,4.18,1
9771,Tandjoaré,Savanes,2023,35537,51.77,7,51,257,263,95.04,300,108,2606,195,130,6,3.99,1
9772,Kpendjal,Savanes,2022,150806,80.91,26,75,143,454,91.57,188,110,1343,247,156,1,2.71,1
9773,Sotouboua,Centrale,2023,141404,64.21,23,39,230,148,94.82,96,23,2163,81,1307,5,4.55,0
9774,Avé,Maritime,2023,111214,72.78,2,59,130,228,56.63,239,59,5262,189,176,80,3.92,1
9775,Tchaoudjo,Centrale,2021,240360,64.34,14,46,178,182,86.51,320,75,2933,41,420,76,3.24,0
9776,Tchaoudjo,Centrale,2020,240360,42.83,16,30,283,249,62.95,343,42,4761,11,676,48,3.09,1
9777,Oti,Savanes,2021,123324,45.54,6,75,210,338,60.48,265,51,4726,63,1692,17,3.61,1
9778,Est-Mono,Plateaux,2020,164460,93.44,12,9,269,126,53.35,339,51,1951,99,440,12,3.17,0
9779,Ogou,Plateaux,2021,253467,48.01,5,35,108,449,62.65,224,60,3851,170,907,66,3.05,1
9780,Yoto,Maritime,2022,174451,57.04,29,84,223,133,67.11,107,113,411,21,227,54,4.56,1
9781,Kozah,Kara,2020,283738,68.34,17,8,78,377,65.58,394,49,546,273,1071,12,3.96,0
9782,Oti,Savanes,2020,123324,90.37,25,46,198,586,88.86,296,26,492,65,1103,67,3.1,0
9783,Tône,Savanes,2020,388775,83.75,14,48,64,486,67.91,389,31,1332,27,571,58,4.16,0
9784,Bas-Mono,Maritime,2023,95380,59.64,18,84,89,299,50.79,400,65,5658,265,544,72,3.75,1
9785,Haho,Plateaux,2022,305096,61.63,17,15,152,511,62.19,222,103,2661,62,1944,8,2.66,1
9786,Kpendjal-Ouest,Savanes,2023,120285,49.61,11,41,166,497,62.7,187,85,4096,53,161,39,4.59,1
9787,Oti-Sud,Savanes,2022,150806,92.68,30,14,228,50,56.63,99,41,2932,227,800,72,2.86,0
9788,Mô,Centrale,2020,52448,88.3,13,42,166,199,66.29,150,80,1248,123,816,77,3.13,0
9789,Dankpen,Kara,2023,184632,78.06,10,96,239,312,65.26,187,48,663,264,1336,62,2.94,0
9790,Est-Mono,Plateaux,2022,164460,77.78,14,56,245,385,94.45,204,89,1049,3,1910,7,4.79,1
9791,Agou,Plateaux,2020,85793,45.78,16,8,259,576,82.05,196,74,1420,203,1662,39,2.89,1
9792,Kpélé,Plateaux,2022,81620,63.92,11,100,164,404,58.02,175,90,3490,0,599,6,4.32,1
9793,Agoè-Nyivé,Maritime,2020,882695,76.26,16,20,26,421,67.52,347,58,2109,33,1899,33,3.3,0
9794,Oti-Sud,Savanes,2021,150806,41.97,27,79,166,575,80.85,81,117,5825,211,1384,14,4.36,1
9795,Amou,Plateaux,2022,110948,85.54,23,49,155,64,70.4,293,24,3227,78,150,61,2.87,0
9796,Tône,Savanes,2022,388775,44.87,19,50,231,264,55.2,337,75,1825,78,1645,78,3.34,1
9797,Cinkassé,Savanes,2020,173987,79.2,23,55,27,550,53.27,84,97,5432,122,1322,16,3.9,1
9798,Kozah,Kara,2022,283738,94.75,25,73,219,374,79.89,174,65,1120,171,1760,56,4.74,0
9799,Blitta,Centrale,2020,218753,65.73,18,19,150,84,86.48,124,40,2283,74,156,1,4.38,0
9800,Anié,Plateaux,2021,177188,60.27,24,13,280,591,53.47,112,51,3629,138,67,6,4.73,0
9801,Est-Mono,Plateaux,2021,164460,50.16,26,11,33,369,79.08,304,60,3814,251,1102,34,3.4,1
9802,Agoè-Nyivé,Maritime,2022,882695,55.83,8,41,152,254,74.7,242,25,2949,140,753,26,3.99,1
9803,Tchamba,Centrale,2021,200585,48.17,16,8,94,54,91.05,365,70,2407,276,1988,37,3.79,1
9804,Est-Mono,Plateaux,2021,164460,44.97,17,32,219,478,86.61,73,42,3323,95,1086,22,4.54,1
9805,Cinkassé,Savanes,2023,173987,89.29,9,51,272,494,89.52,194,108,4507,107,156,42,3.62,1
9806,Est-Mono,Plateaux,2023,164460,45.76,11,57,213,531,68.05,228,93,1257,74,1151,52,2.58,1
9807,Danyi,Plateaux,2021,40240,45.1,22,81,240,553,72.9,304,52,4149,23,88,34,3.75,1
9808,Mô,Centrale,2020,52448,79.86,13,49,29,265,97.29,366,30,821,229,65,57,4.13,0
9809,Dankpen,Kara,2022,184632,70.35,8,73,175,59,61.59,64,62,3559,297,1246,22,2.54,0
9810,Assoli,Kara,2021,66492,59.5,4,42,163,269,56.97,128,119,2107,196,409,33,3.11,1
9811,Lacs,Maritime,2023,241207,92.41,30,44,228,598,73.33,143,118,4196,160,1038,32,2.63,1
9812,Akébou,Plateaux,2021,73188,78.97,17,19,223,73,57.59,67,102,4712,113,549,20,4.4,1
9813,Assoli,Kara,2023,66492,58.73,29,34,204,168,59.6,86,92,5697,149,122,34,3.32,1
9814,Akébou,Plateaux,2021,73188,57.76,30,52,161,441,95.57,169,76,1001,186,227,47,4.37,1
9815,Cinkassé,Savanes,2020,173987,41.78,22,72,162,142,58.5,261,37,1586,24,426,38,4.33,1
9816,Doufelgou,Kara,2020,87588,73.55,6,82,108,512,76.76,348,117,3711,42,419,28,4.8,1
9817,Bassar,Kara,2022,152038,77.18,26,92,142,427,65.3,162,85,5011,269,24,13,4.5,1
9818,Amou,Plateaux,2023,110948,45.81,23,86,288,530,96.94,197,62,837,78,1544,20,4.73,1
9819,Zio,Maritime,2021,500032,57.4,25,37,222,553,85.4,277,92,5950,74,662,51,3.61,1
9820,Blitta,Centrale,2022,218753,93.63,16,20,274,329,94.86,123,45,1787,276,1973,14,2.51,0
9821,Tchaoudjo,Centrale,2022,240360,93.28,18,67,229,314,81.25,371,104,5632,161,1372,4,4.63,1
9822,Kloto,Plateaux,2022,145985,84.12,13,6,29,102,57.25,185,72,3910,112,687,26,4.03,0
9823,Oti,Savanes,2023,123324,42.11,17,19,52,359,94.67,333,57,4591,230,290,9,3.56,1
9824,Tchamba,Centrale,2020,200585,59.63,11,21,276,106,80.96,110,42,316,84,1841,48,4.31,1
9825,Kozah,Kara,2023,283738,47.94,10,34,199,592,83.64,307,42,2080,187,1258,62,3.0,1
9826,Oti-Sud,Savanes,2022,150806,60.96,8,68,291,106,79.86,119,53,3829,75,1203,16,3.39,0
9827,Bas-Mono,Maritime,2022,95380,44.64,7,44,164,416,96.09,351,95,3236,20,1432,42,4.56,1
9828,Kpendjal-Ouest,Savanes,2020,120285,79.48,8,44,217,93,89.43,315,45,1076,264,1341,59,3.85,0
9829,Anié,Plateaux,2022,177188,58.07,4,28,138,347,90.9,286,87,4700,77,1486,49,4.32,1
9830,Doufelgou,Kara,2020,87588,84.37,28,41,183,373,54.33,187,106,4752,254,550,17,3.18,1
9831,Blitta,Centrale,2020,218753,80.01,14,84,241,246,82.0,238,112,318,229,250,73,3.14,1
9832,Anié,Plateaux,2021,177188,83.06,4,97,193,248,58.13,202,105,1233,19,815,48,2.9,1
9833,Tchaoudjo,Centrale,2023,240360,89.46,13,95,190,216,83.04,129,92,3444,201,1638,43,3.17,1
9834,Oti,Savanes,2021,123324,50.83,4,45,170,307,92.99,330,115,592,220,842,48,3.82,1
9835,Ogou,Plateaux,2022,253467,94.19,20,65,261,484,72.94,328,98,3576,210,51,23,4.31,1
9836,Tchaoudjo,Centrale,2023,240360,54.75,17,99,131,312,63.18,121,37,2130,81,1518,3,3.17,1
9837,Kozah,Kara,2020,283738,68.09,16,62,139,404,88.17,345,120,4893,282,880,11,2.71,1
9838,Oti-Sud,Savanes,2023,150806,80.18,6,21,294,452,78.41,227,95,3152,277,0,56,3.67,1
9839,Assoli,Kara,2021,66492,84.4,5,73,52,295,90.84,241,101,3989,150,1422,32,3.12,1
9840,Blitta,Centrale,2023,218753,79.32,18,11,98,144,78.81,365,113,1784,261,6,33,3.33,1
9841,Tchamba,Centrale,2021,200585,91.37,10,23,262,431,54.83,322,107,646,186,1234,74,4.17,1
9842,Haho,Plateaux,2021,305096,61.53,13,18,202,119,83.77,344,30,4888,112,115,17,4.36,1
9843,Agou,Plateaux,2023,85793,93.39,2,41,197,375,76.99,287,62,3630,224,1009,1,2.52,0
9844,Wawa,Plateaux,2020,101300,65.24,12,36,45,480,72.76,186,67,468,266,107,74,4.27,0
9845,Kloto,Plateaux,2021,145985,48.06,2,85,293,239,93.82,192,108,4910,115,1188,51,4.39,1
9846,Oti,Savanes,2021,123324,42.13,11,81,148,123,73.75,353,94,4301,105,1575,60,4.15,1
9847,Wawa,Plateaux,2023,101300,64.11,11,37,149,334,70.66,388,59,625,189,1855,67,2.58,0
9848,Tandjoaré,Savanes,2023,35537,45.67,15,65,98,112,68.47,343,63,4254,28,1390,36,4.12,1
9849,Kloto,Plateaux,2022,145985,92.51,17,45,75,473,83.82,365,52,3226,115,1447,25,2.97,0
9850,Oti-Sud,Savanes,2020,150806,52.69,7,84,254,567,73.49,235,114,4939,233,1888,15,3.79,1
9851,Blitta,Centrale,2023,218753,74.02,19,41,244,111,63.6,296,46,584,172,1231,6,3.54,0
9852,Kpendjal-Ouest,Savanes,2020,120285,75.94,21,73,42,166,77.52,231,81,425,95,1677,70,3.61,1
9853,Kpendjal,Savanes,2023,150806,57.35,6,49,118,249,64.78,297,96,1433,45,356,80,3.15,1
9854,Doufelgou,Kara,2020,87588,87.16,20,96,276,291,63.24,56,100,1588,93,1355,28,3.32,1
9855,Golfe,Maritime,2022,1305681,54.8,2,41,182,598,73.27,236,88,5497,257,1436,22,3.11,1
9856,Dankpen,Kara,2023,184632,78.21,17,34,60,297,63.73,229,91,2406,121,1046,30,3.31,1
9857,Mô,Centrale,2023,52448,72.95,7,81,238,229,67.01,353,88,5768,254,134,6,4.28,1
9858,Oti,Savanes,2023,123324,84.13,26,71,53,201,81.03,396,82,5810,13,1429,74,3.7,1
9859,Est-Mono,Plateaux,2020,164460,55.21,22,83,165,419,65.74,218,82,3549,202,1614,24,4.47,1
9860,Doufelgou,Kara,2021,87588,68.56,30,5,207,357,59.59,298,52,4491,42,317,1,3.68,1
9861,Danyi,Plateaux,2020,40240,55.65,21,70,242,191,70.75,117,45,3676,80,762,69,4.79,1
9862,Kéran,Kara,2021,123138,69.41,9,11,220,112,79.34,105,108,2226,169,218,74,2.71,1
9863,Tône,Savanes,2023,388775,67.0,10,52,196,371,70.51,238,80,1816,288,1309,44,3.99,0
9864,Tchaoudjo,Centrale,2021,240360,45.7,18,31,139,401,51.01,306,107,3017,56,998,21,4.12,1
9865,Amou,Plateaux,2022,110948,64.31,5,13,289,476,62.91,161,45,1046,191,1380,34,2.51,0
9866,Amou,Plateaux,2020,110948,90.51,3,30,222,501,53.0,207,36,582,139,1865,48,2.85,0
9867,Dankpen,Kara,2022,184632,87.91,19,13,217,173,51.51,243,106,4957,33,1856,27,3.77,1
9868,Blitta,Centrale,2022,218753,42.74,2,5,113,464,68.15,317,64,3377,185,1734,54,4.73,1
9869,Yoto,Maritime,2021,174451,57.4,12,21,63,461,87.65,151,24,1149,134,1332,24,4.59,1
9870,Kpélé,Plateaux,2021,81620,45.73,18,60,139,144,68.92,386,41,5781,237,222,60,2.77,1
9871,Binah,Kara,2023,84739,82.0,21,89,125,287,96.65,365,80,4892,124,1797,42,2.75,1
9872,Lacs,Maritime,2020,241207,49.03,22,21,218,230,92.86,321,96,1842,275,582,6,4.77,1
9873,Vo,Maritime,2022,224411,80.33,22,70,33,377,93.15,122,43,5855,140,1495,34,3.59,1
9874,Blitta,Centrale,2021,218753,69.83,27,76,217,421,75.15,289,70,2767,115,1538,74,2.79,0
9875,Oti,Savanes,2022,123324,75.38,30,48,274,375,61.73,273,108,621,194,377,50,4.11,1
9876,Tchaoudjo,Centrale,2022,240360,49.16,30,75,266,78,54.12,299,49,2553,132,741,57,4.2,1
9877,Haho,Plateaux,2022,305096,73.82,14,57,242,373,93.36,62,38,1943,130,1045,75,3.26,0
9878,Kéran,Kara,2021,123138,59.5,19,85,252,186,83.18,232,96,5069,70,1134,31,3.04,1
9879,Oti,Savanes,2023,123324,73.91,30,34,244,528,61.7,115,53,5705,279,904,1,3.67,1
9880,Kpélé,Plateaux,2022,81620,55.56,23,11,252,570,86.99,154,63,5532,135,1231,58,4.2,1
9881,Tandjoaré,Savanes,2023,35537,40.99,7,35,55,451,91.74,89,117,3410,285,863,80,2.55,1
9882,Kloto,Plateaux,2021,145985,80.8,8,9,206,182,58.96,157,100,315,229,653,23,2.55,1
9883,Assoli,Kara,2020,66492,49.99,8,59,286,530,76.9,166,117,459,105,1349,31,4.73,1
9884,Sotouboua,Centrale,2023,141404,69.53,29,33,70,508,91.94,78,50,4090,40,761,11,3.6,1
9885,Kloto,Plateaux,2021,145985,57.11,11,12,298,405,67.3,388,73,3487,181,1639,22,3.13,1
9886,Tchamba,Centrale,2020,200585,68.44,3,66,96,208,71.75,80,23,2999,92,467,39,2.58,0
9887,Agoè-Nyivé,Maritime,2021,882695,73.02,15,68,27,150,70.88,213,26,5943,300,159,41,3.07,1
9888,Kpélé,Plateaux,2023,81620,69.89,15,73,116,377,78.76,249,27,1033,252,906,27,2.95,0
9889,Tchaoudjo,Centrale,2023,240360,68.51,3,60,32,583,72.65,75,111,3145,142,502,43,2.76,1
9890,Bassar,Kara,2021,152038,58.42,15,67,120,285,72.59,289,52,2995,52,1713,74,3.19,1
9891,Tône,Savanes,2020,388775,46.64,6,58,169,532,97.65,135,35,2019,204,1918,30,3.31,1
9892,Doufelgou,Kara,2020,87588,73.97,13,37,75,158,96.1,175,75,4927,261,1847,15,4.35,1
9893,Doufelgou,Kara,2023,87588,61.07,5,34,283,184,69.51,100,20,1019,282,1891,23,4.17,0
9894,Golfe,Maritime,2023,1305681,79.13,12,35,159,201,62.75,243,35,4796,34,1788,68,4.71,1
9895,Tandjoaré,Savanes,2023,35537,67.86,5,41,270,365,52.33,144,93,3780,210,685,25,3.07,1
9896,Tchaoudjo,Centrale,2022,240360,47.16,30,81,190,131,79.65,332,69,1713,246,1688,73,3.89,1
9897,Kpélé,Plateaux,2022,81620,42.3,20,98,125,582,63.29,54,94,3201,99,1415,27,2.77,1
9898,Akébou,Plateaux,2021,73188,71.46,28,93,176,145,71.57,386,115,2248,138,1306,37,4.15,1
9899,Cinkassé,Savanes,2020,173987,79.72,14,80,172,278,54.79,109,99,1693,129,428,28,3.46,1
9900,Kpendjal-Ouest,Savanes,2022,120285,50.71,8,71,203,506,68.35,290,115,1071,127,610,62,4.74,1
9901,Binah,Kara,2020,84739,70.86,19,40,243,268,72.9,330,97,5270,116,561,54,3.8,1
9902,Oti-Sud,Savanes,2023,150806,68.25,24,33,39,323,91.32,70,31,5770,288,1441,52,4.7,1
9903,Tchamba,Centrale,2020,200585,64.82,3,33,69,463,51.11,226,37,3565,15,663,1,3.81,0
9904,Golfe,Maritime,2022,1305681,42.62,12,38,69,136,69.04,96,105,1393,176,765,61,3.28,1
9905,Est-Mono,Plateaux,2020,164460,78.02,14,27,168,339,81.29,178,41,4885,31,1240,34,4.19,1
9906,Lacs,Maritime,2021,241207,63.23,12,16,237,73,80.58,207,114,474,281,1701,3,2.62,1
9907,Lacs,Maritime,2023,241207,82.67,27,83,99,301,63.98,386,45,3067,248,1627,80,4.51,0
9908,Binah,Kara,2020,84739,78.92,11,55,42,217,93.82,365,106,2442,245,492,72,4.67,1
9909,Binah,Kara,2020,84739,58.67,21,68,246,56,95.91,117,29,5262,52,1242,56,4.32,1
9910,Avé,Maritime,2021,111214,93.08,25,85,235,190,53.9,155,109,2669,211,1866,26,4.17,1
9911,Kéran,Kara,2023,123138,63.87,29,48,279,314,83.5,400,24,5286,177,536,35,3.25,1
9912,Lacs,Maritime,2021,241207,76.73,2,24,157,537,95.06,129,55,4366,233,223,55,4.31,1
9913,Kloto,Plateaux,2022,145985,81.35,6,31,110,208,94.07,295,29,3449,82,1404,55,2.9,0
9914,Est-Mono,Plateaux,2023,164460,65.52,27,91,208,101,77.15,111,97,812,279,653,49,4.08,1
9915,Kpendjal,Savanes,2021,150806,75.67,28,6,142,460,85.48,295,76,2545,123,385,28,3.43,0
9916,Moyen-Mono,Plateaux,2023,90505,76.81,18,47,91,57,72.55,183,46,4948,255,1638,41,4.03,1
9917,Est-Mono,Plateaux,2023,164460,42.87,20,19,54,62,80.32,343,118,1571,164,399,43,3.34,1
9918,Dankpen,Kara,2021,184632,52.03,11,29,207,380,84.83,202,32,4152,85,1880,74,4.28,1
9919,Kpendjal-Ouest,Savanes,2021,120285,61.1,13,78,267,420,62.11,66,45,3590,222,396,59,4.04,0
9920,Danyi,Plateaux,2020,40240,66.59,29,18,157,596,76.78,314,57,3899,32,1521,67,3.14,0
9921,Wawa,Plateaux,2022,101300,67.22,12,86,159,496,58.4,54,21,2659,285,1128,14,3.94,0
9922,Bassar,Kara,2020,152038,70.78,10,85,275,176,79.08,357,88,1633,147,1048,52,3.13,1
9923,Golfe,Maritime,2022,1305681,73.35,27,62,24,544,84.24,324,97,447,248,473,47,3.85,1
9924,Oti,Savanes,2022,123324,57.85,10,85,287,168,72.49,234,108,5853,26,1597,18,4.08,1
9925,Est-Mono,Plateaux,2020,164460,85.57,18,91,178,65,62.76,333,55,1587,210,412,46,3.98,0
9926,Golfe,Maritime,2023,1305681,64.96,6,96,137,295,63.9,50,52,1186,86,1856,77,3.32,0
9927,Tône,Savanes,2021,388775,87.48,19,48,170,331,51.81,118,108,3701,14,346,8,3.02,1
9928,Tône,Savanes,2020,388775,46.94,23,34,102,113,58.21,376,68,5839,110,1878,47,3.41,1
9929,Danyi,Plateaux,2023,40240,63.14,7,10,278,204,70.38,234,34,3193,131,1402,67,4.62,0
9930,Mô,Centrale,2022,52448,55.33,2,76,265,123,63.19,110,101,3012,183,368,26,2.9,1
9931,Dankpen,Kara,2020,184632,86.02,29,11,93,288,86.39,132,100,5799,252,1834,59,4.24,1
9932,Kpendjal,Savanes,2023,150806,90.34,28,25,54,307,94.36,387,105,2360,165,246,12,3.91,1
9933,Blitta,Centrale,2020,218753,58.33,4,96,249,128,61.96,94,38,3459,258,155,28,2.77,1
9934,Avé,Maritime,2022,111214,75.02,14,74,249,269,53.89,286,27,4559,295,392,76,4.78,1
9935,Lacs,Maritime,2023,241207,45.12,18,40,57,156,89.09,80,23,2327,212,710,54,2.9,1
9936,Avé,Maritime,2022,111214,68.41,15,14,290,204,53.69,149,120,5459,88,455,80,3.47,1
9937,Assoli,Kara,2022,66492,92.05,14,10,202,51,55.88,167,47,2646,182,1420,33,3.3,0
9938,Kéran,Kara,2020,123138,73.87,6,100,133,232,58.61,359,87,891,20,155,10,4.76,1
9939,Zio,Maritime,2020,500032,85.06,23,24,300,253,52.93,131,58,1989,199,288,48,4.38,0
9940,Kloto,Plateaux,2021,145985,87.98,17,91,100,261,92.8,85,84,2290,103,230,3,2.97,1
9941,Akébou,Plateaux,2022,73188,72.37,25,88,160,54,79.82,305,97,5808,98,1711,26,2.96,1
9942,Kpendjal,Savanes,2021,150806,40.81,3,87,275,376,86.8,269,35,907,25,553,28,3.93,1
9943,Tandjoaré,Savanes,2020,35537,59.68,6,56,159,263,82.04,104,99,748,231,714,73,2.89,1
9944,Agoè-Nyivé,Maritime,2022,882695,58.13,14,60,275,486,87.03,334,60,4973,181,1547,7,3.28,1
9945,Bassar,Kara,2020,152038,41.61,19,66,92,247,81.73,267,106,3830,236,474,28,2.76,1
9946,Avé,Maritime,2021,111214,61.0,9,62,179,255,91.32,278,47,952,195,1149,12,4.25,0
9947,Sotouboua,Centrale,2022,141404,61.36,22,82,52,562,81.99,330,62,2255,210,570,75,3.25,0
9948,Akébou,Plateaux,2022,73188,45.62,7,96,293,463,85.72,115,92,948,209,255,41,4.7,1
9949,Avé,Maritime,2020,111214,77.31,9,55,173,401,85.21,368,35,5429,158,51,2,3.55,1
9950,Kpélé,Plateaux,2021,81620,45.63,7,61,53,368,93.56,88,54,4071,204,138,48,3.63,1
9951,Zio,Maritime,2020,500032,46.24,2,85,183,236,66.47,180,116,1332,116,172,68,3.27,1
9952,Tône,Savanes,2023,388775,61.98,3,52,178,439,76.41,250,82,4392,23,1983,54,2.97,1
9953,Est-Mono,Plateaux,2022,164460,46.44,5,9,25,263,55.36,239,60,5910,275,95,30,2.68,1
9954,Est-Mono,Plateaux,2020,164460,89.16,13,29,125,209,75.95,182,101,897,137,1491,33,2.81,1
9955,Bas-Mono,Maritime,2023,95380,44.15,14,8,243,79,84.04,220,34,2345,4,748,1,2.7,1
9956,Yoto,Maritime,2023,174451,87.47,3,30,80,390,79.52,275,100,1558,140,91,51,2.83,1
9957,Assoli,Kara,2021,66492,45.12,3,31,159,417,59.57,55,31,681,234,399,7,4.34,1
9958,Agoè-Nyivé,Maritime,2020,882695,62.42,13,23,292,229,90.66,177,27,3642,240,1092,52,4.7,0
9959,Lacs,Maritime,2022,241207,93.23,15,73,224,327,58.31,330,110,2747,184,556,57,4.53,1
9960,Tchamba,Centrale,2021,200585,67.68,19,19,30,366,50.18,283,66,3209,293,211,20,4.8,0
9961,Agoè-Nyivé,Maritime,2021,882695,56.97,23,10,200,211,90.44,281,115,356,35,1432,53,3.7,1
9962,Golfe,Maritime,2021,1305681,73.32,19,48,224,392,95.29,347,40,4792,55,1118,7,4.62,1
9963,Oti-Sud,Savanes,2023,150806,82.46,21,60,108,169,55.88,64,34,3959,260,637,69,2.54,0
9964,Kpélé,Plateaux,2020,81620,44.56,18,92,233,110,71.99,240,96,4737,59,991,0,2.67,1
9965,Haho,Plateaux,2021,305096,78.99,27,29,169,162,87.16,289,69,3648,10,1239,51,3.45,0
9966,Kloto,Plateaux,2020,145985,62.68,10,87,282,465,52.45,321,108,2899,196,708,28,4.06,1
9967,Golfe,Maritime,2021,1305681,49.58,30,42,278,295,59.69,129,85,2117,0,1625,78,3.89,1
9968,Cinkassé,Savanes,2020,173987,50.28,14,53,95,562,52.89,139,74,2165,81,1453,70,4.17,1
9969,Tchamba,Centrale,2021,200585,42.85,6,13,171,175,94.83,278,102,4136,236,573,70,3.84,1
9970,Sotouboua,Centrale,2020,141404,55.11,4,64,169,527,83.22,221,73,5165,239,1911,80,2.75,1
9971,Wawa,Plateaux,2021,101300,73.63,5,69,247,584,64.51,374,102,2371,31,1114,1,2.67,1
9972,Zio,Maritime,2021,500032,87.4,26,70,267,270,71.47,63,23,677,98,345,44,4.67,0
9973,Moyen-Mono,Plateaux,2021,90505,67.6,5,42,49,338,66.53,304,93,942,128,48,40,3.58,1
9974,Tchaoudjo,Centrale,2021,240360,53.04,30,12,223,366,62.47,313,62,3846,239,1843,27,4.35,1
9975,Haho,Plateaux,2020,305096,87.43,11,12,158,558,53.97,180,91,4448,33,885,39,3.36,1
9976,Danyi,Plateaux,2022,40240,57.01,20,41,196,561,51.75,173,104,5092,53,1835,54,3.42,1
9977,Lacs,Maritime,2020,241207,80.9,19,60,44,487,69.69,230,67,1597,231,309,64,4.28,0
9978,Tchaoudjo,Centrale,2022,240360,89.09,11,24,130,304,84.11,260,69,1038,136,1150,7,4.22,0
9979,Moyen-Mono,Plateaux,2023,90505,70.17,26,94,282,486,54.53,73,120,3340,290,1927,41,3.08,1
9980,Kloto,Plateaux,2021,145985,92.53,25,20,143,528,61.26,332,71,3474,125,1060,72,3.03,0
9981,Bas-Mono,Maritime,2020,95380,86.18,4,19,161,133,59.1,78,102,4900,284,186,45,4.4,1
9982,Golfe,Maritime,2021,1305681,46.26,16,54,189,396,62.94,344,38,5659,154,1026,29,4.71,1
9983,Doufelgou,Kara,2023,87588,61.6,28,70,80,139,92.61,389,93,4736,262,1446,71,4.67,1
9984,Lacs,Maritime,2023,241207,75.71,6,95,122,238,61.54,309,109,2050,241,1830,69,4.03,1
9985,Kozah,Kara,2021,283738,69.11,9,27,285,230,63.59,225,108,5636,241,189,70,3.21,1
9986,Amou,Plateaux,2021,110948,47.46,5,13,172,322,72.01,111,25,718,189,1185,21,2.52,1
9987,Agoè-Nyivé,Maritime,2021,882695,69.58,11,86,68,492,67.39,104,65,606,64,1477,74,3.01,0
9988,Golfe,Maritime,2020,1305681,90.1,22,9,183,80,71.82,253,56,3195,223,1141,65,3.27,0
9989,Ogou,Plateaux,2023,253467,79.23,9,99,35,422,62.8,283,80,4733,4,1998,67,3.96,1
9990,Moyen-Mono,Plateaux,2022,90505,86.35,10,83,172,98,64.42,158,38,808,36,639,72,3.51,0
9991,Cinkassé,Savanes,2022,173987,46.17,18,26,91,483,65.2,380,85,1300,106,661,26,3.74,1
9992,Mô,Centrale,2022,52448,56.32,27,43,300,512,82.25,395,108,5182,46,749,36,3.45,1
9993,Anié,Plateaux,2022,177188,86.21,2,43,270,276,87.42,182,108,4886,91,1115,19,3.94,1
9994,Tône,Savanes,2020,388775,57.58,24,85,44,194,83.67,116,61,2683,17,1086,42,2.73,1
9995,Doufelgou,Kara,2022,87588,54.27,25,96,298,368,56.8,112,51,1089,240,1088,31,4.53,1
9996,Bassar,Kara,2020,152038,88.46,6,56,185,496,74.7,196,95,222,28,1764,27,4.54,1
9997,Kozah,Kara,2022,283738,89.8,11,96,80,394,67.29,170,83,5168,55,1165,48,3.94,1
9998,Tchamba,Centrale,2020,200585,70.87,11,72,95,485,90.17,55,29,593,26,269,52,3.55,0
9999,Golfe,Maritime,2021,1305681,80.47,5,28,120,277,73.82,208,71,3317,272,1738,54,2.51,0
10000,Bas-Mono,Maritime,2022,95380,54.76,17,36,181,460,93.64,163,29,522,58,1823,36,3.4,1
